latitude,longitude,brightness,scan,track,acq_date,acq_time,satellite,instrument,confidence,version,bright_t31,frp,daynight
47.86303,-53.17181,309.91,1.08,1.04,2025-08-10,0003,Terra,MODIS,27,6.1NRT,290.04,9.95,N
47.88311,-53.10654,346.69,1.07,1.03,2025-08-10,0003,Terra,MODIS,100,6.1NRT,292.49,62.45,N
47.88089,-53.12024,321.27,1.07,1.03,2025-08-10,0003,Terra,MODIS,100,6.1NRT,291.89,21.13,N
47.87866,-53.13395,342.95,1.08,1.04,2025-08-10,0003,Terra,MODIS,100,6.1NRT,292.67,53.75,N
47.82706,-53.10958,339.87,1.08,1.04,2025-08-10,0003,Terra,MODIS,100,6.1NRT,290.51,49.7,N
47.82041,-53.15073,310,1.08,1.04,2025-08-10,0003,Terra,MODIS,69,6.1NRT,290.64,10.26,N
47.87864,-53.07584,310.42,1.07,1.03,2025-08-10,0003,Terra,MODIS,71,6.1NRT,290.61,11.08,N
47.87641,-53.08956,351.6,1.07,1.03,2025-08-10,0003,Terra,MODIS,100,6.1NRT,298.23,72.47,N
47.8742,-53.10321,367.72,1.07,1.03,2025-08-10,0003,Terra,MODIS,100,6.1NRT,300.52,120.05,N
47.87197,-53.11691,359.99,1.07,1.03,2025-08-10,0003,Terra,MODIS,100,6.1NRT,298.64,94.52,N
47.86526,-53.15813,357.79,1.08,1.04,2025-08-10,0003,Terra,MODIS,100,6.1NRT,297.94,89.06,N
47.81594,-53.17832,318.98,1.08,1.04,2025-08-10,0003,Terra,MODIS,65,6.1NRT,291.37,17.73,N
47.81372,-53.19205,317.98,1.08,1.04,2025-08-10,0003,Terra,MODIS,85,6.1NRT,290.18,17.44,N
47.8227,-53.18654,318.14,1.08,1.04,2025-08-10,0003,Terra,MODIS,95,6.1NRT,291.49,17.9,N
47.82044,-53.20028,307.51,1.08,1.04,2025-08-10,0003,Terra,MODIS,47,6.1NRT,289.49,8.87,N
47.81366,-53.13391,328.03,1.08,1.04,2025-08-10,0003,Terra,MODIS,100,6.1NRT,290.39,31.72,N
47.83168,-53.18958,330.92,1.08,1.04,2025-08-10,0003,Terra,MODIS,100,6.1NRT,294.39,32.57,N
47.82942,-53.20338,324.68,1.08,1.04,2025-08-10,0003,Terra,MODIS,99,6.1NRT,291.25,24.45,N
47.84288,-53.17912,330,1.08,1.04,2025-08-10,0003,Terra,MODIS,84,6.1NRT,294.02,29.69,N
47.84064,-53.19281,318.98,1.08,1.04,2025-08-10,0003,Terra,MODIS,37,6.1NRT,290.64,16.72,N
47.86304,-53.11365,321.79,1.07,1.03,2025-08-10,0003,Terra,MODIS,83,6.1NRT,294.04,20.1,N
47.86082,-53.1273,319.77,1.08,1.04,2025-08-10,0003,Terra,MODIS,77,6.1NRT,292.35,18.08,N
47.85631,-53.15495,334.68,1.08,1.04,2025-08-10,0003,Terra,MODIS,100,6.1NRT,295.4,37.24,N
47.85407,-53.16865,352.48,1.08,1.04,2025-08-10,0003,Terra,MODIS,100,6.1NRT,297.05,73.27,N
47.85184,-53.18229,327.52,1.08,1.04,2025-08-10,0003,Terra,MODIS,99,6.1NRT,290.77,26.89,N
47.16618,-65.42757,312.32,2.33,1.48,2025-08-10,0141,Terra,MODIS,85,6.1NRT,293.04,34.59,N
45.88744,-67.59266,310.58,1.71,1.28,2025-08-10,0141,Terra,MODIS,80,6.1NRT,289.83,21.75,N
47.1531,-65.42583,312.37,2.33,1.48,2025-08-10,0141,Terra,MODIS,85,6.1NRT,292.61,34.94,N
47.15138,-65.4562,303.11,2.32,1.47,2025-08-10,0141,Terra,MODIS,53,6.1NRT,292.09,13.93,N
42.80647,-80.10929,301.1,1.67,1.27,2025-08-10,0141,Terra,MODIS,38,6.1NRT,290.69,8.49,N
55.33934,-109.38431,336.14,1.33,1.14,2025-08-10,0323,Terra,MODIS,100,6.1NRT,281.8,56.71,N
56.51251,-102.11146,307.03,1.03,1.01,2025-08-10,0323,Terra,MODIS,31,6.1NRT,283.07,9.69,N
56.4569,-102.54327,312.14,1.02,1.01,2025-08-10,0323,Terra,MODIS,39,6.1NRT,280.57,12.75,N
56.47224,-102.56668,313.52,1.01,1.01,2025-08-10,0323,Terra,MODIS,87,6.1NRT,280.77,14.32,N
56.47017,-102.58254,328.33,1.01,1.01,2025-08-10,0323,Terra,MODIS,100,6.1NRT,283.46,29.09,N
56.48328,-102.56045,314.44,1.02,1.01,2025-08-10,0323,Terra,MODIS,89,6.1NRT,280.32,16.14,N
56.48121,-102.57632,315.2,1.01,1.01,2025-08-10,0323,Terra,MODIS,66,6.1NRT,281.73,15.36,N
56.47915,-102.59218,312.61,1.01,1.01,2025-08-10,0323,Terra,MODIS,85,6.1NRT,281.14,13.74,N
56.48371,-102.62776,326.78,1.01,1.01,2025-08-10,0323,Terra,MODIS,100,6.1NRT,283.03,27.4,N
56.49449,-102.61564,302.53,1.01,1.01,2025-08-10,0323,Terra,MODIS,18,6.1NRT,280.42,6.8,N
56.49242,-102.63152,312.43,1.01,1.01,2025-08-10,0323,Terra,MODIS,85,6.1NRT,279.47,13.82,N
56.50528,-102.6035,302.67,1.01,1.01,2025-08-10,0323,Terra,MODIS,35,6.1NRT,281.28,7.16,N
56.60148,-102.0695,313.23,1.03,1.01,2025-08-10,0323,Terra,MODIS,87,6.1NRT,281.92,15.19,N
56.26596,-104.51955,340.58,1,1,2025-08-10,0323,Terra,MODIS,100,6.1NRT,295.71,45.85,N
56.26367,-104.53506,341.52,1,1,2025-08-10,0323,Terra,MODIS,100,6.1NRT,295.04,47.51,N
56.21722,-104.84582,312.22,1.01,1,2025-08-10,0323,Terra,MODIS,84,6.1NRT,287.56,11.99,N
56.21487,-104.86136,311.64,1.01,1,2025-08-10,0323,Terra,MODIS,83,6.1NRT,287.82,12.09,N
56.21252,-104.87691,302.12,1.01,1.01,2025-08-10,0323,Terra,MODIS,47,6.1NRT,287.82,5.9,N
56.27457,-104.52375,320.66,1,1,2025-08-10,0323,Terra,MODIS,100,6.1NRT,290.88,19.44,N
56.27227,-104.53928,330.56,1,1,2025-08-10,0323,Terra,MODIS,100,6.1NRT,291.42,30.86,N
56.25243,-104.79629,315.76,1.01,1,2025-08-10,0323,Terra,MODIS,92,6.1NRT,287.24,15.76,N
56.68214,-102.0928,312.63,1.03,1.01,2025-08-10,0323,Terra,MODIS,48,6.1NRT,277.11,13.86,N
56.63282,-102.47971,360.76,1.02,1.01,2025-08-10,0323,Terra,MODIS,100,6.1NRT,298.05,0,N
56.65649,-102.43922,335.05,1.02,1.01,2025-08-10,0323,Terra,MODIS,94,6.1NRT,291.43,37.46,N
56.70853,-102.10384,319.26,1.03,1.01,2025-08-10,0323,Terra,MODIS,57,6.1NRT,279.69,18.7,N
56.70443,-102.13626,314.39,1.03,1.01,2025-08-10,0323,Terra,MODIS,24,6.1NRT,279.77,14.62,N
56.66729,-102.42698,329.95,1.02,1.01,2025-08-10,0323,Terra,MODIS,53,6.1NRT,288.24,28.84,N
56.71732,-102.10752,319.78,1.03,1.01,2025-08-10,0323,Terra,MODIS,20,6.1NRT,281.44,18.55,N
56.68433,-102.36635,310.83,1.02,1.01,2025-08-10,0323,Terra,MODIS,81,6.1NRT,284.45,11.72,N
56.67604,-102.43069,324.24,1.02,1.01,2025-08-10,0323,Terra,MODIS,0,6.1NRT,287.25,20.57,N
56.67397,-102.44673,309.01,1.02,1.01,2025-08-10,0323,Terra,MODIS,74,6.1NRT,284.67,11.21,N
56.72565,-102.11671,334.15,1.03,1.01,2025-08-10,0323,Terra,MODIS,100,6.1NRT,286.38,37.88,N
56.69501,-102.35957,319.65,1.02,1.01,2025-08-10,0323,Terra,MODIS,53,6.1NRT,286.74,18.8,N
56.69297,-102.37567,326.76,1.02,1.01,2025-08-10,0323,Terra,MODIS,52,6.1NRT,285.89,25.65,N
56.6868,-102.424,339.76,1.02,1.01,2025-08-10,0323,Terra,MODIS,100,6.1NRT,290.29,0,N
56.68475,-102.44004,347.32,1.02,1.01,2025-08-10,0323,Terra,MODIS,100,6.1NRT,293.13,0,N
56.6976,-102.41164,332.35,1.02,1.01,2025-08-10,0323,Terra,MODIS,44,6.1NRT,285.88,31.53,N
56.69555,-102.42772,321.91,1.02,1.01,2025-08-10,0323,Terra,MODIS,0,6.1NRT,284.09,18.64,N
56.75138,-102.059,315.6,1.03,1.02,2025-08-10,0323,Terra,MODIS,72,6.1NRT,277.11,16.4,N
56.71046,-102.38318,324.14,1.02,1.01,2025-08-10,0323,Terra,MODIS,23,6.1NRT,286.07,22.02,N
56.72128,-102.3708,340.9,1.02,1.01,2025-08-10,0323,Terra,MODIS,83,6.1NRT,292.68,45.27,N
56.71922,-102.3869,343.8,1.02,1.01,2025-08-10,0323,Terra,MODIS,100,6.1NRT,291.69,0,N
56.76898,-102.06641,331.37,1.03,1.02,2025-08-10,0323,Terra,MODIS,100,6.1NRT,279.97,34.19,N
56.47432,-102.5508,301.39,1.02,1.01,2025-08-10,0323,Terra,MODIS,18,6.1NRT,278.46,6.39,N
56.04915,-102.17252,344.74,1.02,1.01,2025-08-10,0323,Terra,MODIS,100,6.1NRT,288.43,54.46,N
56.04711,-102.18829,328.59,1.02,1.01,2025-08-10,0323,Terra,MODIS,100,6.1NRT,284.71,29.39,N
56.15356,-102.15574,318.98,1.02,1.01,2025-08-10,0323,Terra,MODIS,98,6.1NRT,284.62,20.21,N
56.14537,-102.21909,317.18,1.02,1.01,2025-08-10,0323,Terra,MODIS,95,6.1NRT,282.25,18.25,N
56.19524,-102.19576,312.28,1.02,1.01,2025-08-10,0323,Terra,MODIS,84,6.1NRT,283.03,14.68,N
56.45673,-100.3386,309.15,1.11,1.05,2025-08-10,0323,Terra,MODIS,57,6.1NRT,281.24,12.68,N
56.46588,-100.34196,309.81,1.11,1.05,2025-08-10,0323,Terra,MODIS,29,6.1NRT,281.44,12.34,N
56.30024,-101.80771,308.59,1.03,1.02,2025-08-10,0323,Terra,MODIS,75,6.1NRT,276.95,12.89,N
56.29899,-101.89198,321.98,1.03,1.01,2025-08-10,0323,Terra,MODIS,100,6.1NRT,274.57,23.99,N
56.32062,-102.08675,327.19,1.03,1.01,2025-08-10,0323,Terra,MODIS,100,6.1NRT,281.82,28.85,N
56.39167,-102.25716,300.19,1.02,1.01,2025-08-10,0323,Terra,MODIS,15,6.1NRT,279.55,6.23,N
55.29912,-109.31581,302.51,1.32,1.14,2025-08-10,0323,Terra,MODIS,29,6.1NRT,285.22,8.07,N
55.33918,-109.27519,304.28,1.32,1.14,2025-08-10,0323,Terra,MODIS,59,6.1NRT,277.02,10.74,N
55.3354,-109.29461,382.76,1.32,1.14,2025-08-10,0323,Terra,MODIS,100,6.1NRT,296.54,250.53,N
55.33161,-109.31403,339.69,1.32,1.14,2025-08-10,0323,Terra,MODIS,100,6.1NRT,280.22,65.72,N
55.324,-109.35295,346.05,1.33,1.14,2025-08-10,0323,Terra,MODIS,100,6.1NRT,284.88,81.89,N
55.31635,-109.39206,309.53,1.33,1.14,2025-08-10,0323,Terra,MODIS,23,6.1NRT,277.74,13.39,N
56.50311,-102.03955,313.01,1.03,1.01,2025-08-10,0323,Terra,MODIS,86,6.1NRT,281.79,14.68,N
56.50108,-102.05568,316.84,1.03,1.01,2025-08-10,0323,Terra,MODIS,94,6.1NRT,283.78,18.21,N
55.34872,-109.28111,322.01,1.32,1.14,2025-08-10,0323,Terra,MODIS,100,6.1NRT,277.06,31.35,N
55.34494,-109.30054,392.32,1.32,1.14,2025-08-10,0323,Terra,MODIS,100,6.1NRT,281.74,318.34,N
55.33359,-109.35876,351.14,1.33,1.14,2025-08-10,0323,Terra,MODIS,100,6.1NRT,280.67,96.98,N
55.32977,-109.37832,360.81,1.33,1.14,2025-08-10,0323,Terra,MODIS,100,6.1NRT,283.84,133.15,N
55.32594,-109.39792,317.28,1.33,1.14,2025-08-10,0323,Terra,MODIS,49,6.1NRT,276.78,21.39,N
56.50373,-102.10777,310.73,1.03,1.01,2025-08-10,0323,Terra,MODIS,10,6.1NRT,281.65,11.09,N
56.49351,-102.18821,305.13,1.02,1.01,2025-08-10,0323,Terra,MODIS,63,6.1NRT,281.99,9.64,N
56.48325,-102.26844,327.5,1.02,1.01,2025-08-10,0323,Terra,MODIS,100,6.1NRT,282.27,30.41,N
56.4812,-102.28445,300.14,1.02,1.01,2025-08-10,0323,Terra,MODIS,19,6.1NRT,279.05,7.61,N
56.44818,-102.53951,306.65,1.02,1.01,2025-08-10,0323,Terra,MODIS,49,6.1NRT,280.64,9.65,N
55.77229,-103.00223,318.73,1,1,2025-08-10,0323,Terra,MODIS,97,6.1NRT,275.3,19.67,N
55.78094,-103.006,302.29,1,1,2025-08-10,0323,Terra,MODIS,48,6.1NRT,273.45,8.18,N
55.83049,-102.97878,311.88,1,1,2025-08-10,0323,Terra,MODIS,84,6.1NRT,279.36,13.51,N
55.07729,-107.89498,310.7,1.2,1.09,2025-08-10,0323,Terra,MODIS,33,6.1NRT,288.22,13.24,N
55.083,-107.88429,306.54,1.2,1.09,2025-08-10,0323,Terra,MODIS,68,6.1NRT,287.97,10.78,N
55.07973,-107.90199,302.05,1.2,1.09,2025-08-10,0323,Terra,MODIS,46,6.1NRT,287.04,7.49,N
55.69547,-104.26034,316.04,1.01,1,2025-08-10,0323,Terra,MODIS,92,6.1NRT,288.98,15.8,N
55.6932,-104.27563,303.04,1.01,1,2025-08-10,0323,Terra,MODIS,53,6.1NRT,287.74,6.82,N
55.68865,-104.30624,321.41,1.01,1,2025-08-10,0323,Terra,MODIS,100,6.1NRT,288.78,20.69,N
55.92489,-102.69818,300.83,1.01,1,2025-08-10,0323,Terra,MODIS,34,6.1NRT,279.17,7.45,N
56.02232,-102.09474,317.63,1.02,1.01,2025-08-10,0323,Terra,MODIS,95,6.1NRT,278.72,18.63,N
56.02028,-102.11058,302.98,1.02,1.01,2025-08-10,0323,Terra,MODIS,39,6.1NRT,277.39,7.65,N
56.02903,-102.11421,316.02,1.02,1.01,2025-08-10,0323,Terra,MODIS,25,6.1NRT,279.62,15.21,N
56.03778,-102.11786,326.66,1.02,1.01,2025-08-10,0323,Terra,MODIS,51,6.1NRT,284.43,26.2,N
56.03574,-102.13365,337,1.02,1.01,2025-08-10,0323,Terra,MODIS,94,6.1NRT,286.32,40.49,N
56.0337,-102.14947,375.35,1.02,1.01,2025-08-10,0323,Terra,MODIS,100,6.1NRT,299.97,140.05,N
56.03167,-102.16523,352.35,1.02,1.01,2025-08-10,0323,Terra,MODIS,100,6.1NRT,292.51,71.07,N
56.05264,-102.07398,300.32,1.02,1.01,2025-08-10,0323,Terra,MODIS,23,6.1NRT,278.5,6.61,N
56.0506,-102.08984,304.02,1.02,1.01,2025-08-10,0323,Terra,MODIS,36,6.1NRT,278.87,8.33,N
56.04652,-102.12154,304.55,1.02,1.01,2025-08-10,0323,Terra,MODIS,13,6.1NRT,280.47,8.14,N
56.04449,-102.13731,303.49,1.02,1.01,2025-08-10,0323,Terra,MODIS,6,6.1NRT,281.48,7.32,N
56.04245,-102.15308,341.28,1.02,1.01,2025-08-10,0323,Terra,MODIS,100,6.1NRT,286.86,48.42,N
56.04041,-102.16887,361.28,1.02,1.01,2025-08-10,0323,Terra,MODIS,100,6.1NRT,293.03,93.35,N
56.03837,-102.18464,354.77,1.02,1.01,2025-08-10,0323,Terra,MODIS,100,6.1NRT,290.09,77.14,N
56.03633,-102.20043,305.7,1.02,1.01,2025-08-10,0323,Terra,MODIS,65,6.1NRT,281.69,9.11,N
55.30386,-107.04213,303.87,1.13,1.06,2025-08-10,0323,Terra,MODIS,57,6.1NRT,286.97,8.7,N
56.05119,-102.15672,321.72,1.02,1.01,2025-08-10,0323,Terra,MODIS,74,6.1NRT,282.13,21.22,N
56.76694,-102.0827,309.98,1.03,1.02,2025-08-10,0323,Terra,MODIS,51,6.1NRT,277.47,12.06,N
56.74443,-102.26141,334.81,1.03,1.01,2025-08-10,0323,Terra,MODIS,100,6.1NRT,290.79,39.61,N
56.73209,-102.35841,361.11,1.02,1.01,2025-08-10,0323,Terra,MODIS,100,6.1NRT,297.39,94.22,N
56.80153,-102.0285,313.99,1.03,1.02,2025-08-10,0323,Terra,MODIS,61,6.1NRT,278.58,14.8,N
56.79948,-102.04487,316.68,1.03,1.02,2025-08-10,0323,Terra,MODIS,66,6.1NRT,277.69,16.8,N
56.81034,-102.0322,318.19,1.03,1.02,2025-08-10,0323,Terra,MODIS,96,6.1NRT,277.29,18.75,N
56.8083,-102.04854,346.33,1.03,1.02,2025-08-10,0323,Terra,MODIS,100,6.1NRT,281.9,59.56,N
56.8171,-102.05225,330.33,1.03,1.02,2025-08-10,0323,Terra,MODIS,100,6.1NRT,282.96,32.53,N
56.81505,-102.0686,328.79,1.03,1.02,2025-08-10,0323,Terra,MODIS,100,6.1NRT,283.59,29.86,N
56.8089,-102.11751,300.29,1.03,1.01,2025-08-10,0323,Terra,MODIS,12,6.1NRT,280.92,5.82,N
56.71321,-102.85789,312.39,1.01,1.01,2025-08-10,0323,Terra,MODIS,85,6.1NRT,288.63,13.44,N
56.82536,-102.06216,302.91,1.03,1.02,2025-08-10,0323,Terra,MODIS,52,6.1NRT,280.93,8.24,N
56.82332,-102.07852,311.76,1.03,1.02,2025-08-10,0323,Terra,MODIS,83,6.1NRT,282.78,13.7,N
56.82129,-102.09483,313.09,1.03,1.02,2025-08-10,0323,Terra,MODIS,66,6.1NRT,283.88,13.9,N
56.85382,-102.05691,311,1.03,1.02,2025-08-10,0323,Terra,MODIS,78,6.1NRT,281.62,12.77,N
56.86059,-102.07695,306.65,1.03,1.02,2025-08-10,0323,Terra,MODIS,15,6.1NRT,282.73,9.18,N
56.80167,-102.68372,320.31,1.02,1.01,2025-08-10,0323,Terra,MODIS,24,6.1NRT,287.36,17.95,N
56.90953,-101.90717,309.52,1.04,1.02,2025-08-10,0323,Terra,MODIS,78,6.1NRT,278.84,11.61,N
56.90749,-101.92368,307.76,1.04,1.02,2025-08-10,0323,Terra,MODIS,67,6.1NRT,279.65,10.38,N
56.90544,-101.94019,316.64,1.04,1.02,2025-08-10,0323,Terra,MODIS,38,6.1NRT,283.02,16.19,N
56.88701,-102.08808,312.83,1.03,1.02,2025-08-10,0323,Terra,MODIS,41,6.1NRT,284.43,12.16,N
56.88496,-102.10445,316.03,1.03,1.02,2025-08-10,0323,Terra,MODIS,80,6.1NRT,284.71,14.34,N
56.88291,-102.12082,315.3,1.03,1.02,2025-08-10,0323,Terra,MODIS,43,6.1NRT,284.77,14,N
56.91428,-101.94382,327.08,1.04,1.02,2025-08-10,0323,Terra,MODIS,0,6.1NRT,287.01,26.01,N
56.90609,-102.00972,332.31,1.04,1.02,2025-08-10,0323,Terra,MODIS,100,6.1NRT,287.89,36.17,N
56.89377,-102.10817,373.37,1.03,1.02,2025-08-10,0323,Terra,MODIS,100,6.1NRT,291.91,133.74,N
56.78546,-102.94696,306.52,1.01,1,2025-08-10,0323,Terra,MODIS,51,6.1NRT,287.57,7.86,N
56.91491,-102.01342,337.46,1.04,1.02,2025-08-10,0323,Terra,MODIS,100,6.1NRT,295.77,44,N
56.91286,-102.02984,364.55,1.04,1.02,2025-08-10,0323,Terra,MODIS,100,6.1NRT,299.17,106.1,N
56.9108,-102.04626,373.43,1.04,1.02,2025-08-10,0323,Terra,MODIS,100,6.1NRT,298.99,136.5,N
56.90874,-102.06269,326.16,1.04,1.02,2025-08-10,0323,Terra,MODIS,100,6.1NRT,285.72,25.99,N
56.90257,-102.11188,304.18,1.03,1.02,2025-08-10,0323,Terra,MODIS,43,6.1NRT,284.21,8.15,N
56.92506,-102.00586,366.89,1.04,1.02,2025-08-10,0323,Terra,MODIS,100,6.1NRT,289.79,115.31,N
56.83044,-102.75281,300.26,1.01,1.01,2025-08-10,0323,Terra,MODIS,23,6.1NRT,285.18,6.41,N
56.80533,-102.94454,303.13,1.01,1,2025-08-10,0323,Terra,MODIS,53,6.1NRT,287.59,6.77,N
56.80323,-102.96047,323.72,1.01,1,2025-08-10,0323,Terra,MODIS,100,6.1NRT,289.68,24.01,N
56.81401,-102.94842,310.23,1.01,1,2025-08-10,0323,Terra,MODIS,79,6.1NRT,288.22,11.41,N
56.81191,-102.96436,312.66,1.01,1,2025-08-10,0323,Terra,MODIS,85,6.1NRT,288.47,13.06,N
56.8395,-102.82452,304.33,1.01,1.01,2025-08-10,0323,Terra,MODIS,35,6.1NRT,286.05,7.08,N
56.8374,-102.84049,301.59,1.01,1.01,2025-08-10,0323,Terra,MODIS,36,6.1NRT,286.44,5.85,N
56.98201,-101.76852,305.34,1.05,1.02,2025-08-10,0323,Terra,MODIS,64,6.1NRT,282.23,9.39,N
57.0099,-101.69232,317.15,1.05,1.02,2025-08-10,0323,Terra,MODIS,84,6.1NRT,276.22,18.57,N
57.0188,-101.69596,322.32,1.05,1.02,2025-08-10,0323,Terra,MODIS,94,6.1NRT,277.6,23.33,N
57.01677,-101.71266,309.56,1.05,1.02,2025-08-10,0323,Terra,MODIS,17,6.1NRT,276.97,10.88,N
57.03523,-101.7906,310.9,1.05,1.02,2025-08-10,0323,Terra,MODIS,81,6.1NRT,282.1,13.11,N
57.05307,-101.71653,314.17,1.05,1.02,2025-08-10,0323,Terra,MODIS,69,6.1NRT,280,15.57,N
57.05105,-101.73329,317.71,1.05,1.02,2025-08-10,0323,Terra,MODIS,96,6.1NRT,283.11,18.93,N
57.04903,-101.75005,305.54,1.05,1.02,2025-08-10,0323,Terra,MODIS,65,6.1NRT,281.86,9.8,N
57.07985,-101.95561,305.87,1.04,1.02,2025-08-10,0323,Terra,MODIS,17,6.1NRT,285.44,7.65,N
57.08255,-102.00903,307.43,1.04,1.02,2025-08-10,0323,Terra,MODIS,18,6.1NRT,288.71,8.65,N
57.09343,-101.99625,347.95,1.04,1.02,2025-08-10,0323,Terra,MODIS,100,6.1NRT,295.88,60.18,N
57.09138,-102.01277,374.55,1.04,1.02,2025-08-10,0323,Terra,MODIS,100,6.1NRT,304.24,138.41,N
57.10226,-101.99998,307.87,1.04,1.02,2025-08-10,0323,Terra,MODIS,9,6.1NRT,287.46,8.41,N
57.10022,-102.01649,411.9,1.04,1.02,2025-08-10,0323,Terra,MODIS,100,6.1NRT,305,351.35,N
57.09816,-102.0331,405.21,1.04,1.02,2025-08-10,0323,Terra,MODIS,100,6.1NRT,304.17,300.45,N
57.43925,-100.1911,312.73,1.15,1.07,2025-08-10,0323,Terra,MODIS,86,6.1NRT,268.08,17.45,N
57.43727,-100.20963,308.45,1.14,1.07,2025-08-10,0323,Terra,MODIS,44,6.1NRT,267.61,13.23,N
57.14807,-103.64948,301.3,1,1,2025-08-10,0323,Terra,MODIS,7,6.1NRT,285.75,5.45,N
57.11959,-103.85613,312.3,1,1,2025-08-10,0323,Terra,MODIS,85,6.1NRT,286.85,13.62,N
57.11739,-103.872,316.88,1,1,2025-08-10,0323,Terra,MODIS,94,6.1NRT,289.02,17.37,N
57.16323,-103.60574,305.06,1,1,2025-08-10,0323,Terra,MODIS,12,6.1NRT,287.08,7.32,N
57.15265,-103.89516,312.15,1,1,2025-08-10,0323,Terra,MODIS,30,6.1NRT,287.46,12.1,N
57.16127,-103.89927,306.76,1,1,2025-08-10,0323,Terra,MODIS,42,6.1NRT,286.4,8.81,N
57.80872,-98.74239,317.49,1.28,1.12,2025-08-10,0323,Terra,MODIS,95,6.1NRT,267.17,27.05,N
57.80671,-98.76346,327.84,1.28,1.12,2025-08-10,0323,Terra,MODIS,85,6.1NRT,272.3,38.99,N
57.80471,-98.78445,326.49,1.28,1.12,2025-08-10,0323,Terra,MODIS,100,6.1NRT,272.15,37.8,N
57.80271,-98.80534,319.48,1.27,1.12,2025-08-10,0323,Terra,MODIS,56,6.1NRT,269.69,26.52,N
57.81454,-98.78768,309.26,1.28,1.12,2025-08-10,0323,Terra,MODIS,75,6.1NRT,269.99,16.02,N
57.81253,-98.80859,324.38,1.27,1.12,2025-08-10,0323,Terra,MODIS,100,6.1NRT,272.95,35.67,N
57.0601,-105.24603,304.21,1.01,1,2025-08-10,0323,Terra,MODIS,59,6.1NRT,286.92,8.15,N
57.63907,-104.09132,328.43,1,1,2025-08-10,0323,Terra,MODIS,100,6.1NRT,291.16,27.63,N
57.69567,-104.15968,356.34,1,1,2025-08-10,0323,Terra,MODIS,100,6.1NRT,303.41,77.62,N
57.69344,-104.17579,354.19,1,1,2025-08-10,0323,Terra,MODIS,100,6.1NRT,301.68,72.6,N
57.70651,-104.14779,306.61,1,1,2025-08-10,0323,Terra,MODIS,67,6.1NRT,287.42,8.94,N
57.70428,-104.1639,347.95,1,1,2025-08-10,0323,Terra,MODIS,100,6.1NRT,294.59,59.52,N
57.70205,-104.18001,351.92,1,1,2025-08-10,0323,Terra,MODIS,100,6.1NRT,296.4,67.57,N
57.19233,-107.98798,307.65,1.11,1.05,2025-08-10,0323,Terra,MODIS,69,6.1NRT,289.26,9.91,N
57.18932,-108.00526,316.39,1.11,1.05,2025-08-10,0323,Terra,MODIS,93,6.1NRT,289,17.39,N
57.9114,-104.01833,323.24,1,1,2025-08-10,0323,Terra,MODIS,100,6.1NRT,289.83,23.08,N
57.91781,-104.03879,326.95,1,1,2025-08-10,0323,Terra,MODIS,100,6.1NRT,289.3,25.87,N
57.94172,-103.99844,312.78,1,1,2025-08-10,0323,Terra,MODIS,82,6.1NRT,287.87,12.39,N
57.93728,-104.03098,310.32,1,1,2025-08-10,0323,Terra,MODIS,73,6.1NRT,287.53,10.73,N
57.93505,-104.04723,327.95,1,1,2025-08-10,0323,Terra,MODIS,100,6.1NRT,290.96,27.36,N
58.17421,-102.26706,302.77,1.05,1.02,2025-08-10,0323,Terra,MODIS,17,6.1NRT,283.07,7.15,N
58.1721,-102.28436,328.64,1.05,1.02,2025-08-10,0323,Terra,MODIS,100,6.1NRT,290.11,31.49,N
58.17,-102.3016,309.45,1.05,1.02,2025-08-10,0323,Terra,MODIS,40,6.1NRT,287.12,10.77,N
57.95034,-104.00265,324.02,1,1,2025-08-10,0323,Terra,MODIS,100,6.1NRT,289.29,21.79,N
58.18439,-102.33183,328.72,1.05,1.02,2025-08-10,0323,Terra,MODIS,84,6.1NRT,292.38,30.08,N
58.17813,-102.38354,317.8,1.05,1.02,2025-08-10,0323,Terra,MODIS,77,6.1NRT,288.69,18.24,N
58.19116,-102.35303,322.52,1.05,1.02,2025-08-10,0323,Terra,MODIS,44,6.1NRT,291.55,22.19,N
58.18907,-102.37027,342.68,1.05,1.02,2025-08-10,0323,Terra,MODIS,95,6.1NRT,297.31,51.31,N
58.18699,-102.3875,325.99,1.05,1.02,2025-08-10,0323,Terra,MODIS,100,6.1NRT,292.43,26.79,N
58.1849,-102.40465,302.47,1.05,1.02,2025-08-10,0323,Terra,MODIS,30,6.1NRT,286.29,7.01,N
58.20211,-102.33971,322.23,1.05,1.02,2025-08-10,0323,Terra,MODIS,0,6.1NRT,288.8,21.27,N
58.19584,-102.39142,353.6,1.05,1.02,2025-08-10,0323,Terra,MODIS,100,6.1NRT,297.56,75.28,N
58.21306,-102.3264,321.6,1.05,1.02,2025-08-10,0323,Terra,MODIS,0,6.1NRT,285.69,18.71,N
58.20469,-102.39531,362.37,1.05,1.02,2025-08-10,0323,Terra,MODIS,100,6.1NRT,291.66,98.92,N
58.22402,-102.31298,315.97,1.05,1.02,2025-08-10,0323,Terra,MODIS,14,6.1NRT,281.97,15.31,N
58.22192,-102.3303,329.15,1.05,1.02,2025-08-10,0323,Terra,MODIS,62,6.1NRT,286.31,29.34,N
58.21983,-102.34755,332.35,1.05,1.02,2025-08-10,0323,Terra,MODIS,69,6.1NRT,287.47,33.05,N
58.2287,-102.35143,308.9,1.05,1.02,2025-08-10,0323,Terra,MODIS,19,6.1NRT,281.4,10.1,N
58.2266,-102.36871,324.41,1.05,1.02,2025-08-10,0323,Terra,MODIS,98,6.1NRT,283.78,24.01,N
58.22449,-102.38597,325.5,1.05,1.02,2025-08-10,0323,Terra,MODIS,66,6.1NRT,285.98,22.8,N
58.2224,-102.40318,319.32,1.05,1.02,2025-08-10,0323,Terra,MODIS,86,6.1NRT,285.79,18.17,N
58.23967,-102.33805,325.93,1.05,1.02,2025-08-10,0323,Terra,MODIS,56,6.1NRT,282.67,25.83,N
58.23756,-102.35536,327.31,1.05,1.02,2025-08-10,0323,Terra,MODIS,66,6.1NRT,283.21,27.29,N
58.23546,-102.37263,321.18,1.05,1.02,2025-08-10,0323,Terra,MODIS,24,6.1NRT,281.46,18.79,N
58.23335,-102.38988,335.05,1.05,1.02,2025-08-10,0323,Terra,MODIS,96,6.1NRT,288.09,37.76,N
58.24854,-102.34198,314.35,1.05,1.02,2025-08-10,0323,Terra,MODIS,67,6.1NRT,279.08,14.91,N
58.24221,-102.39378,367.78,1.05,1.02,2025-08-10,0323,Terra,MODIS,100,6.1NRT,288.13,117.19,N
58.24011,-102.41099,326.95,1.05,1.02,2025-08-10,0323,Terra,MODIS,100,6.1NRT,284.58,28.16,N
58.00367,-104.29501,321.5,1,1,2025-08-10,0323,Terra,MODIS,0,6.1NRT,288.25,17.86,N
58.28902,-102.31164,343.01,1.05,1.02,2025-08-10,0323,Terra,MODIS,100,6.1NRT,284.21,53.58,N
58.28693,-102.32898,388.42,1.05,1.02,2025-08-10,0323,Terra,MODIS,100,6.1NRT,301.79,206.21,N
58.28485,-102.34624,360.83,1.05,1.02,2025-08-10,0323,Terra,MODIS,100,6.1NRT,293.29,95.8,N
58.29581,-102.33282,370.15,1.05,1.02,2025-08-10,0323,Terra,MODIS,100,6.1NRT,285.59,126.44,N
58.29373,-102.35007,407.85,1.05,1.02,2025-08-10,0323,Terra,MODIS,100,6.1NRT,292.84,327,N
58.04782,-104.25392,351.25,1,1,2025-08-10,0323,Terra,MODIS,100,6.1NRT,290.31,61.42,N
58.04558,-104.2702,392.64,1,1,2025-08-10,0323,Terra,MODIS,100,6.1NRT,298.08,211,N
58.06091,-104.22564,336.33,1,1,2025-08-10,0323,Terra,MODIS,100,6.1NRT,288.1,37.37,N
58.05868,-104.24192,364.22,1,1,2025-08-10,0323,Terra,MODIS,100,6.1NRT,293.17,97.6,N
58.37222,-102.16468,301.37,1.06,1.03,2025-08-10,0323,Terra,MODIS,40,6.1NRT,277.34,8.15,N
58.39725,-102.18124,306.28,1.06,1.03,2025-08-10,0323,Terra,MODIS,32,6.1NRT,282.28,9.38,N
58.17229,-104.09464,321.03,1,1,2025-08-10,0323,Terra,MODIS,100,6.1NRT,286.4,20.82,N
58.43443,-102.10506,306.46,1.06,1.03,2025-08-10,0323,Terra,MODIS,68,6.1NRT,277.03,11.77,N
58.172,-104.16438,332.04,1,1,2025-08-10,0323,Terra,MODIS,100,6.1NRT,289.17,32.34,N
58.16753,-104.1971,306.92,1,1,2025-08-10,0323,Terra,MODIS,70,6.1NRT,286.09,9.24,N
58.19844,-104.03756,340.69,1.01,1,2025-08-10,0323,Terra,MODIS,100,6.1NRT,289.19,47.38,N
58.18062,-104.16866,341.46,1,1,2025-08-10,0323,Terra,MODIS,100,6.1NRT,292.54,46.77,N
58.17839,-104.18502,347.14,1,1,2025-08-10,0323,Terra,MODIS,100,6.1NRT,296.09,57.91,N
58.17615,-104.20138,338.78,1,1,2025-08-10,0323,Terra,MODIS,100,6.1NRT,292.95,43.23,N
58.17391,-104.21773,333.22,1,1,2025-08-10,0323,Terra,MODIS,100,6.1NRT,291.3,34.57,N
58.187,-104.18929,382.98,1,1,2025-08-10,0323,Terra,MODIS,100,6.1NRT,297.87,167.18,N
58.18477,-104.20565,314.27,1,1,2025-08-10,0323,Terra,MODIS,89,6.1NRT,288.81,14.2,N
54.9325,-103.96641,312.03,1.01,1,2025-08-10,0323,Terra,MODIS,81,6.1NRT,276.3,14.3,N
54.93026,-103.98145,314.12,1.01,1,2025-08-10,0323,Terra,MODIS,84,6.1NRT,278.94,15.24,N
54.93664,-104.00045,305.08,1.01,1,2025-08-10,0323,Terra,MODIS,43,6.1NRT,280.98,8.63,N
55.22353,-104.08538,304.16,1.01,1,2025-08-10,0323,Terra,MODIS,59,6.1NRT,284.66,7.57,N
55.34239,-103.72608,314.48,1,1,2025-08-10,0323,Terra,MODIS,74,6.1NRT,273.38,15.56,N
55.35101,-103.73,346.75,1,1,2025-08-10,0323,Terra,MODIS,100,6.1NRT,279.81,58.21,N
55.47553,-102.91387,307.65,1,1,2025-08-10,0323,Terra,MODIS,54,6.1NRT,283.72,9.67,N
55.47343,-102.92912,300.39,1,1,2025-08-10,0323,Terra,MODIS,17,6.1NRT,280.93,5.48,N
55.48229,-102.99761,368.49,1,1,2025-08-10,0323,Terra,MODIS,100,6.1NRT,283.03,112.56,N
55.48018,-103.01286,336.8,1,1,2025-08-10,0323,Terra,MODIS,100,6.1NRT,274.27,40.02,N
55.328,-104.07539,301.29,1.01,1,2025-08-10,0323,Terra,MODIS,33,6.1NRT,283.33,6.07,N
55.5085,-102.88547,304.12,1,1,2025-08-10,0323,Terra,MODIS,59,6.1NRT,281.32,8.78,N
55.01826,-106.09911,306.1,1.08,1.04,2025-08-10,0323,Terra,MODIS,65,6.1NRT,287.11,9.43,N
55.50245,-102.99606,311.35,1,1,2025-08-10,0323,Terra,MODIS,23,6.1NRT,276.36,11.32,N
55.50035,-103.01131,320.72,1,1,2025-08-10,0323,Terra,MODIS,100,6.1NRT,276.58,20.05,N
55.51109,-102.99981,335.94,1,1,2025-08-10,0323,Terra,MODIS,100,6.1NRT,280.74,38.1,N
55.50899,-103.01507,349.76,1,1,2025-08-10,0323,Terra,MODIS,100,6.1NRT,284.65,62.38,N
55.50688,-103.0303,354.84,1,1,2025-08-10,0323,Terra,MODIS,100,6.1NRT,285.24,73.66,N
55.51763,-103.01882,323.94,1,1,2025-08-10,0323,Terra,MODIS,63,6.1NRT,280.69,21.27,N
55.36989,-104.05165,304.28,1,1,2025-08-10,0323,Terra,MODIS,38,6.1NRT,279.79,7.44,N
55.52627,-103.02259,312.05,1,1,2025-08-10,0323,Terra,MODIS,39,6.1NRT,279.92,10.25,N
55.52205,-103.05308,314.25,1,1,2025-08-10,0323,Terra,MODIS,19,6.1NRT,285.41,12,N
55.53491,-103.02636,328.04,1,1,2025-08-10,0323,Terra,MODIS,80,6.1NRT,286.96,25.06,N
55.46866,-103.49802,309.47,1,1,2025-08-10,0323,Terra,MODIS,77,6.1NRT,275.47,12.26,N
55.54585,-103.07966,330.09,1,1,2025-08-10,0323,Terra,MODIS,89,6.1NRT,285.48,27.47,N
55.41073,-104.08689,338.85,1.01,1,2025-08-10,0323,Terra,MODIS,100,6.1NRT,283.68,42.93,N
55.40848,-104.1021,319.38,1.01,1,2025-08-10,0323,Terra,MODIS,64,6.1NRT,276.98,18.16,N
55.56947,-103.04142,304.8,1,1,2025-08-10,0323,Terra,MODIS,20,6.1NRT,283.89,8.24,N
55.56736,-103.05669,313.4,1,1,2025-08-10,0323,Terra,MODIS,47,6.1NRT,284.93,13.74,N
55.4241,-104.13206,305.89,1.01,1,2025-08-10,0323,Terra,MODIS,65,6.1NRT,277.14,8.78,N
55.47242,-103.99194,304.56,1,1,2025-08-10,0323,Terra,MODIS,61,6.1NRT,277.58,9.01,N
55.72986,-102.83073,328.55,1,1,2025-08-10,0323,Terra,MODIS,100,6.1NRT,284.45,29.18,N
55.68777,-103.13768,302.01,1,1,2025-08-10,0323,Terra,MODIS,22,6.1NRT,276.84,7.4,N
55.72618,-102.99197,329.86,1,1,2025-08-10,0323,Terra,MODIS,33,6.1NRT,278.46,27.81,N
55.70716,-103.12997,337.73,1,1,2025-08-10,0323,Terra,MODIS,100,6.1NRT,279.53,41.49,N
55.74114,-102.94968,340.05,1,1,2025-08-10,0323,Terra,MODIS,88,6.1NRT,282.62,41.65,N
55.73693,-102.9804,329.81,1,1,2025-08-10,0323,Terra,MODIS,49,6.1NRT,277.6,26.71,N
55.73483,-102.99576,324.9,1,1,2025-08-10,0323,Terra,MODIS,37,6.1NRT,276.46,21.43,N
55.71791,-103.11846,330.6,1,1,2025-08-10,0323,Terra,MODIS,100,6.1NRT,276.54,32.6,N
55.7158,-103.13377,304.48,1,1,2025-08-10,0323,Terra,MODIS,21,6.1NRT,276.32,8.2,N
55.76475,-102.91109,346.84,1,1,2025-08-10,0323,Terra,MODIS,100,6.1NRT,284.9,57.88,N
55.76265,-102.92648,368.1,1,1,2025-08-10,0323,Terra,MODIS,100,6.1NRT,286.27,112.47,N
55.79852,-102.72989,312.29,1.01,1,2025-08-10,0323,Terra,MODIS,85,6.1NRT,279.14,14.21,N
55.79643,-102.74532,305.68,1.01,1,2025-08-10,0323,Terra,MODIS,65,6.1NRT,280.22,9.79,N
55.78069,-102.94071,313.7,1,1,2025-08-10,0323,Terra,MODIS,83,6.1NRT,277.33,14.62,N
58.86628,-100.35138,341,1.18,1.08,2025-08-10,0325,Terra,MODIS,100,6.1NRT,297.28,60.47,N
59.42688,-104.36596,319.22,1.01,1.01,2025-08-10,0325,Terra,MODIS,98,6.1NRT,290.02,18.24,N
59.42461,-104.38305,307.65,1.01,1,2025-08-10,0325,Terra,MODIS,72,6.1NRT,288.61,8.99,N
59.45189,-104.87749,308.01,1,1,2025-08-10,0325,Terra,MODIS,73,6.1NRT,289.26,9.19,N
58.79507,-104.46796,310.79,1,1,2025-08-10,0325,Terra,MODIS,81,6.1NRT,287.71,11.07,N
58.7928,-104.48462,310.06,1,1,2025-08-10,0325,Terra,MODIS,79,6.1NRT,287.59,10.51,N
58.8259,-104.37675,318.88,1.01,1,2025-08-10,0325,Terra,MODIS,98,6.1NRT,288.65,17.63,N
58.79864,-104.57665,322.72,1,1,2025-08-10,0325,Terra,MODIS,62,6.1NRT,290.12,19.69,N
58.83453,-104.38116,448.9,1.01,1,2025-08-10,0325,Terra,MODIS,100,6.1NRT,308.23,702.81,N
58.84315,-104.38554,412.12,1.01,1,2025-08-10,0325,Terra,MODIS,100,6.1NRT,296.78,335.62,N
58.84089,-104.40224,383.32,1.01,1,2025-08-10,0325,Terra,MODIS,100,6.1NRT,298.26,167.89,N
58.85005,-104.41257,382.1,1.01,1,2025-08-10,0325,Terra,MODIS,100,6.1NRT,305.72,164.21,N
58.84327,-104.46264,308.63,1,1,2025-08-10,0325,Terra,MODIS,75,6.1NRT,287.92,9.79,N
58.841,-104.47932,328.04,1,1,2025-08-10,0325,Terra,MODIS,100,6.1NRT,289.59,28.11,N
58.8342,-104.52934,301.36,1,1,2025-08-10,0325,Terra,MODIS,40,6.1NRT,287.85,5.77,N
58.85868,-104.41697,301.14,1.01,1,2025-08-10,0325,Terra,MODIS,38,6.1NRT,288.47,5.39,N
59.00444,-104.37251,307.66,1.01,1,2025-08-10,0325,Terra,MODIS,40,6.1NRT,287.58,8.33,N
59.00808,-104.4821,315.1,1.01,1,2025-08-10,0325,Terra,MODIS,91,6.1NRT,289.22,14.12,N
59.03486,-104.35212,301.08,1.01,1,2025-08-10,0325,Terra,MODIS,37,6.1NRT,288.88,5.39,N
59.03448,-104.50138,302.28,1.01,1,2025-08-10,0325,Terra,MODIS,21,6.1NRT,288.12,5.3,N
59.06122,-104.37125,308.86,1.01,1,2025-08-10,0325,Terra,MODIS,76,6.1NRT,288.25,10.32,N
58.82766,-100.30944,312.89,1.18,1.08,2025-08-10,0325,Terra,MODIS,36,6.1NRT,287.03,16.32,N
58.83913,-100.29336,316.46,1.18,1.08,2025-08-10,0325,Terra,MODIS,61,6.1NRT,288.35,19.8,N
58.84858,-100.29702,319.52,1.18,1.08,2025-08-10,0325,Terra,MODIS,95,6.1NRT,288.52,23.3,N
58.84033,-100.37659,328.96,1.18,1.08,2025-08-10,0325,Terra,MODIS,100,6.1NRT,291.43,36.41,N
58.85391,-100.34042,331.6,1.18,1.08,2025-08-10,0325,Terra,MODIS,100,6.1NRT,292.4,38.31,N
58.85182,-100.36043,316.79,1.18,1.08,2025-08-10,0325,Terra,MODIS,38,6.1NRT,290.65,17.51,N
58.84977,-100.38016,321.07,1.18,1.08,2025-08-10,0325,Terra,MODIS,100,6.1NRT,290.46,23.96,N
58.86547,-100.32375,325.38,1.18,1.08,2025-08-10,0325,Terra,MODIS,77,6.1NRT,290.51,29.49,N
58.86338,-100.34378,350.68,1.18,1.08,2025-08-10,0325,Terra,MODIS,100,6.1NRT,300.02,81,N
58.8613,-100.36368,345.74,1.18,1.08,2025-08-10,0325,Terra,MODIS,100,6.1NRT,297.41,67.84,N
58.85922,-100.38359,339.94,1.18,1.08,2025-08-10,0325,Terra,MODIS,100,6.1NRT,294.61,56.05,N
58.86831,-100.33139,321.64,1.18,1.08,2025-08-10,0325,Terra,MODIS,100,6.1NRT,289.3,28.07,N
59.52738,-102.51674,316.18,1.07,1.03,2025-08-10,0325,Terra,MODIS,93,6.1NRT,287.04,17.55,N
58.86426,-100.37127,328.43,1.18,1.08,2025-08-10,0325,Terra,MODIS,100,6.1NRT,292.75,37.05,N
58.86223,-100.39123,323.13,1.18,1.08,2025-08-10,0325,Terra,MODIS,100,6.1NRT,290.59,29.42,N
58.93998,-99.80951,317,1.23,1.1,2025-08-10,0325,Terra,MODIS,43,6.1NRT,288.84,20.78,N
58.93593,-99.85088,302.99,1.22,1.1,2025-08-10,0325,Terra,MODIS,27,6.1NRT,287.97,8.63,N
58.51481,-103.55659,305.34,1.02,1.01,2025-08-10,0325,Terra,MODIS,14,6.1NRT,287.51,6.83,N
58.94553,-99.85455,319.23,1.22,1.1,2025-08-10,0325,Terra,MODIS,85,6.1NRT,291.21,24.02,N
58.44185,-104.17665,300.78,1.01,1,2025-08-10,0325,Terra,MODIS,8,6.1NRT,285.69,5.42,N
58.43961,-104.19317,320.73,1,1,2025-08-10,0325,Terra,MODIS,100,6.1NRT,289.01,19.81,N
58.43737,-104.20967,319.89,1,1,2025-08-10,0325,Terra,MODIS,99,6.1NRT,288.56,18.7,N
58.95515,-99.85807,316.37,1.22,1.1,2025-08-10,0325,Terra,MODIS,81,6.1NRT,288.33,20.72,N
58.44376,-104.23049,328.72,1,1,2025-08-10,0325,Terra,MODIS,100,6.1NRT,291.61,28.91,N
58.71211,-102.18996,308.66,1.07,1.03,2025-08-10,0325,Terra,MODIS,75,6.1NRT,285.01,11.58,N
58.45238,-104.2348,342.81,1,1,2025-08-10,0325,Terra,MODIS,100,6.1NRT,292.9,49.54,N
58.45014,-104.2513,331.24,1,1,2025-08-10,0325,Terra,MODIS,100,6.1NRT,291.3,31.66,N
58.94351,-100.17239,315.29,1.2,1.09,2025-08-10,0325,Terra,MODIS,43,6.1NRT,288.79,18.65,N
58.94145,-100.1926,312.99,1.2,1.09,2025-08-10,0325,Terra,MODIS,31,6.1NRT,289.8,16.19,N
58.58658,-103.28653,312.31,1.02,1.01,2025-08-10,0325,Terra,MODIS,27,6.1NRT,277.13,14.67,N
58.5496,-103.57332,318.8,1.02,1.01,2025-08-10,0325,Terra,MODIS,21,6.1NRT,290.61,14.2,N
58.46101,-104.23912,347.29,1,1,2025-08-10,0325,Terra,MODIS,100,6.1NRT,289.56,57.84,N
58.95507,-100.15579,305.9,1.2,1.09,2025-08-10,0325,Terra,MODIS,43,6.1NRT,287.83,10.83,N
58.95301,-100.17605,304.61,1.2,1.09,2025-08-10,0325,Terra,MODIS,14,6.1NRT,288.04,9.35,N
58.96251,-100.17969,315.33,1.2,1.09,2025-08-10,0325,Terra,MODIS,56,6.1NRT,290.18,18.89,N
58.74314,-102.16628,312.11,1.07,1.03,2025-08-10,0325,Terra,MODIS,84,6.1NRT,287.97,14.14,N
58.97201,-100.18338,330,1.2,1.09,2025-08-10,0325,Terra,MODIS,54,6.1NRT,291.27,36.66,N
58.97644,-100.16972,302.03,1.2,1.09,2025-08-10,0325,Terra,MODIS,46,6.1NRT,286.09,9.12,N
58.97442,-100.18998,324.88,1.2,1.09,2025-08-10,0325,Terra,MODIS,100,6.1NRT,290.66,32.92,N
58.9724,-100.21019,322.61,1.2,1.09,2025-08-10,0325,Terra,MODIS,100,6.1NRT,290.93,28.45,N
58.7847,-102.03928,305.22,1.07,1.03,2025-08-10,0325,Terra,MODIS,27,6.1NRT,286.9,8.53,N
58.71645,-102.84499,313.46,1.04,1.02,2025-08-10,0325,Terra,MODIS,87,6.1NRT,288.2,14.51,N
58.78419,-104.48021,311.73,1,1,2025-08-10,0325,Terra,MODIS,83,6.1NRT,288.09,12.33,N
60.03542,-121.97073,315.01,2.71,1.58,2025-08-10,0328,Terra,MODIS,87,6.1NRT,286.23,60.07,D
59.82308,-121.73929,306.24,1.56,1.23,2025-08-10,0504,Terra,MODIS,67,6.1NRT,286.6,17.76,N
59.82493,-121.74649,304.96,1.56,1.23,2025-08-10,0504,Terra,MODIS,46,6.1NRT,286.8,14.66,N
59.92177,-122.11154,300.19,1.52,1.22,2025-08-10,0504,Terra,MODIS,21,6.1NRT,287.8,8.31,N
60.03506,-121.96147,316.86,1.54,1.22,2025-08-10,0504,Terra,MODIS,94,6.1NRT,287.79,32.48,N
47.87737,-53.09561,325.37,1.76,1.3,2025-08-10,0729,Aqua,MODIS,92,6.1NRT,290.92,52.4,N
47.87138,-53.12357,324.8,1.75,1.3,2025-08-10,0729,Aqua,MODIS,82,6.1NRT,291.4,49.95,N
47.86537,-53.15131,309.91,1.75,1.3,2025-08-10,0729,Aqua,MODIS,39,6.1NRT,288.99,22.47,N
47.16436,-65.43179,302.09,1.26,1.11,2025-08-10,0729,Aqua,MODIS,8,6.1NRT,282.56,7.8,N
45.89351,-67.59077,301.84,1.53,1.22,2025-08-10,0729,Aqua,MODIS,45,6.1NRT,277.8,13.39,N
47.89166,-53.10833,331.45,1.75,1.3,2025-08-10,0729,Aqua,MODIS,100,6.1NRT,289.48,73.34,N
47.88073,-53.11364,341.65,1.75,1.3,2025-08-10,0729,Aqua,MODIS,100,6.1NRT,291.96,107,N
47.87576,-53.09144,313.43,1.76,1.3,2025-08-10,0729,Aqua,MODIS,46,6.1NRT,289.19,27.62,N
47.17411,-65.42952,303.59,1.26,1.11,2025-08-10,0729,Aqua,MODIS,46,6.1NRT,277.18,8.99,N
47.8544,-53.15639,314.38,1.75,1.3,2025-08-10,0729,Aqua,MODIS,11,6.1NRT,289.27,27.69,N
47.86989,-53.11935,317.13,1.75,1.3,2025-08-10,0729,Aqua,MODIS,17,6.1NRT,290.03,32.4,N
47.88223,-53.11787,329.94,1.75,1.3,2025-08-10,0729,Aqua,MODIS,77,6.1NRT,290.85,62.98,N
55.54144,-103.07861,301.42,1.1,1.05,2025-08-10,1043,Aqua,MODIS,41,6.1NRT,284.91,8.56,N
58.6598,-102.24851,321.12,1.04,1.02,2025-08-10,1043,Aqua,MODIS,0,6.1NRT,288.54,19.41,N
58.65688,-102.23167,319.76,1.04,1.02,2025-08-10,1043,Aqua,MODIS,99,6.1NRT,287.8,19.28,N
58.65556,-102.2769,317.59,1.04,1.02,2025-08-10,1043,Aqua,MODIS,95,6.1NRT,286.69,19.33,N
58.65265,-102.26003,308.68,1.04,1.02,2025-08-10,1043,Aqua,MODIS,75,6.1NRT,285.9,12.12,N
57.81195,-98.72681,314.9,1.32,1.14,2025-08-10,1043,Aqua,MODIS,12,6.1NRT,284.44,23.23,N
57.81537,-98.79496,308.2,1.31,1.14,2025-08-10,1043,Aqua,MODIS,43,6.1NRT,281.16,17.74,N
57.81112,-98.77464,315.98,1.32,1.14,2025-08-10,1043,Aqua,MODIS,92,6.1NRT,283.3,26.15,N
57.80684,-98.75424,318.62,1.32,1.14,2025-08-10,1043,Aqua,MODIS,69,6.1NRT,284.22,27.69,N
57.80254,-98.73374,317.2,1.32,1.14,2025-08-10,1043,Aqua,MODIS,34,6.1NRT,282.52,25.28,N
58.51939,-103.56766,309.6,1.01,1.01,2025-08-10,1043,Aqua,MODIS,73,6.1NRT,281.88,10.75,N
58.51672,-103.55128,301.52,1.01,1.01,2025-08-10,1043,Aqua,MODIS,21,6.1NRT,279.55,6.05,N
58.29245,-102.33661,331.2,1.05,1.02,2025-08-10,1043,Aqua,MODIS,100,6.1NRT,290.79,35.43,N
58.28952,-102.31985,327.76,1.05,1.02,2025-08-10,1043,Aqua,MODIS,100,6.1NRT,291.05,31.03,N
58.1967,-102.39037,310.13,1.05,1.02,2025-08-10,1043,Aqua,MODIS,75,6.1NRT,286.26,12.67,N
58.19378,-102.37355,306.23,1.05,1.02,2025-08-10,1043,Aqua,MODIS,33,6.1NRT,285.99,9.52,N
58.17618,-102.27247,306.63,1.06,1.03,2025-08-10,1043,Aqua,MODIS,69,6.1NRT,283.46,11.27,N
57.43828,-100.17635,307.35,1.22,1.1,2025-08-10,1043,Aqua,MODIS,71,6.1NRT,282.72,15.37,N
56.81945,-100.41991,305.32,1.24,1.1,2025-08-10,1043,Aqua,MODIS,64,6.1NRT,283.66,14.28,N
57.10558,-102.01997,312.72,1.1,1.05,2025-08-10,1043,Aqua,MODIS,48,6.1NRT,286.76,15.63,N
57.10245,-102.00297,307.09,1.11,1.05,2025-08-10,1043,Aqua,MODIS,23,6.1NRT,286.69,11.22,N
57.09361,-102.00833,310.67,1.11,1.05,2025-08-10,1043,Aqua,MODIS,37,6.1NRT,286.11,13.48,N
56.93103,-102.00654,304.52,1.11,1.05,2025-08-10,1043,Aqua,MODIS,24,6.1NRT,284.15,9.87,N
56.92218,-102.01196,315.95,1.11,1.05,2025-08-10,1043,Aqua,MODIS,54,6.1NRT,289.34,18.94,N
56.91333,-102.01736,330.7,1.11,1.05,2025-08-10,1043,Aqua,MODIS,44,6.1NRT,292.45,35.69,N
56.91079,-102.0569,309.76,1.11,1.05,2025-08-10,1043,Aqua,MODIS,48,6.1NRT,284.23,13.46,N
56.89137,-102.09496,310.59,1.11,1.05,2025-08-10,1043,Aqua,MODIS,77,6.1NRT,286.01,14.23,N
56.82574,-102.05923,371.71,1.11,1.05,2025-08-10,1043,Aqua,MODIS,100,6.1NRT,293.86,145.43,N
56.82259,-102.04216,325.34,1.12,1.05,2025-08-10,1043,Aqua,MODIS,100,6.1NRT,287.35,29.47,N
56.81372,-102.04757,324.42,1.12,1.05,2025-08-10,1043,Aqua,MODIS,100,6.1NRT,286.35,28.46,N
56.81056,-102.0305,348.03,1.12,1.05,2025-08-10,1043,Aqua,MODIS,100,6.1NRT,291.68,70.9,N
56.62785,-101.14949,304.36,1.19,1.08,2025-08-10,1043,Aqua,MODIS,60,6.1NRT,284.13,12.09,N
56.45884,-100.33943,305.41,1.27,1.12,2025-08-10,1043,Aqua,MODIS,17,6.1NRT,282.87,12.48,N
56.77801,-102.05558,304.25,1.12,1.05,2025-08-10,1043,Aqua,MODIS,36,6.1NRT,282.78,10.04,N
56.76913,-102.06096,300.11,1.12,1.05,2025-08-10,1043,Aqua,MODIS,4,6.1NRT,280.6,7.21,N
56.74733,-102.26306,312.89,1.1,1.05,2025-08-10,1043,Aqua,MODIS,86,6.1NRT,289.58,16.79,N
56.73922,-102.25639,301.91,1.11,1.05,2025-08-10,1043,Aqua,MODIS,45,6.1NRT,286.73,9.59,N
56.71441,-102.1204,302.51,1.12,1.05,2025-08-10,1043,Aqua,MODIS,25,6.1NRT,284.67,8.9,N
56.81501,-102.94975,307.51,1.07,1.03,2025-08-10,1043,Aqua,MODIS,72,6.1NRT,284.89,11.86,N
56.65751,-102.07922,302.03,1.12,1.05,2025-08-10,1043,Aqua,MODIS,15,6.1NRT,283.9,8.4,N
56.68978,-102.36133,302.92,1.1,1.05,2025-08-10,1043,Aqua,MODIS,3,6.1NRT,285.32,7.59,N
56.64293,-102.10711,303.04,1.12,1.05,2025-08-10,1043,Aqua,MODIS,33,6.1NRT,284.77,9.4,N
56.71426,-102.86842,315.35,1.07,1.03,2025-08-10,1043,Aqua,MODIS,91,6.1NRT,288.4,18.7,N
56.63375,-102.47444,344.35,1.1,1.04,2025-08-10,1043,Aqua,MODIS,100,6.1NRT,296.95,0,N
56.23199,-100.43494,326.82,1.27,1.12,2025-08-10,1043,Aqua,MODIS,100,6.1NRT,286.75,40.76,N
56.4961,-102.1889,306.31,1.12,1.05,2025-08-10,1043,Aqua,MODIS,68,6.1NRT,285.34,13.04,N
56.17298,-100.56631,303.81,1.26,1.12,2025-08-10,1043,Aqua,MODIS,57,6.1NRT,285.58,11.45,N
56.48777,-102.25061,324.01,1.12,1.05,2025-08-10,1043,Aqua,MODIS,100,6.1NRT,283.37,29.96,N
56.48988,-102.62786,300.1,1.09,1.04,2025-08-10,1043,Aqua,MODIS,15,6.1NRT,282.54,7.58,N
56.48686,-102.61116,311.09,1.1,1.04,2025-08-10,1043,Aqua,MODIS,58,6.1NRT,285.22,14.34,N
56.472,-102.58293,307.37,1.1,1.04,2025-08-10,1043,Aqua,MODIS,30,6.1NRT,283.15,11.25,N
56.04259,-102.16772,309.79,1.14,1.06,2025-08-10,1043,Aqua,MODIS,37,6.1NRT,282.58,14.84,N
56.0394,-102.15061,314.87,1.14,1.07,2025-08-10,1043,Aqua,MODIS,45,6.1NRT,285.46,18.97,N
56.03619,-102.13341,322,1.14,1.07,2025-08-10,1043,Aqua,MODIS,48,6.1NRT,284.52,26.03,N
56.01024,-102.82919,314.94,1.1,1.05,2025-08-10,1043,Aqua,MODIS,78,6.1NRT,286.28,17.03,N
56.26535,-104.52016,305.86,1.02,1.01,2025-08-10,1043,Aqua,MODIS,35,6.1NRT,285.75,9,N
56.25221,-104.78077,301.92,1.02,1.01,2025-08-10,1043,Aqua,MODIS,45,6.1NRT,284.93,7.81,N
56.19488,-104.83442,303.93,1.02,1.01,2025-08-10,1043,Aqua,MODIS,58,6.1NRT,285.39,8.22,N
55.76767,-102.91269,316.43,1.1,1.05,2025-08-10,1043,Aqua,MODIS,93,6.1NRT,284.32,20.57,N
55.47912,-103.00476,311.83,1.11,1.05,2025-08-10,1043,Aqua,MODIS,21,6.1NRT,283.95,13.91,N
55.414,-104.08324,309.04,1.06,1.03,2025-08-10,1043,Aqua,MODIS,36,6.1NRT,287.9,11.23,N
55.35019,-103.71836,328.07,1.07,1.03,2025-08-10,1043,Aqua,MODIS,100,6.1NRT,281.76,33.14,N
55.34549,-109.28199,310.56,1.06,1.03,2025-08-10,1043,Aqua,MODIS,26,6.1NRT,287.75,12.27,N
55.34073,-109.31781,323.56,1.07,1.03,2025-08-10,1043,Aqua,MODIS,26,6.1NRT,290.41,22.85,N
55.33802,-109.3698,323.76,1.07,1.03,2025-08-10,1043,Aqua,MODIS,80,6.1NRT,288.47,24.12,N
58.66547,-102.22615,330.5,1.04,1.02,2025-08-10,1043,Aqua,MODIS,95,6.1NRT,290.97,31.1,N
58.66252,-102.20921,311.45,1.05,1.02,2025-08-10,1043,Aqua,MODIS,27,6.1NRT,285.73,12.02,N
58.66273,-102.26534,331.2,1.04,1.02,2025-08-10,1043,Aqua,MODIS,42,6.1NRT,290.89,31.91,N
58.87312,-100.33424,328.83,1.13,1.06,2025-08-10,1043,Aqua,MODIS,41,6.1NRT,287.23,33.08,N
58.8643,-100.34051,322.54,1.13,1.06,2025-08-10,1043,Aqua,MODIS,0,6.1NRT,288.51,23.99,N
58.86089,-100.32233,321.27,1.13,1.06,2025-08-10,1043,Aqua,MODIS,0,6.1NRT,287.46,22.34,N
58.68789,-102.08012,302.06,1.05,1.02,2025-08-10,1043,Aqua,MODIS,46,6.1NRT,284.33,8.24,N
58.67406,-102.22063,331.89,1.04,1.02,2025-08-10,1043,Aqua,MODIS,100,6.1NRT,291.56,35.02,N
58.67112,-102.20372,321.46,1.05,1.02,2025-08-10,1043,Aqua,MODIS,100,6.1NRT,288.39,22.88,N
58.67425,-102.2767,305.02,1.04,1.02,2025-08-10,1043,Aqua,MODIS,33,6.1NRT,285.48,9.01,N
58.67132,-102.25984,322.24,1.04,1.02,2025-08-10,1043,Aqua,MODIS,72,6.1NRT,288.42,22.01,N
58.6684,-102.24303,324.03,1.04,1.02,2025-08-10,1043,Aqua,MODIS,99,6.1NRT,288.82,24.03,N
60.0392,-121.93822,304.56,1.28,1.12,2025-08-10,1221,Aqua,MODIS,55,6.1NRT,282.86,13.81,D
60.04357,-121.95911,300.57,1.28,1.12,2025-08-10,1221,Aqua,MODIS,26,6.1NRT,279.91,10.92,D
58.92383,-118.27336,309.94,1.85,1.33,2025-08-10,1221,Aqua,MODIS,49,6.1NRT,280.79,28.49,D
47.87302,-53.16095,354.94,1.1,1.04,2025-08-10,1338,Terra,MODIS,92,6.1NRT,297.96,77.95,D
47.15796,-65.43465,309.84,2.22,1.44,2025-08-10,1338,Terra,MODIS,64,6.1NRT,293.08,17.2,D
47.81261,-53.1891,308.14,1.1,1.04,2025-08-10,1338,Terra,MODIS,54,6.1NRT,296.11,6.77,D
47.86589,-53.11855,335.34,1.1,1.05,2025-08-10,1338,Terra,MODIS,48,6.1NRT,301.88,28.63,D
47.87487,-53.1151,353.34,1.1,1.05,2025-08-10,1338,Terra,MODIS,89,6.1NRT,302.76,69.75,D
47.88386,-53.11165,330.46,1.1,1.05,2025-08-10,1338,Terra,MODIS,43,6.1NRT,298.81,26.17,D
58.9409,-99.80138,326.13,1,1,2025-08-10,1650,Terra,MODIS,64,6.1NRT,294.6,20.33,D
58.95058,-99.86755,343.74,1,1,2025-08-10,1650,Terra,MODIS,71,6.1NRT,297.99,45.44,D
58.95672,-99.84638,366.4,1,1,2025-08-10,1650,Terra,MODIS,87,6.1NRT,297.64,97.37,D
58.95914,-99.86293,368.62,1,1,2025-08-10,1650,Terra,MODIS,0,6.1NRT,297.87,106.9,D
58.96563,-100.16289,341.73,1,1,2025-08-10,1650,Terra,MODIS,43,6.1NRT,295.28,40.21,D
58.86999,-100.3447,367.1,1,1,2025-08-10,1650,Terra,MODIS,94,6.1NRT,282.94,97.46,D
58.86527,-100.3116,342.31,1,1,2025-08-10,1650,Terra,MODIS,53,6.1NRT,283.43,38.41,D
58.84242,-100.29397,356.72,1,1,2025-08-10,1650,Terra,MODIS,98,6.1NRT,298.49,72.52,D
58.82528,-100.30298,338.67,1,1,2025-08-10,1650,Terra,MODIS,91,6.1NRT,295.19,37.53,D
58.96801,-100.17947,338.18,1,1,2025-08-10,1650,Terra,MODIS,45,6.1NRT,296.24,33.41,D
58.97421,-100.15834,330.05,1,1,2025-08-10,1650,Terra,MODIS,45,6.1NRT,291.86,25.33,D
58.97658,-100.17493,344.13,1,1,2025-08-10,1650,Terra,MODIS,88,6.1NRT,293.58,47.29,D
57.09571,-102.00809,325.58,1.01,1,2025-08-10,1652,Terra,MODIS,65,6.1NRT,293.5,20.54,D
57.06061,-101.75355,325.94,1,1,2025-08-10,1652,Terra,MODIS,55,6.1NRT,292.82,19.48,D
57.0562,-101.72184,357.86,1,1,2025-08-10,1652,Terra,MODIS,81,6.1NRT,296.55,74.53,D
57.05399,-101.70599,327.59,1,1,2025-08-10,1652,Terra,MODIS,58,6.1NRT,291.94,20.55,D
57.08705,-102.01202,320.07,1.01,1,2025-08-10,1652,Terra,MODIS,57,6.1NRT,292.28,14.87,D
57.05198,-101.75751,322.93,1,1,2025-08-10,1652,Terra,MODIS,75,6.1NRT,294.36,16.69,D
57.04978,-101.74168,333.26,1,1,2025-08-10,1652,Terra,MODIS,83,6.1NRT,293.45,28.67,D
57.01728,-101.70609,371.86,1,1,2025-08-10,1652,Terra,MODIS,0,6.1NRT,298.96,118.3,D
57.01507,-101.69025,373.3,1,1,2025-08-10,1652,Terra,MODIS,0,6.1NRT,299.46,125.27,D
57.01286,-101.67445,310.46,1,1,2025-08-10,1652,Terra,MODIS,0,6.1NRT,291.91,7.6,D
56.81518,-100.44164,317.79,1,1,2025-08-10,1652,Terra,MODIS,59,6.1NRT,292.03,12.76,D
56.81281,-100.42597,324.46,1,1,2025-08-10,1652,Terra,MODIS,63,6.1NRT,294.53,19.57,D
56.73853,-100.01243,305.96,1.01,1.01,2025-08-10,1652,Terra,MODIS,53,6.1NRT,293.09,6.35,D
56.92805,-101.80352,320.13,1,1,2025-08-10,1652,Terra,MODIS,0,6.1NRT,295.71,14.31,D
56.92381,-101.8391,336.18,1,1,2025-08-10,1652,Terra,MODIS,0,6.1NRT,294.8,32.71,D
56.90819,-101.93698,313.48,1.01,1,2025-08-10,1652,Terra,MODIS,49,6.1NRT,292.24,8.69,D
56.90381,-101.90533,311.86,1,1,2025-08-10,1652,Terra,MODIS,42,6.1NRT,290.64,8.03,D
56.91264,-102.03596,332.09,1.01,1,2025-08-10,1652,Terra,MODIS,0,6.1NRT,294.38,27.11,D
56.91046,-102.02011,319.59,1.01,1,2025-08-10,1652,Terra,MODIS,0,6.1NRT,293.03,14.5,D
56.90828,-102.00426,313.99,1.01,1,2025-08-10,1652,Terra,MODIS,0,6.1NRT,291.78,9.19,D
56.64771,-100.33529,342.51,1.01,1,2025-08-10,1652,Terra,MODIS,0,6.1NRT,294.54,44.65,D
56.64149,-100.35519,323.64,1.01,1,2025-08-10,1652,Terra,MODIS,65,6.1NRT,293.01,19.04,D
56.63911,-100.33956,333.64,1.01,1,2025-08-10,1652,Terra,MODIS,77,6.1NRT,297,31.36,D
56.60633,-100.3785,316.99,1.01,1,2025-08-10,1652,Terra,MODIS,63,6.1NRT,293.23,11.82,D
56.82317,-102.0654,365.2,1.01,1,2025-08-10,1652,Terra,MODIS,100,6.1NRT,297.94,98.31,D
56.821,-102.04959,373.1,1.01,1,2025-08-10,1652,Terra,MODIS,100,6.1NRT,297.11,123.76,D
56.81882,-102.03378,346.96,1.01,1,2025-08-10,1652,Terra,MODIS,95,6.1NRT,292.7,52.67,D
56.81453,-102.06929,319.21,1.01,1,2025-08-10,1652,Terra,MODIS,79,6.1NRT,293.35,13.89,D
56.81235,-102.05349,369.34,1.01,1,2025-08-10,1652,Terra,MODIS,100,6.1NRT,297.25,110.82,D
56.81018,-102.03767,375.86,1.01,1,2025-08-10,1652,Terra,MODIS,100,6.1NRT,300.53,133.89,D
56.80153,-102.04156,325.21,1.01,1,2025-08-10,1652,Terra,MODIS,66,6.1NRT,295.13,18.77,D
56.79935,-102.02577,321.98,1.01,1,2025-08-10,1652,Terra,MODIS,79,6.1NRT,292.32,16.22,D
56.76911,-102.07291,325.98,1.01,1,2025-08-10,1652,Terra,MODIS,84,6.1NRT,293.16,20.44,D
56.76694,-102.05713,316.55,1.01,1,2025-08-10,1652,Terra,MODIS,68,6.1NRT,290.9,11.14,D
56.59919,-100.9575,314.17,1,1,2025-08-10,1652,Terra,MODIS,55,6.1NRT,299.04,9.46,D
56.59689,-100.94194,324.42,1,1,2025-08-10,1652,Terra,MODIS,0,6.1NRT,298.6,19.53,D
56.74687,-102.05609,312.64,1.01,1,2025-08-10,1652,Terra,MODIS,55,6.1NRT,290.68,10.22,D
56.61801,-101.14842,311.03,1,1,2025-08-10,1652,Terra,MODIS,43,6.1NRT,295.19,7.5,D
56.60942,-101.15249,360.68,1,1,2025-08-10,1652,Terra,MODIS,0,6.1NRT,299.06,84.67,D
56.17033,-98.38205,308.74,1.08,1.04,2025-08-10,1652,Terra,MODIS,45,6.1NRT,292.33,3.89,D
56.8046,-102.68745,316.71,1.02,1.01,2025-08-10,1652,Terra,MODIS,35,6.1NRT,283.57,13.8,D
58.28835,-102.34513,316.88,1.03,1.01,2025-08-10,1652,Terra,MODIS,0,6.1NRT,287.91,15.67,D
57.41599,-99.32766,312.62,1.02,1.01,2025-08-10,1652,Terra,MODIS,47,6.1NRT,296.12,7.87,D
57.46328,-100.30971,321.47,1,1,2025-08-10,1652,Terra,MODIS,61,6.1NRT,294.93,16.58,D
57.4356,-100.18675,335.74,1,1,2025-08-10,1652,Terra,MODIS,78,6.1NRT,299.99,32.28,D
57.38006,-100.13622,305.4,1,1,2025-08-10,1652,Terra,MODIS,0,6.1NRT,293,5.39,D
57.42141,-100.47434,305.49,1,1,2025-08-10,1652,Terra,MODIS,53,6.1NRT,293.68,4.68,D
57.41905,-100.45845,313.44,1,1,2025-08-10,1652,Terra,MODIS,64,6.1NRT,296.7,9.93,D
57.10872,-102.03608,328.83,1.01,1,2025-08-10,1652,Terra,MODIS,51,6.1NRT,291.24,24.39,D
57.10654,-102.02013,359.37,1.01,1,2025-08-10,1652,Terra,MODIS,99,6.1NRT,294.03,82.55,D
57.10007,-102.04001,351.41,1.01,1,2025-08-10,1652,Terra,MODIS,0,6.1NRT,294.04,63.26,D
57.09789,-102.02405,378.42,1.01,1,2025-08-10,1652,Terra,MODIS,82,6.1NRT,298.87,144.88,D
56.15826,-100.64635,317.15,1.01,1,2025-08-10,1652,Terra,MODIS,65,6.1NRT,295.73,13.02,D
56.38287,-102.2598,305.74,1.01,1,2025-08-10,1652,Terra,MODIS,42,6.1NRT,291.05,5.14,D
56.33751,-102.06477,312.49,1,1,2025-08-10,1652,Terra,MODIS,0,6.1NRT,291.34,9.1,D
56.30274,-101.88223,346.99,1,1,2025-08-10,1652,Terra,MODIS,87,6.1NRT,296.36,49.4,D
56.29849,-101.91713,368.39,1,1,2025-08-10,1652,Terra,MODIS,87,6.1NRT,298.67,103.21,D
56.29193,-101.87061,342.21,1,1,2025-08-10,1652,Terra,MODIS,87,6.1NRT,295.16,40.9,D
56.28974,-101.85511,320.6,1,1,2025-08-10,1652,Terra,MODIS,44,6.1NRT,293.23,12.85,D
56.10581,-100.60534,313.87,1.01,1,2025-08-10,1652,Terra,MODIS,68,6.1NRT,293.27,9.99,D
56.10344,-100.58989,311.64,1.01,1,2025-08-10,1652,Terra,MODIS,65,6.1NRT,292.69,7.68,D
56.2653,-102.21822,315.76,1,1,2025-08-10,1652,Terra,MODIS,71,6.1NRT,293,11.49,D
55.86576,-99.62331,309.36,1.04,1.02,2025-08-10,1652,Terra,MODIS,63,6.1NRT,291.26,7.53,D
56.19551,-102.18979,307.02,1,1,2025-08-10,1652,Terra,MODIS,0,6.1NRT,291.48,5.83,D
56.15448,-102.15849,311.74,1,1,2025-08-10,1652,Terra,MODIS,0,6.1NRT,292.47,8.34,D
56.15232,-102.143,307.5,1,1,2025-08-10,1652,Terra,MODIS,48,6.1NRT,292.16,5.37,D
56.04987,-102.07928,353.27,1,1,2025-08-10,1652,Terra,MODIS,97,6.1NRT,296.18,64.92,D
56.0477,-102.06387,319.66,1,1,2025-08-10,1652,Terra,MODIS,71,6.1NRT,292.96,14.13,D
56.05204,-102.16024,350.23,1,1,2025-08-10,1652,Terra,MODIS,96,6.1NRT,295.15,58.68,D
56.04557,-102.17948,383.9,1,1,2025-08-10,1652,Terra,MODIS,100,6.1NRT,297.83,167.39,D
56.04341,-102.16404,365.07,1,1,2025-08-10,1652,Terra,MODIS,100,6.1NRT,296.78,96.82,D
56.03909,-102.13316,317.46,1,1,2025-08-10,1652,Terra,MODIS,53,6.1NRT,293.81,10.7,D
56.03693,-102.11774,323.78,1,1,2025-08-10,1652,Terra,MODIS,74,6.1NRT,294.12,16.65,D
56.03693,-102.18327,340.05,1,1,2025-08-10,1652,Terra,MODIS,92,6.1NRT,294.36,40.77,D
56.03477,-102.16783,333.64,1,1,2025-08-10,1652,Terra,MODIS,85,6.1NRT,294.68,29.66,D
56.03262,-102.15239,340.44,1,1,2025-08-10,1652,Terra,MODIS,82,6.1NRT,295.88,38.87,D
56.03046,-102.13697,337.54,1,1,2025-08-10,1652,Terra,MODIS,72,6.1NRT,293.53,34.02,D
56.02756,-102.19408,303.33,1,1,2025-08-10,1652,Terra,MODIS,49,6.1NRT,291.34,4.26,D
56.01457,-102.10154,340.33,1,1,2025-08-10,1652,Terra,MODIS,92,6.1NRT,294.5,42.61,D
56.0124,-102.08614,310.13,1,1,2025-08-10,1652,Terra,MODIS,68,6.1NRT,291.35,7.78,D
56.26398,-104.52319,314.4,1.08,1.04,2025-08-10,1652,Terra,MODIS,48,6.1NRT,285.86,12.16,D
56.06864,-102.96671,306.16,1.02,1.01,2025-08-10,1652,Terra,MODIS,42,6.1NRT,292.24,5.55,D
56.36619,-105.59303,321.1,1.15,1.07,2025-08-10,1652,Terra,MODIS,79,6.1NRT,296.7,19.37,D
56.36423,-105.57502,312.99,1.15,1.07,2025-08-10,1652,Terra,MODIS,65,6.1NRT,294.08,10.31,D
56.03034,-102.81728,321.19,1.01,1.01,2025-08-10,1652,Terra,MODIS,50,6.1NRT,284.78,17.65,D
56.25124,-104.79995,313.68,1.1,1.04,2025-08-10,1652,Terra,MODIS,66,6.1NRT,293.64,10.58,D
56.24923,-104.78291,325.44,1.09,1.04,2025-08-10,1652,Terra,MODIS,62,6.1NRT,294.41,22.98,D
55.97393,-102.68235,301.64,1.01,1,2025-08-10,1652,Terra,MODIS,28,6.1NRT,290.31,3.91,D
56.21889,-104.84768,318.66,1.1,1.04,2025-08-10,1652,Terra,MODIS,66,6.1NRT,295.8,15.14,D
55.92844,-102.68525,307.14,1.01,1,2025-08-10,1652,Terra,MODIS,0,6.1NRT,291.05,6.49,D
56.18965,-104.84064,318.02,1.1,1.04,2025-08-10,1652,Terra,MODIS,0,6.1NRT,294.48,13.07,D
55.63319,-101.14617,310.39,1,1,2025-08-10,1652,Terra,MODIS,43,6.1NRT,291.94,7.04,D
55.8264,-102.97057,308.1,1.01,1.01,2025-08-10,1652,Terra,MODIS,41,6.1NRT,290.83,6.53,D
55.79496,-102.73788,307.62,1.01,1,2025-08-10,1652,Terra,MODIS,0,6.1NRT,292.35,4.42,D
55.77456,-102.92647,311.44,1.01,1.01,2025-08-10,1652,Terra,MODIS,60,6.1NRT,291.87,7.56,D
55.77417,-102.99224,349.56,1.01,1.01,2025-08-10,1652,Terra,MODIS,90,6.1NRT,292.07,60.54,D
55.76586,-102.93008,355.95,1.01,1.01,2025-08-10,1652,Terra,MODIS,93,6.1NRT,292.4,72.56,D
55.76378,-102.91457,360.17,1.01,1.01,2025-08-10,1652,Terra,MODIS,94,6.1NRT,294,83.18,D
55.74391,-102.91312,316.34,1.01,1.01,2025-08-10,1652,Terra,MODIS,40,6.1NRT,291.41,10.72,D
55.74566,-102.99427,323.97,1.01,1.01,2025-08-10,1652,Terra,MODIS,73,6.1NRT,291.84,16.36,D
55.74357,-102.97874,323.53,1.01,1.01,2025-08-10,1652,Terra,MODIS,71,6.1NRT,292.51,16.22,D
55.7373,-102.93223,326.09,1.01,1.01,2025-08-10,1652,Terra,MODIS,0,6.1NRT,292.88,20.72,D
55.73522,-102.91673,317.8,1.01,1.01,2025-08-10,1652,Terra,MODIS,50,6.1NRT,292.33,12.42,D
55.72475,-102.83942,335.34,1.01,1,2025-08-10,1652,Terra,MODIS,67,6.1NRT,292.21,34.79,D
55.72266,-102.82398,329.53,1.01,1,2025-08-10,1652,Terra,MODIS,65,6.1NRT,293.79,26.59,D
55.7432,-103.04448,328.64,1.01,1.01,2025-08-10,1652,Terra,MODIS,80,6.1NRT,292.65,23.79,D
55.73487,-102.98236,326.02,1.01,1.01,2025-08-10,1652,Terra,MODIS,42,6.1NRT,293.27,17.06,D
55.72825,-103.00149,350.87,1.01,1.01,2025-08-10,1652,Terra,MODIS,96,6.1NRT,294.23,57.83,D
55.72617,-102.98598,362.16,1.01,1.01,2025-08-10,1652,Terra,MODIS,100,6.1NRT,295.07,86.03,D
55.69498,-104.25832,312.64,1.05,1.03,2025-08-10,1652,Terra,MODIS,0,6.1NRT,291.66,10.73,D
55.54254,-103.07442,325.36,1.01,1.01,2025-08-10,1652,Terra,MODIS,0,6.1NRT,294.28,19.72,D
55.53591,-103.09345,302.7,1.01,1.01,2025-08-10,1652,Terra,MODIS,23,6.1NRT,291.2,3.68,D
55.53384,-103.07799,311.23,1.01,1.01,2025-08-10,1652,Terra,MODIS,28,6.1NRT,293.72,8.36,D
55.50683,-102.87788,305.84,1.01,1,2025-08-10,1652,Terra,MODIS,0,6.1NRT,291.57,4.62,D
55.50608,-103.00798,331.95,1.01,1.01,2025-08-10,1652,Terra,MODIS,49,6.1NRT,295.22,24.92,D
55.486,-103.0061,364.47,1.01,1.01,2025-08-10,1652,Terra,MODIS,75,6.1NRT,297.77,99.16,D
55.47731,-103.00971,410.69,1.01,1.01,2025-08-10,1652,Terra,MODIS,0,6.1NRT,301,326.79,D
55.4669,-102.93295,305.2,1.01,1,2025-08-10,1652,Terra,MODIS,0,6.1NRT,292.24,4.11,D
55.46921,-103.50234,314.78,1.02,1.01,2025-08-10,1652,Terra,MODIS,0,6.1NRT,294.42,11.4,D
55.46718,-103.48676,312.96,1.02,1.01,2025-08-10,1652,Terra,MODIS,0,6.1NRT,296.68,10,D
55.46449,-103.97298,307.03,1.04,1.02,2025-08-10,1652,Terra,MODIS,39,6.1NRT,291.63,5.18,D
55.34932,-103.72655,397.71,1.03,1.01,2025-08-10,1652,Terra,MODIS,0,6.1NRT,300.09,242.52,D
55.34729,-103.71093,344.42,1.03,1.01,2025-08-10,1652,Terra,MODIS,78,6.1NRT,289.14,46.88,D
55.33024,-107.12599,359.07,1.25,1.11,2025-08-10,1652,Terra,MODIS,99,6.1NRT,297.31,109.26,D
55.32835,-107.1069,332.31,1.24,1.11,2025-08-10,1652,Terra,MODIS,86,6.1NRT,294.76,37.08,D
55.3075,-106.89854,322.94,1.22,1.1,2025-08-10,1652,Terra,MODIS,53,6.1NRT,299.33,17.76,D
55.30561,-106.87987,323.51,1.22,1.1,2025-08-10,1652,Terra,MODIS,63,6.1NRT,296.26,19.13,D
55.32936,-107.1329,340.01,1.25,1.11,2025-08-10,1652,Terra,MODIS,91,6.1NRT,296.02,54.63,D
55.3274,-107.11382,344.48,1.24,1.11,2025-08-10,1652,Terra,MODIS,93,6.1NRT,295.96,65.13,D
55.30391,-106.887,330.69,1.22,1.1,2025-08-10,1652,Terra,MODIS,63,6.1NRT,297.77,29.96,D
55.29827,-107.02459,342.81,1.24,1.1,2025-08-10,1652,Terra,MODIS,92,6.1NRT,297.89,55.14,D
54.91613,-104.03991,315.91,1.03,1.02,2025-08-10,1652,Terra,MODIS,42,6.1NRT,295.13,7.59,D
54.85326,-103.62738,310.78,1.02,1.01,2025-08-10,1652,Terra,MODIS,67,6.1NRT,291.49,8.87,D
55.02423,-106.09319,339.69,1.15,1.07,2025-08-10,1652,Terra,MODIS,88,6.1NRT,298.06,44.58,D
55.02034,-106.0584,324.45,1.14,1.07,2025-08-10,1652,Terra,MODIS,43,6.1NRT,300.12,17.92,D
54.98699,-106.10537,312.75,1.15,1.07,2025-08-10,1652,Terra,MODIS,38,6.1NRT,297.32,8.22,D
54.91433,-106.55421,306.21,1.18,1.08,2025-08-10,1652,Terra,MODIS,26,6.1NRT,294.46,4.89,D
56.46251,-100.35567,320.96,1.01,1,2025-08-10,1652,Terra,MODIS,47,6.1NRT,293.09,15.62,D
56.46012,-100.34009,353.86,1.01,1,2025-08-10,1652,Terra,MODIS,85,6.1NRT,298.46,69.96,D
56.78717,-102.69501,315.94,1.02,1.01,2025-08-10,1652,Terra,MODIS,33,6.1NRT,282.74,11.71,D
56.15196,-98.49989,314.97,1.08,1.04,2025-08-10,1652,Terra,MODIS,50,6.1NRT,292.63,9.88,D
56.81002,-102.94016,300.37,1.03,1.01,2025-08-10,1652,Terra,MODIS,17,6.1NRT,282.11,4.17,D
56.14317,-98.50474,311.92,1.08,1.04,2025-08-10,1652,Terra,MODIS,38,6.1NRT,291.19,7.29,D
56.68536,-102.42463,326.54,1.01,1.01,2025-08-10,1652,Terra,MODIS,17,6.1NRT,289.29,16.41,D
56.71288,-102.69906,320.06,1.02,1.01,2025-08-10,1652,Terra,MODIS,0,6.1NRT,287.4,18.29,D
56.63362,-102.11268,308.86,1.01,1,2025-08-10,1652,Terra,MODIS,37,6.1NRT,292.56,5.91,D
56.60118,-102.07713,307.44,1.01,1,2025-08-10,1652,Terra,MODIS,46,6.1NRT,293.14,5.62,D
56.01453,-98.31044,310.77,1.09,1.04,2025-08-10,1652,Terra,MODIS,33,6.1NRT,292.9,9.03,D
56.63754,-102.47916,343.28,1.01,1.01,2025-08-10,1652,Terra,MODIS,0,6.1NRT,296.56,46.2,D
56.16916,-99.39766,304.77,1.04,1.02,2025-08-10,1652,Terra,MODIS,0,6.1NRT,292.88,6.68,D
56.5465,-102.22478,308.04,1.01,1,2025-08-10,1652,Terra,MODIS,62,6.1NRT,292.46,5.39,D
55.9745,-98.57272,314.03,1.08,1.04,2025-08-10,1652,Terra,MODIS,70,6.1NRT,292.3,12.37,D
56.50326,-102.04438,310.15,1,1,2025-08-10,1652,Terra,MODIS,54,6.1NRT,292.68,7.96,D
56.62173,-103.06622,311.12,1.03,1.01,2025-08-10,1652,Terra,MODIS,0,6.1NRT,282.68,10.25,D
56.49464,-102.11469,311.43,1,1,2025-08-10,1652,Terra,MODIS,0,6.1NRT,291.12,7.84,D
56.25261,-100.52734,312.25,1.01,1,2025-08-10,1652,Terra,MODIS,0,6.1NRT,293.67,10.74,D
56.25024,-100.51185,326.98,1.01,1,2025-08-10,1652,Terra,MODIS,0,6.1NRT,294.66,24.98,D
56.47433,-102.24612,307.7,1.01,1,2025-08-10,1652,Terra,MODIS,0,6.1NRT,292.59,4.64,D
56.17477,-100.38206,307.78,1.01,1.01,2025-08-10,1652,Terra,MODIS,0,6.1NRT,293.94,6.52,D
56.48874,-102.62331,311.92,1.01,1.01,2025-08-10,1652,Terra,MODIS,65,6.1NRT,286.71,10.55,D
56.4737,-102.57965,314.24,1.01,1.01,2025-08-10,1652,Terra,MODIS,54,6.1NRT,289.51,11.3,D
56.45458,-102.43783,305.47,1.01,1,2025-08-10,1652,Terra,MODIS,0,6.1NRT,292.19,5.07,D
56.44957,-102.54661,304.4,1.01,1.01,2025-08-10,1652,Terra,MODIS,33,6.1NRT,287.87,5.12,D
56.1684,-100.59161,316.24,1.01,1,2025-08-10,1652,Terra,MODIS,34,6.1NRT,293.54,8.6,D
50.51823,-104.62813,308.11,1,1,2025-08-10,1654,Terra,MODIS,52,6.1NRT,295.72,4.72,D
58.91442,-118.23943,413.98,1.29,1.13,2025-08-10,1828,Terra,MODIS,100,6.1NRT,302.8,487.98,D
58.91026,-118.2188,334.81,1.29,1.13,2025-08-10,1828,Terra,MODIS,29,6.1NRT,292.31,38.9,D
58.93096,-118.32748,349.9,1.28,1.12,2025-08-10,1828,Terra,MODIS,94,6.1NRT,296.66,80.26,D
58.92691,-118.30691,342.48,1.29,1.13,2025-08-10,1828,Terra,MODIS,53,6.1NRT,299.88,57.13,D
58.91469,-118.24499,395.16,1.29,1.13,2025-08-10,1828,Terra,MODIS,100,6.1NRT,302.26,316.69,D
58.9106,-118.22429,360.21,1.29,1.13,2025-08-10,1828,Terra,MODIS,100,6.1NRT,293.98,117.67,D
58.91758,-118.31383,343.93,1.29,1.13,2025-08-10,1828,Terra,MODIS,92,6.1NRT,292.43,64.78,D
58.91351,-118.29324,362.03,1.29,1.13,2025-08-10,1828,Terra,MODIS,100,6.1NRT,293.64,123.18,D
58.90944,-118.27261,358.57,1.29,1.13,2025-08-10,1828,Terra,MODIS,99,6.1NRT,292.81,111.66,D
58.91857,-118.26006,339.55,1.29,1.13,2025-08-10,1828,Terra,MODIS,53,6.1NRT,298.38,38.14,D
56.3683,-105.58958,314.03,4.82,2,2025-08-10,1828,Terra,MODIS,0,6.1NRT,283.98,123.84,D
60.04011,-121.94826,320.12,1.03,1.01,2025-08-10,1828,Terra,MODIS,63,6.1NRT,298.2,13.85,D
60.03434,-121.97103,333.64,1.03,1.01,2025-08-10,1828,Terra,MODIS,82,6.1NRT,299.27,28.58,D
60.06396,-122.63988,308.27,1.01,1.01,2025-08-10,1828,Terra,MODIS,60,6.1NRT,294.82,6.08,D
59.91703,-122.12737,307.02,1.02,1.01,2025-08-10,1828,Terra,MODIS,38,6.1NRT,294.14,4.93,D
59.79835,-121.80924,323.54,1.04,1.02,2025-08-10,1828,Terra,MODIS,0,6.1NRT,297.92,14.82,D
59.7955,-121.79189,326.42,1.04,1.02,2025-08-10,1828,Terra,MODIS,0,6.1NRT,295.91,18.05,D
59.87865,-122.42298,311.29,1.02,1.01,2025-08-10,1828,Terra,MODIS,54,6.1NRT,298.28,7.22,D
59.76973,-121.75086,316.37,1.04,1.02,2025-08-10,1828,Terra,MODIS,54,6.1NRT,297.8,10.24,D
58.91962,-118.21184,337.5,1.29,1.13,2025-08-10,1828,Terra,MODIS,73,6.1NRT,295.48,47.1,D
58.91546,-118.19118,354.47,1.3,1.13,2025-08-10,1828,Terra,MODIS,98,6.1NRT,291.45,100.83,D
58.93095,-118.32173,363.92,1.28,1.12,2025-08-10,1828,Terra,MODIS,97,6.1NRT,298.51,128.07,D
53.89352,-124.64983,313.38,1.07,1.03,2025-08-10,1830,Terra,MODIS,64,6.1NRT,287.01,11.95,D
47.16052,-65.41664,435.1,1,1,2025-08-10,1836,Aqua,MODIS,100,6.1NRT,311.06,532.14,D
47.1587,-65.42943,332.81,1,1,2025-08-10,1836,Aqua,MODIS,86,6.1NRT,302.29,24.42,D
47.15686,-65.4422,328.08,1,1,2025-08-10,1836,Aqua,MODIS,82,6.1NRT,299.58,19.13,D
47.16922,-65.41935,325.92,1,1,2025-08-10,1836,Aqua,MODIS,80,6.1NRT,297.93,16.54,D
47.16739,-65.43214,329.89,1,1,2025-08-10,1836,Aqua,MODIS,84,6.1NRT,298.76,21.23,D
47.14817,-65.4395,343.02,1,1,2025-08-10,1836,Aqua,MODIS,92,6.1NRT,300.82,41.27,D
47.16235,-65.40385,382.07,1,1,2025-08-10,1836,Aqua,MODIS,100,6.1NRT,299.36,155.59,D
46.17023,-64.75958,341.87,1.01,1,2025-08-10,1836,Aqua,MODIS,81,6.1NRT,301.63,37.36,D
46.18073,-64.7495,390.99,1.01,1,2025-08-10,1836,Aqua,MODIS,100,6.1NRT,300.63,196.59,D
46.17896,-64.76215,435.9,1.01,1,2025-08-10,1836,Aqua,MODIS,100,6.1NRT,313.01,542.82,D
46.1772,-64.7748,340.03,1.01,1,2025-08-10,1836,Aqua,MODIS,90,6.1NRT,300.52,34.15,D
46.18769,-64.76471,316.04,1.01,1,2025-08-10,1836,Aqua,MODIS,12,6.1NRT,298.26,5.62,D
47.85736,-53.14935,324.86,3.55,1.77,2025-08-10,1836,Aqua,MODIS,0,6.1NRT,299.03,106.46,D
47.87303,-53.15024,334.26,3.55,1.77,2025-08-10,1836,Aqua,MODIS,0,6.1NRT,297.45,180.44,D
47.86906,-53.15942,329.63,3.55,1.77,2025-08-10,1836,Aqua,MODIS,70,6.1NRT,298.32,144.37,D
47.15365,-65.40116,314.57,1,1,2025-08-10,1836,Aqua,MODIS,66,6.1NRT,297.62,6.1,D
47.15182,-65.41394,340.34,1,1,2025-08-10,1836,Aqua,MODIS,90,6.1NRT,299.16,36.87,D
47.15,-65.42672,327.02,1,1,2025-08-10,1836,Aqua,MODIS,81,6.1NRT,299.1,17.01,D
68.41248,-120.67316,300.57,2.29,1.47,2025-08-10,2004,Terra,MODIS,32,6.1NRT,287.18,7.22,D
55.34967,-103.71765,423.55,1.78,1.31,2025-08-10,2017,Aqua,MODIS,0,6.1NRT,293.44,979.46,D
55.32708,-103.76047,353.65,1.79,1.31,2025-08-10,2017,Aqua,MODIS,92,6.1NRT,284.9,147.57,D
55.33305,-103.73502,403.14,1.79,1.31,2025-08-10,2017,Aqua,MODIS,94,6.1NRT,290.5,618.43,D
55.2421,-104.06556,331.45,1.86,1.33,2025-08-10,2017,Aqua,MODIS,0,6.1NRT,287.86,66.42,D
55.31637,-103.75249,335.78,1.79,1.31,2025-08-10,2017,Aqua,MODIS,57,6.1NRT,281.2,67.45,D
55.22485,-104.08402,310.72,1.86,1.33,2025-08-10,2017,Aqua,MODIS,0,6.1NRT,288.52,22.51,D
55.47773,-103.003,425.38,1.65,1.26,2025-08-10,2017,Aqua,MODIS,0,6.1NRT,312.17,907.67,D
55.50462,-102.88474,311.77,1.63,1.26,2025-08-10,2017,Aqua,MODIS,0,6.1NRT,292.43,15.05,D
56.06252,-99.21777,305.36,1.17,1.08,2025-08-10,2017,Aqua,MODIS,51,6.1NRT,294.82,5.74,D
54.30637,-102.13958,417.29,1.65,1.26,2025-08-10,2017,Aqua,MODIS,75,6.1NRT,305.53,771.8,D
54.30107,-102.16297,321.81,1.66,1.27,2025-08-10,2017,Aqua,MODIS,58,6.1NRT,294.35,32.59,D
54.32205,-102.1233,318.61,1.65,1.26,2025-08-10,2017,Aqua,MODIS,42,6.1NRT,292.42,24.07,D
54.3168,-102.14663,377.19,1.65,1.26,2025-08-10,2017,Aqua,MODIS,87,6.1NRT,295.73,288.59,D
56.00365,-98.30848,323.21,1.11,1.05,2025-08-10,2017,Aqua,MODIS,70,6.1NRT,295.32,18.73,D
56.00063,-98.32526,322.13,1.11,1.05,2025-08-10,2017,Aqua,MODIS,68,6.1NRT,295.32,18.25,D
56.00884,-98.31657,320.46,1.11,1.05,2025-08-10,2017,Aqua,MODIS,73,6.1NRT,297.3,16.45,D
56.00579,-98.33329,314.74,1.11,1.05,2025-08-10,2017,Aqua,MODIS,40,6.1NRT,296.08,11.1,D
55.9713,-98.57461,409.27,1.13,1.06,2025-08-10,2017,Aqua,MODIS,100,6.1NRT,298.46,369.84,D
55.96816,-98.59162,380.19,1.13,1.06,2025-08-10,2017,Aqua,MODIS,100,6.1NRT,302.92,179.33,D
55.98183,-98.73235,313.28,1.14,1.06,2025-08-10,2017,Aqua,MODIS,61,6.1NRT,295.67,9.7,D
55.86702,-99.63122,336.52,1.22,1.1,2025-08-10,2017,Aqua,MODIS,89,6.1NRT,293.37,44.62,D
54.93001,-103.97641,317.14,1.89,1.34,2025-08-10,2017,Aqua,MODIS,38,6.1NRT,286.32,30.22,D
55.90857,-99.57616,314.17,1.21,1.09,2025-08-10,2017,Aqua,MODIS,54,6.1NRT,291.71,12.2,D
55.61399,-101.04218,310.17,1.37,1.16,2025-08-10,2017,Aqua,MODIS,56,6.1NRT,295.46,7.95,D
55.60558,-101.0825,314.24,1.38,1.16,2025-08-10,2017,Aqua,MODIS,65,6.1NRT,295.68,13.67,D
55.99594,-99.17232,303.65,1.17,1.08,2025-08-10,2017,Aqua,MODIS,0,6.1NRT,290.58,4.57,D
55.99262,-99.18988,304.78,1.17,1.08,2025-08-10,2017,Aqua,MODIS,0,6.1NRT,292.28,5.27,D
55.84286,-99.96588,307.91,1.25,1.11,2025-08-10,2017,Aqua,MODIS,60,6.1NRT,295.45,7.53,D
55.83919,-99.98451,311.41,1.25,1.11,2025-08-10,2017,Aqua,MODIS,67,6.1NRT,296.83,10.84,D
55.33772,-103.76871,332.81,1.79,1.31,2025-08-10,2017,Aqua,MODIS,53,6.1NRT,285.58,58.34,D
55.2702,-104.05502,310.66,1.85,1.33,2025-08-10,2017,Aqua,MODIS,43,6.1NRT,289.53,16.76,D
55.51925,-103.03274,398.14,1.65,1.26,2025-08-10,2017,Aqua,MODIS,75,6.1NRT,303.13,479.19,D
56.2395,-98.26011,315.58,1.1,1.05,2025-08-10,2017,Aqua,MODIS,0,6.1NRT,294.11,11.37,D
55.63576,-101.14901,353.48,1.39,1.17,2025-08-10,2017,Aqua,MODIS,73,6.1NRT,296.7,106.38,D
55.5919,-101.30623,318.28,1.41,1.17,2025-08-10,2017,Aqua,MODIS,0,6.1NRT,294.81,19.7,D
55.63033,-101.12215,324.31,1.38,1.16,2025-08-10,2017,Aqua,MODIS,77,6.1NRT,295.45,29.21,D
56.13832,-98.51129,314.76,1.12,1.05,2025-08-10,2017,Aqua,MODIS,33,6.1NRT,294.36,8.75,D
56.14138,-98.49442,316.26,1.12,1.05,2025-08-10,2017,Aqua,MODIS,45,6.1NRT,294.33,9.89,D
55.56466,-101.38287,303.9,1.42,1.18,2025-08-10,2017,Aqua,MODIS,0,6.1NRT,289.62,4.42,D
55.3484,-103.7768,320.34,1.79,1.31,2025-08-10,2017,Aqua,MODIS,0,6.1NRT,282.54,29.34,D
55.34369,-103.74322,364.88,1.79,1.31,2025-08-10,2017,Aqua,MODIS,87,6.1NRT,288.25,216,D
55.93733,-99.53331,340.54,1.2,1.09,2025-08-10,2017,Aqua,MODIS,0,6.1NRT,293.07,54.56,D
58.90904,-118.2045,430.18,4.54,1.96,2025-08-10,2019,Aqua,MODIS,75,6.1NRT,291.46,4302.63,D
58.88604,-118.2678,397.25,4.57,1.96,2025-08-10,2019,Aqua,MODIS,0,6.1NRT,287.86,2085.8,D
58.90015,-118.28735,363.27,4.57,1.96,2025-08-10,2019,Aqua,MODIS,75,6.1NRT,288.15,818.43,D
58.91427,-118.3069,343.1,4.57,1.96,2025-08-10,2019,Aqua,MODIS,80,6.1NRT,286.9,399.89,D
58.89606,-118.19638,414.09,4.54,1.96,2025-08-10,2019,Aqua,MODIS,87,6.1NRT,292.88,3048.46,D
58.91019,-118.21574,396.83,4.54,1.96,2025-08-10,2019,Aqua,MODIS,75,6.1NRT,286.19,2006.31,D
58.88696,-118.27877,371.54,4.57,1.96,2025-08-10,2019,Aqua,MODIS,75,6.1NRT,286.75,1058.06,D
58.90112,-118.29822,359.21,4.57,1.96,2025-08-10,2019,Aqua,MODIS,86,6.1NRT,288.4,683.06,D
58.83334,-100.28837,379.18,1.11,1.05,2025-08-10,2019,Aqua,MODIS,100,6.1NRT,286.34,171.84,D
58.84215,-100.29429,367.54,1.11,1.05,2025-08-10,2019,Aqua,MODIS,100,6.1NRT,285.04,119.06,D
58.972,-100.10783,309.4,1.1,1.04,2025-08-10,2019,Aqua,MODIS,28,6.1NRT,284.78,7.17,D
58.96228,-100.16123,383.12,1.1,1.05,2025-08-10,2019,Aqua,MODIS,67,6.1NRT,305.44,181.36,D
58.97103,-100.16723,452.7,1.1,1.05,2025-08-10,2019,Aqua,MODIS,87,6.1NRT,325.5,847.04,D
58.96778,-100.18507,360.22,1.1,1.05,2025-08-10,2019,Aqua,MODIS,57,6.1NRT,297.54,87.57,D
58.98301,-100.15547,438.98,1.1,1.04,2025-08-10,2019,Aqua,MODIS,0,6.1NRT,312.05,655.14,D
58.97978,-100.17326,418.3,1.1,1.05,2025-08-10,2019,Aqua,MODIS,0,6.1NRT,312.1,429.33,D
58.97653,-100.19109,379.36,1.1,1.05,2025-08-10,2019,Aqua,MODIS,75,6.1NRT,295.11,163.66,D
58.97328,-100.20895,365.2,1.1,1.05,2025-08-10,2019,Aqua,MODIS,0,6.1NRT,292.1,108.44,D
58.89493,-118.18509,381.09,4.54,1.96,2025-08-10,2019,Aqua,MODIS,94,6.1NRT,289.02,1382.82,D
56.64691,-100.93402,346.85,1.28,1.12,2025-08-10,2019,Aqua,MODIS,95,6.1NRT,286.43,79.15,D
56.90572,-95.74158,309.09,1,1,2025-08-10,2019,Aqua,MODIS,47,6.1NRT,294.62,5.77,D
56.9033,-95.75725,323.36,1,1,2025-08-10,2019,Aqua,MODIS,82,6.1NRT,298.21,18.89,D
56.03917,-100.64309,319.21,1.3,1.13,2025-08-10,2019,Aqua,MODIS,56,6.1NRT,294,17.33,D
56.03898,-100.64957,324.41,1.3,1.13,2025-08-10,2019,Aqua,MODIS,78,6.1NRT,292.92,25.03,D
55.52497,-103.01616,399.4,1.65,1.26,2025-08-10,2019,Aqua,MODIS,0,6.1NRT,300.95,491.42,D
56.09228,-100.59711,336.69,1.29,1.13,2025-08-10,2019,Aqua,MODIS,90,6.1NRT,292.41,50.47,D
55.32647,-104.07343,319.83,1.85,1.33,2025-08-10,2019,Aqua,MODIS,58,6.1NRT,288.09,35.59,D
56.10169,-100.60319,325.79,1.29,1.13,2025-08-10,2019,Aqua,MODIS,83,6.1NRT,291.28,29.79,D
56.09781,-100.62247,310.03,1.29,1.13,2025-08-10,2019,Aqua,MODIS,52,6.1NRT,291.78,9.11,D
56.08373,-100.745,381.73,1.31,1.13,2025-08-10,2019,Aqua,MODIS,87,6.1NRT,294.06,230.41,D
56.07977,-100.76454,322.58,1.31,1.13,2025-08-10,2019,Aqua,MODIS,69,6.1NRT,293.94,22.23,D
55.40986,-103.82874,317.48,1.79,1.31,2025-08-10,2019,Aqua,MODIS,0,6.1NRT,285.24,31.13,D
56.97674,-95.8362,319.26,1,1,2025-08-10,2019,Aqua,MODIS,19,6.1NRT,298.18,11.4,D
56.95235,-95.99319,309.23,1,1,2025-08-10,2019,Aqua,MODIS,36,6.1NRT,295.49,5.87,D
56.17551,-100.39235,318.9,1.26,1.12,2025-08-10,2019,Aqua,MODIS,0,6.1NRT,287.96,21.32,D
56.16585,-100.49857,305.52,1.28,1.12,2025-08-10,2019,Aqua,MODIS,29,6.1NRT,292.68,6.31,D
55.42184,-103.87196,322.78,1.8,1.31,2025-08-10,2019,Aqua,MODIS,61,6.1NRT,287.3,42.6,D
56.15749,-100.64468,324.61,1.29,1.13,2025-08-10,2019,Aqua,MODIS,62,6.1NRT,293.29,26.55,D
56.15356,-100.66404,321.46,1.29,1.13,2025-08-10,2019,Aqua,MODIS,70,6.1NRT,292.19,23.09,D
55.7135,-102.77345,312.2,1.59,1.24,2025-08-10,2019,Aqua,MODIS,66,6.1NRT,290.47,16.68,D
57.36383,-93.5415,320.16,1.03,1.01,2025-08-10,2019,Aqua,MODIS,55,6.1NRT,296.81,13.8,D
57.03088,-95.85316,365.57,1,1,2025-08-10,2019,Aqua,MODIS,100,6.1NRT,299.88,97.7,D
57.02844,-95.86887,372.93,1,1,2025-08-10,2019,Aqua,MODIS,100,6.1NRT,302.3,121.81,D
55.9142,-101.91399,306.02,1.45,1.19,2025-08-10,2019,Aqua,MODIS,43,6.1NRT,291.74,9.34,D
55.72369,-102.78085,358.02,1.59,1.24,2025-08-10,2019,Aqua,MODIS,65,6.1NRT,287.67,151.71,D
55.71852,-102.80389,328.91,1.59,1.24,2025-08-10,2019,Aqua,MODIS,64,6.1NRT,290.67,44.27,D
57.03699,-95.87337,319.57,1,1,2025-08-10,2019,Aqua,MODIS,55,6.1NRT,298.38,12.15,D
55.72873,-102.81123,334.03,1.59,1.24,2025-08-10,2019,Aqua,MODIS,0,6.1NRT,287.77,56.82,D
55.72355,-102.83437,360.43,1.6,1.24,2025-08-10,2019,Aqua,MODIS,71,6.1NRT,291.89,163.87,D
55.46328,-103.9634,363.15,1.81,1.32,2025-08-10,2019,Aqua,MODIS,0,6.1NRT,286.43,220.2,D
55.45706,-103.98964,363.34,1.81,1.32,2025-08-10,2019,Aqua,MODIS,0,6.1NRT,279.28,220.84,D
56.1755,-100.76647,311.69,1.3,1.13,2025-08-10,2019,Aqua,MODIS,24,6.1NRT,290.76,10.79,D
56.17157,-100.78591,320.02,1.3,1.13,2025-08-10,2019,Aqua,MODIS,69,6.1NRT,289.83,21.12,D
57.06138,-95.83521,349.87,1,1,2025-08-10,2019,Aqua,MODIS,96,6.1NRT,299.1,59.9,D
55.72843,-102.9187,331.75,1.61,1.25,2025-08-10,2019,Aqua,MODIS,66,6.1NRT,287.8,53.23,D
55.73869,-102.92606,372.2,1.61,1.25,2025-08-10,2019,Aqua,MODIS,75,6.1NRT,292.58,239.33,D
55.73344,-102.94955,338.21,1.61,1.25,2025-08-10,2019,Aqua,MODIS,84,6.1NRT,289.4,68.94,D
55.72814,-102.97323,364.59,1.62,1.25,2025-08-10,2019,Aqua,MODIS,87,6.1NRT,292.29,188.66,D
55.72285,-102.99685,389.86,1.62,1.25,2025-08-10,2019,Aqua,MODIS,0,6.1NRT,297.78,389.78,D
55.69613,-103.11573,320.81,1.64,1.26,2025-08-10,2019,Aqua,MODIS,55,6.1NRT,291.04,29.47,D
55.69069,-103.13987,338.54,1.65,1.26,2025-08-10,2019,Aqua,MODIS,0,6.1NRT,291.14,79.38,D
55.74895,-102.93346,327.46,1.61,1.25,2025-08-10,2019,Aqua,MODIS,0,6.1NRT,288.75,35.14,D
55.74371,-102.95696,343.75,1.61,1.25,2025-08-10,2019,Aqua,MODIS,88,6.1NRT,288.82,86.83,D
55.73845,-102.98051,336.57,1.62,1.25,2025-08-10,2019,Aqua,MODIS,84,6.1NRT,288.61,62.62,D
55.73317,-103.00414,360.79,1.62,1.25,2025-08-10,2019,Aqua,MODIS,0,6.1NRT,291.94,161.74,D
55.70647,-103.12326,345.43,1.64,1.26,2025-08-10,2019,Aqua,MODIS,71,6.1NRT,289.26,97.73,D
55.73992,-102.93401,361.91,1.61,1.25,2025-08-10,2019,Aqua,MODIS,0,6.1NRT,292.86,167,D
55.73457,-102.95747,328.96,1.61,1.25,2025-08-10,2019,Aqua,MODIS,58,6.1NRT,290,41.51,D
55.72918,-102.98105,374.17,1.62,1.25,2025-08-10,2019,Aqua,MODIS,94,6.1NRT,294.62,250.52,D
55.72378,-103.00463,361.91,1.62,1.25,2025-08-10,2019,Aqua,MODIS,75,6.1NRT,295.93,168.33,D
55.69654,-103.12325,329.99,1.64,1.26,2025-08-10,2019,Aqua,MODIS,65,6.1NRT,290.86,47.47,D
55.74485,-102.96481,327.47,1.61,1.25,2025-08-10,2019,Aqua,MODIS,62,6.1NRT,288.45,36.83,D
55.73949,-102.98831,338.83,1.62,1.25,2025-08-10,2019,Aqua,MODIS,86,6.1NRT,288.1,69.26,D
55.71239,-103.1068,330.45,1.64,1.26,2025-08-10,2019,Aqua,MODIS,65,6.1NRT,288.04,47.71,D
55.70687,-103.13082,336.57,1.64,1.26,2025-08-10,2019,Aqua,MODIS,0,6.1NRT,289.33,68.05,D
55.76576,-102.92533,368.44,1.6,1.25,2025-08-10,2019,Aqua,MODIS,87,6.1NRT,294.28,210.29,D
55.74977,-102.99574,321.17,1.62,1.25,2025-08-10,2019,Aqua,MODIS,59,6.1NRT,286.53,25.52,D
55.7444,-103.01933,338.66,1.62,1.25,2025-08-10,2019,Aqua,MODIS,69,6.1NRT,290.35,70.98,D
55.73903,-103.04292,336.69,1.62,1.25,2025-08-10,2019,Aqua,MODIS,68,6.1NRT,292.89,65.54,D
55.73361,-103.06663,314.32,1.63,1.26,2025-08-10,2019,Aqua,MODIS,59,6.1NRT,290.06,16.8,D
55.776,-102.93277,333.37,1.6,1.25,2025-08-10,2019,Aqua,MODIS,88,6.1NRT,290.56,54.78,D
55.76536,-102.97974,346.49,1.61,1.25,2025-08-10,2019,Aqua,MODIS,89,6.1NRT,289.79,95.5,D
55.76003,-103.00325,338.78,1.62,1.25,2025-08-10,2019,Aqua,MODIS,66,6.1NRT,290.36,68.66,D
55.77562,-102.98721,370.6,1.61,1.25,2025-08-10,2019,Aqua,MODIS,89,6.1NRT,290.16,224.46,D
56.03235,-101.97755,316.42,1.45,1.19,2025-08-10,2019,Aqua,MODIS,0,6.1NRT,295.26,18.71,D
56.0047,-102.10664,320.7,1.47,1.2,2025-08-10,2019,Aqua,MODIS,54,6.1NRT,293.67,24.75,D
55.85316,-102.85333,307.03,1.58,1.24,2025-08-10,2019,Aqua,MODIS,31,6.1NRT,292.47,7.71,D
55.82721,-102.96986,316.1,1.6,1.25,2025-08-10,2019,Aqua,MODIS,57,6.1NRT,291.62,19.91,D
56.52135,-99.65286,309.93,1.18,1.08,2025-08-10,2019,Aqua,MODIS,52,6.1NRT,298.28,5.65,D
56.02449,-102.12043,334.3,1.47,1.2,2025-08-10,2019,Aqua,MODIS,34,6.1NRT,295.61,48.19,D
56.52419,-99.65974,310.81,1.18,1.08,2025-08-10,2019,Aqua,MODIS,62,6.1NRT,298.06,7.7,D
55.82804,-102.97504,316.16,1.6,1.25,2025-08-10,2019,Aqua,MODIS,50,6.1NRT,291.88,19.58,D
56.0333,-102.10656,337.29,1.46,1.2,2025-08-10,2019,Aqua,MODIS,86,6.1NRT,295.94,55.54,D
56.02859,-102.1282,344.95,1.47,1.2,2025-08-10,2019,Aqua,MODIS,94,6.1NRT,296.7,78.05,D
56.02385,-102.14991,343.6,1.47,1.2,2025-08-10,2019,Aqua,MODIS,93,6.1NRT,296.45,75.41,D
56.0191,-102.17166,316.55,1.47,1.2,2025-08-10,2019,Aqua,MODIS,38,6.1NRT,293.69,17.66,D
56.05721,-102.04881,317.72,1.46,1.19,2025-08-10,2019,Aqua,MODIS,24,6.1NRT,295.33,17.1,D
56.05253,-102.07041,345.43,1.46,1.19,2025-08-10,2019,Aqua,MODIS,94,6.1NRT,298.38,80.93,D
56.04787,-102.09187,339.07,1.46,1.19,2025-08-10,2019,Aqua,MODIS,91,6.1NRT,297.92,58.97,D
56.03377,-102.15672,335.78,1.47,1.2,2025-08-10,2019,Aqua,MODIS,89,6.1NRT,297.95,52.29,D
56.02901,-102.17856,365.25,1.47,1.2,2025-08-10,2019,Aqua,MODIS,100,6.1NRT,299.53,168.7,D
56.02423,-102.20047,351.65,1.48,1.2,2025-08-10,2019,Aqua,MODIS,96,6.1NRT,297.51,109.81,D
56.12178,-101.80091,314.86,1.42,1.18,2025-08-10,2019,Aqua,MODIS,55,6.1NRT,293,14.46,D
56.11734,-101.82173,333.47,1.42,1.18,2025-08-10,2019,Aqua,MODIS,83,6.1NRT,295.01,49.1,D
56.04365,-102.16373,368.78,1.47,1.2,2025-08-10,2019,Aqua,MODIS,100,6.1NRT,298.97,186.74,D
56.03892,-102.1855,385.54,1.47,1.2,2025-08-10,2019,Aqua,MODIS,100,6.1NRT,300.74,303.71,D
56.03418,-102.20724,370.91,1.48,1.2,2025-08-10,2019,Aqua,MODIS,100,6.1NRT,296.31,204.68,D
55.92627,-102.69686,331.2,1.55,1.23,2025-08-10,2019,Aqua,MODIS,0,6.1NRT,294.52,52.35,D
56.05357,-102.17056,325.55,1.47,1.2,2025-08-10,2019,Aqua,MODIS,77,6.1NRT,294.36,32.42,D
56.04884,-102.19237,325.06,1.47,1.2,2025-08-10,2019,Aqua,MODIS,82,6.1NRT,292.9,32.97,D
55.97683,-102.68007,314.97,1.55,1.23,2025-08-10,2019,Aqua,MODIS,69,6.1NRT,291.25,21.57,D
55.97178,-102.70296,320.1,1.55,1.23,2025-08-10,2019,Aqua,MODIS,64,6.1NRT,291.87,29.47,D
57.23399,-96.13339,305.79,1,1,2025-08-10,2019,Aqua,MODIS,0,6.1NRT,294.11,4.69,D
56.14627,-102.14246,333.42,1.46,1.19,2025-08-10,2019,Aqua,MODIS,0,6.1NRT,294.52,51.41,D
56.0097,-102.76367,368.68,1.55,1.23,2025-08-10,2019,Aqua,MODIS,82,6.1NRT,296.13,202.75,D
56.00967,-102.81647,324.89,1.56,1.23,2025-08-10,2019,Aqua,MODIS,53,6.1NRT,293.33,32.53,D
56.00457,-102.83927,355.47,1.57,1.23,2025-08-10,2019,Aqua,MODIS,92,6.1NRT,294.98,133.61,D
55.9994,-102.86239,321.67,1.57,1.23,2025-08-10,2019,Aqua,MODIS,27,6.1NRT,292.74,26.16,D
55.51774,-105.02041,317.67,1.99,1.38,2025-08-10,2019,Aqua,MODIS,0,6.1NRT,289.16,31.05,D
56.28206,-101.82182,322.56,1.41,1.17,2025-08-10,2019,Aqua,MODIS,63,6.1NRT,293.04,20.84,D
56.27767,-101.84274,321.43,1.41,1.18,2025-08-10,2019,Aqua,MODIS,39,6.1NRT,294.49,18.67,D
56.27801,-101.82382,326.66,1.41,1.17,2025-08-10,2019,Aqua,MODIS,42,6.1NRT,293.99,25.64,D
56.28327,-101.85139,345.5,1.41,1.18,2025-08-10,2019,Aqua,MODIS,89,6.1NRT,294.66,72.12,D
56.27879,-101.87234,381.66,1.41,1.18,2025-08-10,2019,Aqua,MODIS,100,6.1NRT,301.28,249.68,D
56.60492,-100.33978,313.93,1.23,1.1,2025-08-10,2019,Aqua,MODIS,47,6.1NRT,292.01,11.84,D
56.29299,-101.85818,360.99,1.41,1.18,2025-08-10,2019,Aqua,MODIS,100,6.1NRT,293.06,134.22,D
56.2885,-101.8792,382.8,1.41,1.18,2025-08-10,2019,Aqua,MODIS,100,6.1NRT,297.36,260.98,D
56.60678,-100.38305,326.52,1.24,1.1,2025-08-10,2019,Aqua,MODIS,63,6.1NRT,293.81,29.14,D
56.29823,-101.88599,425.11,1.41,1.18,2025-08-10,2019,Aqua,MODIS,100,6.1NRT,306.89,717.6,D
56.29372,-101.9071,354.51,1.42,1.18,2025-08-10,2019,Aqua,MODIS,98,6.1NRT,298.84,108.02,D
56.28922,-101.92822,340.61,1.42,1.18,2025-08-10,2019,Aqua,MODIS,57,6.1NRT,294.44,58.66,D
56.30344,-101.91402,383.75,1.42,1.18,2025-08-10,2019,Aqua,MODIS,71,6.1NRT,295.61,271.77,D
56.29896,-101.93504,328.64,1.42,1.18,2025-08-10,2019,Aqua,MODIS,0,6.1NRT,290.37,33.6,D
56.07179,-102.97368,351.38,1.58,1.24,2025-08-10,2019,Aqua,MODIS,96,6.1NRT,294.68,118.36,D
56.0666,-102.99681,328.87,1.58,1.24,2025-08-10,2019,Aqua,MODIS,85,6.1NRT,294.43,43.62,D
56.63987,-100.32058,310.39,1.23,1.1,2025-08-10,2019,Aqua,MODIS,0,6.1NRT,290.72,8.2,D
56.63623,-100.33913,318.79,1.23,1.1,2025-08-10,2019,Aqua,MODIS,47,6.1NRT,296.19,16.65,D
56.08192,-102.98121,377.34,1.58,1.24,2025-08-10,2019,Aqua,MODIS,100,6.1NRT,296.4,268.14,D
56.07674,-103.00435,356.57,1.58,1.24,2025-08-10,2019,Aqua,MODIS,98,6.1NRT,296.27,140.66,D
56.09212,-102.98847,396.47,1.58,1.24,2025-08-10,2019,Aqua,MODIS,100,6.1NRT,299.51,444.48,D
56.08696,-103.01157,394.3,1.58,1.24,2025-08-10,2019,Aqua,MODIS,100,6.1NRT,302.46,422.4,D
56.7316,-100.00662,330.8,1.2,1.09,2025-08-10,2019,Aqua,MODIS,66,6.1NRT,294.06,37.16,D
56.32524,-102.07537,334.39,1.43,1.18,2025-08-10,2019,Aqua,MODIS,67,6.1NRT,294.64,48.9,D
56.33533,-102.065,376.7,1.43,1.18,2025-08-10,2019,Aqua,MODIS,0,6.1NRT,296.14,231.35,D
56.59224,-100.94144,366.11,1.29,1.13,2025-08-10,2019,Aqua,MODIS,0,6.1NRT,296.96,144.14,D
56.60162,-100.9477,327.33,1.29,1.13,2025-08-10,2019,Aqua,MODIS,76,6.1NRT,291.58,31.43,D
56.64304,-100.95338,341,1.29,1.13,2025-08-10,2019,Aqua,MODIS,92,6.1NRT,290.59,63.59,D
56.62099,-101.11612,343.68,1.3,1.13,2025-08-10,2019,Aqua,MODIS,83,6.1NRT,292.82,65.74,D
56.61702,-101.13583,344.81,1.31,1.13,2025-08-10,2019,Aqua,MODIS,76,6.1NRT,286.4,67.34,D
56.62001,-101.12022,345.78,1.3,1.13,2025-08-10,2019,Aqua,MODIS,78,6.1NRT,292.94,71.6,D
56.62135,-101.16593,308.25,1.31,1.13,2025-08-10,2019,Aqua,MODIS,0,6.1NRT,278.68,5.74,D
56.82155,-100.43061,318.83,1.23,1.1,2025-08-10,2019,Aqua,MODIS,0,6.1NRT,295.79,17.14,D
55.99339,-104.27375,315.62,1.79,1.31,2025-08-10,2019,Aqua,MODIS,54,6.1NRT,269.69,34.99,D
56.17938,-104.84648,321.17,1.86,1.33,2025-08-10,2019,Aqua,MODIS,0,6.1NRT,280.96,44.99,D
56.26615,-104.53423,320.88,1.79,1.31,2025-08-10,2019,Aqua,MODIS,36,6.1NRT,284.98,35.48,D
56.21367,-104.84534,331.99,1.85,1.33,2025-08-10,2019,Aqua,MODIS,0,6.1NRT,284.66,70.85,D
56.20716,-104.87219,316.17,1.86,1.33,2025-08-10,2019,Aqua,MODIS,0,6.1NRT,281.29,33.68,D
56.24393,-104.77313,368.4,1.83,1.33,2025-08-10,2019,Aqua,MODIS,0,6.1NRT,285.51,263.73,D
56.23757,-104.79958,351.56,1.84,1.33,2025-08-10,2019,Aqua,MODIS,63,6.1NRT,286.28,153.22,D
56.25473,-104.78149,319.13,1.83,1.33,2025-08-10,2019,Aqua,MODIS,46,6.1NRT,280.33,41.87,D
56.24836,-104.80801,323.52,1.84,1.33,2025-08-10,2019,Aqua,MODIS,63,6.1NRT,282.37,51.28,D
57.41515,-99.32551,316.43,1.12,1.05,2025-08-10,2019,Aqua,MODIS,31,6.1NRT,298.26,10.68,D
57.27631,-100.46909,344.32,1.2,1.09,2025-08-10,2019,Aqua,MODIS,81,6.1NRT,298.46,60.81,D
57.27272,-100.48759,318.35,1.2,1.09,2025-08-10,2019,Aqua,MODIS,53,6.1NRT,295.69,15.81,D
57.28542,-100.47515,366.95,1.2,1.09,2025-08-10,2019,Aqua,MODIS,94,6.1NRT,296.76,134.13,D
57.28182,-100.49371,323.4,1.2,1.09,2025-08-10,2019,Aqua,MODIS,82,6.1NRT,294.52,23.18,D
57.30879,-100.40735,317.06,1.2,1.09,2025-08-10,2019,Aqua,MODIS,76,6.1NRT,295.51,15.9,D
57.30523,-100.4258,314.71,1.2,1.09,2025-08-10,2019,Aqua,MODIS,73,6.1NRT,297.25,13.23,D
57.31787,-100.41342,364.66,1.2,1.09,2025-08-10,2019,Aqua,MODIS,100,6.1NRT,296.37,123.95,D
57.31432,-100.43191,365.01,1.2,1.09,2025-08-10,2019,Aqua,MODIS,94,6.1NRT,297.81,125.28,D
57.31076,-100.45036,366.53,1.2,1.09,2025-08-10,2019,Aqua,MODIS,0,6.1NRT,300.46,131.34,D
57.38277,-100.12671,310.76,1.17,1.08,2025-08-10,2019,Aqua,MODIS,0,6.1NRT,294.32,9.84,D
57.37933,-100.14484,339.75,1.17,1.08,2025-08-10,2019,Aqua,MODIS,0,6.1NRT,297.47,51.86,D
57.3234,-100.43797,344.67,1.2,1.09,2025-08-10,2019,Aqua,MODIS,88,6.1NRT,292.95,62.38,D
56.8339,-102.8347,302.48,1.48,1.2,2025-08-10,2019,Aqua,MODIS,0,6.1NRT,286.14,4.96,D
57.36762,-100.26011,333.65,1.18,1.08,2025-08-10,2019,Aqua,MODIS,67,6.1NRT,299.21,37.54,D
57.36067,-100.29665,344.21,1.18,1.08,2025-08-10,2019,Aqua,MODIS,88,6.1NRT,301.2,59.2,D
57.35717,-100.31502,370.89,1.19,1.08,2025-08-10,2019,Aqua,MODIS,0,6.1NRT,304.76,146.6,D
57.37399,-100.2485,313.98,1.18,1.08,2025-08-10,2019,Aqua,MODIS,0,6.1NRT,296.88,10.32,D
57.37044,-100.26685,330.45,1.18,1.08,2025-08-10,2019,Aqua,MODIS,75,6.1NRT,299.85,31.76,D
57.36692,-100.2851,327.09,1.18,1.08,2025-08-10,2019,Aqua,MODIS,73,6.1NRT,299.73,25.51,D
57.36339,-100.30331,348.71,1.18,1.08,2025-08-10,2019,Aqua,MODIS,0,6.1NRT,302.49,70.37,D
57.43097,-100.16341,357.25,1.17,1.08,2025-08-10,2019,Aqua,MODIS,0,6.1NRT,298.92,92.5,D
57.43651,-100.18753,329.94,1.17,1.08,2025-08-10,2019,Aqua,MODIS,75,6.1NRT,296.89,28.51,D
57.45108,-100.21763,342.1,1.17,1.08,2025-08-10,2019,Aqua,MODIS,80,6.1NRT,297.31,50.97,D
57.46009,-100.22363,426.29,1.17,1.08,2025-08-10,2019,Aqua,MODIS,71,6.1NRT,311.46,564.05,D
57.45664,-100.24181,345.85,1.17,1.08,2025-08-10,2019,Aqua,MODIS,71,6.1NRT,301.44,61.44,D
57.41459,-100.46207,314.58,1.19,1.09,2025-08-10,2019,Aqua,MODIS,70,6.1NRT,295.48,13.54,D
57.46911,-100.22955,394.73,1.17,1.08,2025-08-10,2019,Aqua,MODIS,71,6.1NRT,300.44,277.74,D
57.46566,-100.24775,339.19,1.17,1.08,2025-08-10,2019,Aqua,MODIS,79,6.1NRT,297.17,48.09,D
57.47285,-100.23889,327.21,1.17,1.08,2025-08-10,2019,Aqua,MODIS,0,6.1NRT,293.43,29.28,D
56.35948,-105.57461,331,1.96,1.37,2025-08-10,2019,Aqua,MODIS,69,6.1NRT,277.69,77.95,D
56.35242,-105.60315,323.09,1.96,1.37,2025-08-10,2019,Aqua,MODIS,75,6.1NRT,281.03,54.56,D
58.20807,-100.18184,303.44,1.13,1.06,2025-08-10,2019,Aqua,MODIS,35,6.1NRT,279.89,7.71,D
58.23579,-100.13997,317.55,1.13,1.06,2025-08-10,2019,Aqua,MODIS,69,6.1NRT,279.59,20.19,D
58.23246,-100.15792,330.55,1.13,1.06,2025-08-10,2019,Aqua,MODIS,82,6.1NRT,285.64,36.6,D
58.82122,-100.30036,327.19,1.11,1.05,2025-08-10,2019,Aqua,MODIS,81,6.1NRT,281.26,28.72,D
54.31662,-102.1882,313.63,4.03,1.86,2025-08-10,2155,Aqua,MODIS,0,6.1NRT,290.29,69.42,D
50.24574,-117.92902,310.74,1.02,1.01,2025-08-10,2155,Aqua,MODIS,61,6.1NRT,291.54,8.32,D
58.89925,-118.21273,469.15,1.06,1.03,2025-08-10,2157,Aqua,MODIS,0,6.1NRT,304.97,1071.77,D
58.9015,-118.19508,471.25,1.06,1.03,2025-08-10,2157,Aqua,MODIS,87,6.1NRT,305.23,1113.16,D
58.90376,-118.1774,366,1.06,1.03,2025-08-10,2157,Aqua,MODIS,94,6.1NRT,278.44,107.02,D
58.89489,-118.17318,391.01,1.06,1.03,2025-08-10,2157,Aqua,MODIS,75,6.1NRT,286.79,218.19,D
59.87037,-122.43182,323.17,1,1,2025-08-10,2157,Aqua,MODIS,71,6.1NRT,280.6,21,D
56.17684,-104.84026,336.39,3.11,1.67,2025-08-10,2157,Aqua,MODIS,0,6.1NRT,285.33,202.08,D
56.04371,-104.26903,316.99,3.3,1.72,2025-08-10,2157,Aqua,MODIS,47,6.1NRT,282.34,70.83,D
56.02977,-104.25871,340.18,3.3,1.72,2025-08-10,2157,Aqua,MODIS,0,6.1NRT,283.04,227.53,D
56.62085,-101.10201,313.43,4.61,1.97,2025-08-10,2157,Aqua,MODIS,0,6.1NRT,285.91,88.84,D
59.91771,-122.12722,306.92,1,1,2025-08-10,2157,Aqua,MODIS,19,6.1NRT,284.03,8.07,D
47.17784,-65.40412,314.27,1.34,1.15,2025-08-11,0043,Terra,MODIS,57,6.1NRT,290.9,13.56,N
47.17475,-65.42085,313.16,1.34,1.15,2025-08-11,0043,Terra,MODIS,35,6.1NRT,290.24,11.96,N
47.17625,-65.40883,318.13,1.34,1.15,2025-08-11,0043,Terra,MODIS,96,6.1NRT,291.04,20.09,N
47.18603,-65.41294,307.3,1.34,1.15,2025-08-11,0043,Terra,MODIS,37,6.1NRT,289.45,7.96,N
46.17992,-64.74555,317.55,1.31,1.14,2025-08-11,0043,Terra,MODIS,95,6.1NRT,292.03,20.67,N
46.17692,-64.76164,315.75,1.31,1.14,2025-08-11,0043,Terra,MODIS,92,6.1NRT,292.03,18.38,N
46.18966,-64.74933,307.05,1.31,1.14,2025-08-11,0043,Terra,MODIS,70,6.1NRT,291.37,9.47,N
46.18666,-64.76547,301.95,1.31,1.14,2025-08-11,0043,Terra,MODIS,46,6.1NRT,291.06,4.91,N
47.84496,-53.19064,308.56,1.74,1.29,2025-08-11,0043,Terra,MODIS,14,6.1NRT,289.86,18.08,N
47.16804,-65.40009,368,1.34,1.15,2025-08-11,0043,Terra,MODIS,100,6.1NRT,295.03,163.06,N
47.16494,-65.41683,372.31,1.34,1.15,2025-08-11,0043,Terra,MODIS,100,6.1NRT,296.57,185.24,N
47.16183,-65.43361,312.59,1.34,1.15,2025-08-11,0043,Terra,MODIS,52,6.1NRT,290.63,12.85,N
55.9734,-98.59121,309.14,1.81,1.32,2025-08-11,0224,Terra,MODIS,77,6.1NRT,286.09,24.91,N
56.18354,-99.38186,308.75,1.92,1.35,2025-08-11,0224,Terra,MODIS,69,6.1NRT,283.9,24.55,N
57.05948,-95.9175,310.98,1.33,1.14,2025-08-11,0224,Terra,MODIS,81,6.1NRT,281.65,19.82,N
57.06904,-95.92393,327.75,1.33,1.14,2025-08-11,0224,Terra,MODIS,100,6.1NRT,281.74,44.1,N
56.01125,-98.31402,300.18,1.76,1.3,2025-08-11,0224,Terra,MODIS,15,6.1NRT,286.91,10.68,N
56.02194,-98.32187,302.22,1.76,1.3,2025-08-11,0224,Terra,MODIS,48,6.1NRT,286.66,13.31,N
55.97944,-98.5647,302.86,1.81,1.32,2025-08-11,0224,Terra,MODIS,52,6.1NRT,286.51,15.3,N
56.14852,-98.51752,314.88,1.78,1.31,2025-08-11,0224,Terra,MODIS,90,6.1NRT,282.31,31.4,N
58.99379,-100.14326,323.07,1.65,1.26,2025-08-11,0226,Terra,MODIS,0,6.1NRT,286.15,43.74,D
59.00987,-100.1318,310.62,1.65,1.26,2025-08-11,0226,Terra,MODIS,70,6.1NRT,281.06,28.4,D
59.00394,-100.15788,309.35,1.65,1.26,2025-08-11,0226,Terra,MODIS,29,6.1NRT,283.87,23.87,D
58.99364,-100.14925,327.07,1.65,1.26,2025-08-11,0226,Terra,MODIS,28,6.1NRT,287.78,53.15,D
58.97773,-100.16033,334.19,1.65,1.26,2025-08-11,0226,Terra,MODIS,100,6.1NRT,289.34,74.67,D
58.97747,-100.16631,324.68,1.65,1.26,2025-08-11,0226,Terra,MODIS,0,6.1NRT,289.09,45.38,D
58.89749,-118.27368,327.86,1.07,1.03,2025-08-11,0404,Terra,MODIS,61,6.1NRT,289.57,28.87,N
58.91499,-118.22691,324.78,1.07,1.03,2025-08-11,0404,Terra,MODIS,66,6.1NRT,281.91,26.17,N
58.90621,-118.27923,342.11,1.07,1.03,2025-08-11,0404,Terra,MODIS,72,6.1NRT,295.66,51.02,N
58.90327,-118.2967,330,1.07,1.03,2025-08-11,0404,Terra,MODIS,72,6.1NRT,287.16,31.97,N
58.91492,-118.28478,323.08,1.07,1.03,2025-08-11,0404,Terra,MODIS,80,6.1NRT,284,23.16,N
58.91198,-118.30225,340.97,1.07,1.03,2025-08-11,0404,Terra,MODIS,100,6.1NRT,285.4,50.75,N
56.05122,-102.17023,324.52,2.23,1.45,2025-08-11,0404,Terra,MODIS,100,6.1NRT,268.91,84.98,N
59.79978,-121.79864,300.52,1.25,1.11,2025-08-11,0404,Terra,MODIS,25,6.1NRT,281.47,8.63,N
59.77694,-121.97059,300.46,1.26,1.12,2025-08-11,0404,Terra,MODIS,19,6.1NRT,287.21,6.66,N
55.41276,-103.67656,324.77,1.88,1.34,2025-08-11,0404,Terra,MODIS,65,6.1NRT,276.76,48.14,N
55.4246,-103.67908,359.9,1.88,1.34,2025-08-11,0404,Terra,MODIS,100,6.1NRT,279.46,211.18,N
55.42275,-103.70799,351.28,1.87,1.34,2025-08-11,0404,Terra,MODIS,100,6.1NRT,285.39,156.78,N
55.41718,-103.79475,316.19,1.86,1.33,2025-08-11,0404,Terra,MODIS,76,6.1NRT,275.62,31.71,N
55.43055,-103.68552,321.14,1.88,1.34,2025-08-11,0404,Terra,MODIS,50,6.1NRT,275.56,42.35,N
55.42884,-103.71422,327.78,1.87,1.34,2025-08-11,0404,Terra,MODIS,0,6.1NRT,282.19,60.02,N
55.69412,-104.19299,332.61,1.8,1.31,2025-08-11,0404,Terra,MODIS,100,6.1NRT,274.31,0,N
55.33903,-109.29003,303.83,1.14,1.06,2025-08-11,0404,Terra,MODIS,18,6.1NRT,285.64,9.58,N
56.03838,-102.16824,314.06,2.23,1.45,2025-08-11,0404,Terra,MODIS,84,6.1NRT,266.61,48.98,N
56.03664,-102.20348,338.33,2.23,1.45,2025-08-11,0404,Terra,MODIS,100,6.1NRT,270.74,140.74,N
56.05014,-102.17574,324.86,2.23,1.45,2025-08-11,0404,Terra,MODIS,100,6.1NRT,269.48,83.59,N
56.85067,-108.8822,300.41,1.22,1.1,2025-08-11,0404,Terra,MODIS,27,6.1NRT,283.82,8.81,N
56.84874,-108.90177,306.67,1.22,1.1,2025-08-11,0404,Terra,MODIS,69,6.1NRT,282.61,14.12,N
59.37864,-111.58297,304.59,1.11,1.05,2025-08-11,0404,Terra,MODIS,61,6.1NRT,287.41,8.58,N
58.88893,-118.15264,317.66,1.06,1.03,2025-08-11,0404,Terra,MODIS,44,6.1NRT,281.59,17.02,N
58.88601,-118.17001,325.16,1.06,1.03,2025-08-11,0404,Terra,MODIS,76,6.1NRT,275.88,24.3,N
58.89472,-118.17551,326.23,1.06,1.03,2025-08-11,0404,Terra,MODIS,89,6.1NRT,280.57,26.14,N
58.9005,-118.19843,327.06,1.07,1.03,2025-08-11,0404,Terra,MODIS,0,6.1NRT,291.24,24.6,N
58.89758,-118.21583,331.28,1.07,1.03,2025-08-11,0404,Terra,MODIS,59,6.1NRT,290.34,32.46,N
58.89171,-118.25069,332.74,1.07,1.03,2025-08-11,0404,Terra,MODIS,90,6.1NRT,284.55,37.28,N
58.90921,-118.20394,320.73,1.07,1.03,2025-08-11,0404,Terra,MODIS,0,6.1NRT,289.63,19.67,N
58.90628,-118.22137,328.24,1.07,1.03,2025-08-11,0404,Terra,MODIS,0,6.1NRT,290.02,27.51,N
58.90042,-118.25623,333.22,1.07,1.03,2025-08-11,0404,Terra,MODIS,77,6.1NRT,288.74,36.4,N
47.81932,-53.18822,305.11,1.73,1.29,2025-08-11,0629,Aqua,MODIS,44,6.1NRT,288.19,15.55,N
46.18688,-64.74235,304.13,1.56,1.23,2025-08-11,0809,Aqua,MODIS,59,6.1NRT,287.78,12.27,N
47.17622,-65.41368,301.71,1.37,1.16,2025-08-11,0809,Aqua,MODIS,36,6.1NRT,288.31,6.89,N
47.17282,-65.39651,314.66,1.37,1.16,2025-08-11,0809,Aqua,MODIS,90,6.1NRT,289.52,20.89,N
47.16636,-65.41795,313.07,1.37,1.16,2025-08-11,0809,Aqua,MODIS,86,6.1NRT,289.2,18.5,N
47.16296,-65.40079,336.22,1.37,1.16,2025-08-11,0809,Aqua,MODIS,100,6.1NRT,290.11,59.7,N
55.30844,-106.86615,307.94,3.43,1.74,2025-08-11,0945,Aqua,MODIS,58,6.1NRT,284,66.2,N
56.19219,-100.57901,324.28,1.8,1.32,2025-08-11,0945,Aqua,MODIS,90,6.1NRT,280.5,52.51,N
56.18062,-100.58177,313.96,1.8,1.32,2025-08-11,0945,Aqua,MODIS,19,6.1NRT,282.29,30.88,N
55.69751,-104.22951,321.6,2.61,1.55,2025-08-11,0945,Aqua,MODIS,57,6.1NRT,288.06,77.26,N
55.69209,-104.23831,307.86,2.61,1.55,2025-08-11,0945,Aqua,MODIS,57,6.1NRT,285.92,41.19,N
50.44988,-96.04733,300.21,1.05,1.02,2025-08-11,0947,Aqua,MODIS,21,6.1NRT,280.45,6.48,N
55.42645,-103.66114,310.85,2.43,1.5,2025-08-11,1121,Aqua,MODIS,81,6.1NRT,286.79,41.23,N
59.79781,-121.79109,301.74,1.48,1.2,2025-08-11,1121,Aqua,MODIS,44,6.1NRT,285.47,13.54,N
58.88719,-118.172,316.9,1.11,1.05,2025-08-11,1121,Aqua,MODIS,18,6.1NRT,289.06,18.42,N
58.87809,-118.17605,305.38,1.11,1.05,2025-08-11,1121,Aqua,MODIS,61,6.1NRT,284.04,10.45,N
58.56486,-116.74478,309.82,1.04,1.02,2025-08-11,1121,Aqua,MODIS,78,6.1NRT,283.17,13.19,N
55.77181,-102.91158,313.92,2.53,1.53,2025-08-11,1121,Aqua,MODIS,88,6.1NRT,283.85,54.46,N
55.74743,-102.93258,302.68,2.53,1.53,2025-08-11,1121,Aqua,MODIS,18,6.1NRT,284.48,22.26,N
55.73766,-102.89684,319.61,2.54,1.53,2025-08-11,1121,Aqua,MODIS,99,6.1NRT,285.11,72.47,N
55.46608,-102.91885,313.87,2.6,1.55,2025-08-11,1121,Aqua,MODIS,25,6.1NRT,286.85,52.83,N
55.5034,-102.98079,315.24,2.57,1.54,2025-08-11,1121,Aqua,MODIS,91,6.1NRT,286.99,61.61,N
55.44905,-102.89301,302.3,2.61,1.55,2025-08-11,1121,Aqua,MODIS,38,6.1NRT,281.48,26.89,N
55.69396,-104.23782,314.93,2.24,1.45,2025-08-11,1121,Aqua,MODIS,90,6.1NRT,286.94,50.27,N
55.42348,-103.70486,326.06,2.42,1.5,2025-08-11,1121,Aqua,MODIS,100,6.1NRT,288.44,90.56,N
55.41433,-103.67084,335.43,2.43,1.5,2025-08-11,1121,Aqua,MODIS,100,6.1NRT,289.66,136.76,N
55.40508,-103.63644,300.99,2.44,1.51,2025-08-11,1121,Aqua,MODIS,18,6.1NRT,285.59,18.48,N
55.34101,-103.56405,344.53,2.47,1.51,2025-08-11,1121,Aqua,MODIS,100,6.1NRT,290.72,191.96,N
55.34615,-103.56805,333.75,2.47,1.51,2025-08-11,1121,Aqua,MODIS,100,6.1NRT,289.29,125.92,N
55.34943,-103.69072,321.61,2.44,1.51,2025-08-11,1121,Aqua,MODIS,92,6.1NRT,284.77,70.96,N
55.34043,-103.65714,368.86,2.45,1.51,2025-08-11,1121,Aqua,MODIS,100,6.1NRT,290.21,415.37,N
55.3312,-103.62273,392.91,2.46,1.51,2025-08-11,1121,Aqua,MODIS,100,6.1NRT,297.74,793.11,N
55.32194,-103.58825,409.09,2.47,1.51,2025-08-11,1121,Aqua,MODIS,100,6.1NRT,296.98,1166.61,N
55.31259,-103.55351,307.83,2.48,1.52,2025-08-11,1121,Aqua,MODIS,73,6.1NRT,283.36,36.61,N
55.33744,-103.70097,323.03,2.44,1.51,2025-08-11,1121,Aqua,MODIS,100,6.1NRT,282.29,79.81,N
55.32838,-103.66724,318.53,2.45,1.51,2025-08-11,1121,Aqua,MODIS,66,6.1NRT,281.97,58.88,N
55.31915,-103.63292,344.1,2.46,1.51,2025-08-11,1121,Aqua,MODIS,100,6.1NRT,282.15,186.13,N
47.86169,-53.16543,324.94,3.09,1.67,2025-08-11,1236,Terra,MODIS,49,6.1NRT,293.57,97,D
47.86126,-53.17128,324.03,3.09,1.67,2025-08-11,1236,Terra,MODIS,53,6.1NRT,293.3,97.75,D
54.54325,-59.19569,302.71,1.13,1.06,2025-08-11,1414,Terra,MODIS,30,6.1NRT,289.18,3.31,D
54.40664,-59.94735,302.35,1.09,1.04,2025-08-11,1414,Terra,MODIS,0,6.1NRT,287.05,3,D
46.18428,-64.73987,314.28,1.04,1.02,2025-08-11,1416,Terra,MODIS,67,6.1NRT,294.07,9.15,D
47.17198,-65.40273,328.45,1.01,1,2025-08-11,1416,Terra,MODIS,71,6.1NRT,305.04,17.41,D
47.17006,-65.38994,320.46,1.01,1,2025-08-11,1416,Terra,MODIS,53,6.1NRT,301.83,9.49,D
47.1652,-65.41829,325.8,1.01,1,2025-08-11,1416,Terra,MODIS,60,6.1NRT,306.29,14.14,D
47.16328,-65.4055,371.28,1.01,1,2025-08-11,1416,Terra,MODIS,100,6.1NRT,308.65,112.04,D
47.16136,-65.39272,358.13,1.01,1,2025-08-11,1416,Terra,MODIS,99,6.1NRT,303.78,72.96,D
47.15842,-65.43382,321.36,1.01,1,2025-08-11,1416,Terra,MODIS,52,6.1NRT,304.46,9.88,D
46.18635,-64.75282,310.73,1.04,1.02,2025-08-11,1416,Terra,MODIS,49,6.1NRT,294.07,6.21,D
54.34523,-102.04034,310.39,3.26,1.71,2025-08-11,1554,Terra,MODIS,30,6.1NRT,289.46,43.66,D
61.20744,-109.13718,307.19,1,1,2025-08-11,1728,Terra,MODIS,0,6.1NRT,292.26,5.58,D
55.77253,-102.93407,334.31,1.66,1.27,2025-08-11,1730,Terra,MODIS,63,6.1NRT,286.54,59.66,D
55.77208,-102.92764,344.22,1.66,1.27,2025-08-11,1730,Terra,MODIS,0,6.1NRT,286.38,92.71,D
55.9959,-104.24898,311.31,1.46,1.19,2025-08-11,1730,Terra,MODIS,41,6.1NRT,292.49,11.72,D
55.70357,-104.18774,358.55,1.49,1.21,2025-08-11,1730,Terra,MODIS,0,6.1NRT,291.06,142.46,D
55.69271,-104.24439,331.37,1.48,1.2,2025-08-11,1730,Terra,MODIS,0,6.1NRT,287.77,49.2,D
55.68352,-104.20088,317.27,1.49,1.21,2025-08-11,1730,Terra,MODIS,0,6.1NRT,282.79,23.07,D
55.67889,-104.17902,314.02,1.49,1.21,2025-08-11,1730,Terra,MODIS,0,6.1NRT,287.64,20.14,D
55.47003,-103.49606,313.29,1.61,1.25,2025-08-11,1730,Terra,MODIS,0,6.1NRT,288.16,20.69,D
56.25502,-104.78003,315.34,1.37,1.16,2025-08-11,1730,Terra,MODIS,30,6.1NRT,288.26,17.59,D
56.1803,-104.83425,363.18,1.37,1.16,2025-08-11,1730,Terra,MODIS,0,6.1NRT,291.37,145.13,D
55.79622,-102.6547,313.97,1.7,1.28,2025-08-11,1730,Terra,MODIS,0,6.1NRT,288.14,20.84,D
54.28838,-101.16634,303.11,2.21,1.44,2025-08-11,1732,Terra,MODIS,49,6.1NRT,288.06,10.64,D
54.33939,-102.0724,337.76,2.01,1.38,2025-08-11,1732,Terra,MODIS,91,6.1NRT,294.56,98.95,D
54.33266,-102.04421,314.41,2.02,1.38,2025-08-11,1732,Terra,MODIS,49,6.1NRT,291.96,22.22,D
54.31878,-102.15194,322.26,2,1.38,2025-08-11,1732,Terra,MODIS,51,6.1NRT,292.81,44.25,D
54.30077,-102.13196,373.33,2,1.38,2025-08-11,1732,Terra,MODIS,0,6.1NRT,291.19,336.78,D
54.3083,-102.13197,346.36,2,1.38,2025-08-11,1732,Terra,MODIS,0,6.1NRT,294.1,140.27,D
54.29699,-102.13988,362.31,2,1.38,2025-08-11,1732,Terra,MODIS,75,6.1NRT,289.44,250.63,D
54.29033,-102.11168,318.18,2.01,1.38,2025-08-11,1732,Terra,MODIS,59,6.1NRT,289.24,36.86,D
53.26101,-109.94526,308.05,1.09,1.04,2025-08-11,1732,Terra,MODIS,63,6.1NRT,295.78,4.93,D
51.68239,-121.96315,306.6,1.81,1.32,2025-08-11,1732,Terra,MODIS,55,6.1NRT,294.9,11.83,D
50.90395,-117.12825,301.46,1.12,1.05,2025-08-11,1732,Terra,MODIS,13,6.1NRT,289.79,3.94,D
55.32825,-103.68398,378.24,1.6,1.25,2025-08-11,1732,Terra,MODIS,100,6.1NRT,292.91,0,D
55.30735,-103.75094,377.42,1.59,1.24,2025-08-11,1732,Terra,MODIS,100,6.1NRT,286.64,0,D
55.28651,-103.81753,324.16,1.58,1.24,2025-08-11,1732,Terra,MODIS,0,6.1NRT,285.03,31.02,D
54.35069,-102.06433,327.34,2.01,1.38,2025-08-11,1732,Terra,MODIS,80,6.1NRT,293.53,61.96,D
47.85387,-53.16832,368.9,1.04,1.02,2025-08-11,1737,Aqua,MODIS,87,6.1NRT,306.83,110.68,D
47.87356,-53.10502,342.1,1.04,1.02,2025-08-11,1737,Aqua,MODIS,79,6.1NRT,292.35,42.98,D
47.86921,-53.1316,343.57,1.04,1.02,2025-08-11,1737,Aqua,MODIS,0,6.1NRT,301.71,44.63,D
47.86702,-53.14494,356.67,1.04,1.02,2025-08-11,1737,Aqua,MODIS,0,6.1NRT,303.3,75.67,D
47.86485,-53.15822,370.6,1.04,1.02,2025-08-11,1737,Aqua,MODIS,87,6.1NRT,307.4,119.49,D
47.86267,-53.17148,382.3,1.04,1.02,2025-08-11,1737,Aqua,MODIS,100,6.1NRT,306.04,168.69,D
47.86049,-53.18477,322.47,1.05,1.02,2025-08-11,1737,Aqua,MODIS,65,6.1NRT,296.81,16.98,D
47.88454,-53.10172,377.68,1.04,1.02,2025-08-11,1737,Aqua,MODIS,0,6.1NRT,307.26,143.2,D
47.88235,-53.11499,368.5,1.04,1.02,2025-08-11,1737,Aqua,MODIS,72,6.1NRT,306.74,107.57,D
47.88016,-53.12825,372.32,1.04,1.02,2025-08-11,1737,Aqua,MODIS,0,6.1NRT,304.54,123.09,D
47.87357,-53.16805,326.98,1.04,1.02,2025-08-11,1737,Aqua,MODIS,0,6.1NRT,297.6,22.17,D
47.15177,-65.4539,312.87,3.97,1.85,2025-08-11,1737,Aqua,MODIS,53,6.1NRT,289.73,45.89,D
47.46699,-52.90438,386.82,1.04,1.02,2025-08-11,1737,Aqua,MODIS,0,6.1NRT,303.68,183.77,D
47.47576,-52.90757,361.86,1.04,1.02,2025-08-11,1737,Aqua,MODIS,0,6.1NRT,293.91,87.13,D
47.82088,-53.14227,316.52,1.04,1.02,2025-08-11,1737,Aqua,MODIS,26,6.1NRT,279.74,10.37,D
47.8187,-53.15551,331.79,1.04,1.02,2025-08-11,1737,Aqua,MODIS,63,6.1NRT,293.53,27.59,D
47.81429,-53.18218,340.65,1.05,1.02,2025-08-11,1737,Aqua,MODIS,57,6.1NRT,303.3,38.08,D
47.87572,-53.09178,333.52,1.04,1.02,2025-08-11,1737,Aqua,MODIS,56,6.1NRT,284.42,29.5,D
47.8121,-53.19543,347.12,1.05,1.02,2025-08-11,1737,Aqua,MODIS,90,6.1NRT,301.74,52.06,D
47.82969,-53.14536,333.37,1.04,1.02,2025-08-11,1737,Aqua,MODIS,70,6.1NRT,289.05,29.12,D
47.8275,-53.15866,347.74,1.04,1.02,2025-08-11,1737,Aqua,MODIS,89,6.1NRT,299.45,54.72,D
47.83627,-53.16204,335.91,1.04,1.02,2025-08-11,1737,Aqua,MODIS,46,6.1NRT,299.8,32.04,D
47.82971,-53.20175,355.09,1.05,1.02,2025-08-11,1737,Aqua,MODIS,70,6.1NRT,301.47,71.24,D
47.85163,-53.12522,334.44,1.04,1.02,2025-08-11,1737,Aqua,MODIS,40,6.1NRT,291.42,30.12,D
47.8429,-53.17838,355.61,1.05,1.02,2025-08-11,1737,Aqua,MODIS,38,6.1NRT,303.41,69.64,D
47.84071,-53.19164,341.31,1.05,1.02,2025-08-11,1737,Aqua,MODIS,53,6.1NRT,300.01,40.34,D
47.86478,-53.10183,330.5,1.04,1.02,2025-08-11,1737,Aqua,MODIS,53,6.1NRT,285.22,25.24,D
47.86261,-53.11506,334.94,1.04,1.02,2025-08-11,1737,Aqua,MODIS,66,6.1NRT,290.98,31.47,D
47.85605,-53.15505,341.69,1.04,1.02,2025-08-11,1737,Aqua,MODIS,40,6.1NRT,302.87,41.32,D
47.8517,-53.18154,356.99,1.05,1.02,2025-08-11,1737,Aqua,MODIS,85,6.1NRT,301.97,75.59,D
60.04001,-121.84528,315.72,1.96,1.37,2025-08-11,1906,Terra,MODIS,72,6.1NRT,296.44,24.86,D
60.04403,-121.83456,316.97,1.96,1.37,2025-08-11,1906,Terra,MODIS,77,6.1NRT,296.18,29.44,D
65.70291,-123.65125,306.75,1.14,1.07,2025-08-11,1906,Terra,MODIS,51,6.1NRT,291.83,6.62,D
59.90245,-122.10776,327.87,1.94,1.36,2025-08-11,1908,Terra,MODIS,85,6.1NRT,291.5,62.54,D
59.75424,-121.94704,303.23,1.99,1.38,2025-08-11,1908,Terra,MODIS,33,6.1NRT,283.12,8.87,D
59.9067,-122.09627,325.3,1.94,1.36,2025-08-11,1908,Terra,MODIS,63,6.1NRT,293.48,54.71,D
59.91436,-122.12699,313.64,1.93,1.36,2025-08-11,1908,Terra,MODIS,54,6.1NRT,290.99,25.95,D
54.01484,-128.68929,313.69,1.69,1.28,2025-08-11,1910,Terra,MODIS,37,6.1NRT,291.07,21.14,D
54.01572,-128.69434,310.39,1.69,1.28,2025-08-11,1910,Terra,MODIS,26,6.1NRT,291.35,16.8,D
45.55484,-73.56152,337.84,1.03,1.01,2025-08-11,1915,Aqua,MODIS,87,6.1NRT,307.62,23.9,D
47.15823,-65.42085,349.49,2.52,1.53,2025-08-11,1915,Aqua,MODIS,95,6.1NRT,300.18,195.43,D
55.31479,-107.91798,367.6,1.13,1.06,2025-08-11,2057,Aqua,MODIS,87,6.1NRT,298.03,126.27,D
55.41004,-103.72706,423.92,1,1,2025-08-11,2057,Aqua,MODIS,100,6.1NRT,317.95,0,D
55.01273,-106.83788,339.63,1.08,1.04,2025-08-11,2057,Aqua,MODIS,86,6.1NRT,297.58,42.35,D
55.02433,-106.82665,369.94,1.08,1.04,2025-08-11,2057,Aqua,MODIS,89,6.1NRT,300.09,122.62,D
55.04402,-107.56185,313.4,1.12,1.06,2025-08-11,2057,Aqua,MODIS,34,6.1NRT,291.64,10.26,D
55.213,-106.88832,366.83,1.08,1.04,2025-08-11,2057,Aqua,MODIS,75,6.1NRT,289.05,112.06,D
54.97677,-108.19317,334.26,1.17,1.08,2025-08-11,2057,Aqua,MODIS,68,6.1NRT,291.91,38.52,D
54.99169,-108.2209,381.48,1.17,1.08,2025-08-11,2057,Aqua,MODIS,87,6.1NRT,300.6,195.97,D
55.00717,-108.1918,335.16,1.17,1.08,2025-08-11,2057,Aqua,MODIS,67,6.1NRT,293.98,37.64,D
55.00397,-108.20898,334.8,1.17,1.08,2025-08-11,2057,Aqua,MODIS,68,6.1NRT,295.76,37.65,D
55.01115,-108.20086,335.25,1.17,1.08,2025-08-11,2057,Aqua,MODIS,0,6.1NRT,294.92,42.51,D
55.0079,-108.218,312.95,1.17,1.08,2025-08-11,2057,Aqua,MODIS,55,6.1NRT,293.18,12.63,D
55.28959,-106.83186,341.87,1.07,1.03,2025-08-11,2057,Aqua,MODIS,56,6.1NRT,288.06,46.28,D
55.28681,-106.84778,469.38,1.07,1.03,2025-08-11,2057,Aqua,MODIS,100,6.1NRT,307,1096.69,D
55.28404,-106.86365,357.64,1.07,1.03,2025-08-11,2057,Aqua,MODIS,79,6.1NRT,284.47,78.95,D
55.29557,-106.85252,366.24,1.07,1.03,2025-08-11,2057,Aqua,MODIS,88,6.1NRT,286,108.98,D
55.2928,-106.86843,341.95,1.07,1.03,2025-08-11,2057,Aqua,MODIS,59,6.1NRT,275.83,42.53,D
55.29676,-107.01067,316.63,1.08,1.04,2025-08-11,2057,Aqua,MODIS,51,6.1NRT,295.05,10.58,D
55.29394,-107.02679,341.08,1.08,1.04,2025-08-11,2057,Aqua,MODIS,92,6.1NRT,297.13,45.14,D
55.28263,-107.09116,319.52,1.09,1.04,2025-08-11,2057,Aqua,MODIS,64,6.1NRT,292.79,14.56,D
55.29688,-107.90773,336.69,1.13,1.06,2025-08-11,2057,Aqua,MODIS,0,6.1NRT,295.93,42.35,D
55.29379,-107.92452,325.61,1.14,1.06,2025-08-11,2057,Aqua,MODIS,69,6.1NRT,292.03,24.61,D
55.30584,-107.91285,346.82,1.13,1.06,2025-08-11,2057,Aqua,MODIS,72,6.1NRT,297.87,61.88,D
55.30275,-107.92966,326.68,1.14,1.06,2025-08-11,2057,Aqua,MODIS,85,6.1NRT,293.58,26.15,D
55.29966,-107.94648,310.09,1.14,1.06,2025-08-11,2057,Aqua,MODIS,42,6.1NRT,293.04,8.43,D
55.32375,-107.9231,336.61,1.13,1.06,2025-08-11,2057,Aqua,MODIS,85,6.1NRT,295.22,42.23,D
52.18458,-120.39703,300.03,4.71,1.99,2025-08-11,2057,Aqua,MODIS,12,6.1NRT,284.12,30.46,D
55.23502,-109.34553,317.79,1.26,1.11,2025-08-11,2057,Aqua,MODIS,68,6.1NRT,292.27,19.73,D
55.23138,-109.36401,319.93,1.26,1.11,2025-08-11,2057,Aqua,MODIS,69,6.1NRT,293.5,22.2,D
55.42361,-108.52321,313.24,1.17,1.08,2025-08-11,2057,Aqua,MODIS,56,6.1NRT,293.2,10.89,D
55.40247,-108.70989,313.57,1.19,1.09,2025-08-11,2057,Aqua,MODIS,50,6.1NRT,296.22,12.11,D
55.3991,-108.72746,315,1.19,1.09,2025-08-11,2057,Aqua,MODIS,63,6.1NRT,294.94,13.89,D
55.26735,-109.45366,309.7,1.26,1.12,2025-08-11,2057,Aqua,MODIS,42,6.1NRT,290.83,10.56,D
55.59265,-108.71818,315.19,1.18,1.08,2025-08-11,2057,Aqua,MODIS,42,6.1NRT,293.4,10.47,D
55.60414,-108.76417,318.45,1.18,1.08,2025-08-11,2057,Aqua,MODIS,58,6.1NRT,294.92,13.76,D
55.60079,-108.78173,322.3,1.19,1.08,2025-08-11,2057,Aqua,MODIS,78,6.1NRT,298.79,19.09,D
55.59743,-108.79932,327.27,1.19,1.08,2025-08-11,2057,Aqua,MODIS,65,6.1NRT,299.78,24.9,D
58.38526,-115.91748,316.11,1.76,1.3,2025-08-11,2057,Aqua,MODIS,66,6.1NRT,291.32,28.99,D
55.42085,-103.71585,360.79,1,1,2025-08-11,2057,Aqua,MODIS,75,6.1NRT,294.87,78.39,D
55.41864,-103.73097,355.39,1,1,2025-08-11,2057,Aqua,MODIS,0,6.1NRT,297.07,64.95,D
55.46246,-103.49232,341.31,1,1,2025-08-11,2057,Aqua,MODIS,0,6.1NRT,301.31,35.98,D
55.46026,-103.50751,372.65,1,1,2025-08-11,2057,Aqua,MODIS,75,6.1NRT,302.35,117.7,D
55.47107,-103.49622,324.49,1,1,2025-08-11,2057,Aqua,MODIS,16,6.1NRT,294.86,16.03,D
55.01553,-106.82198,401.76,1.08,1.04,2025-08-11,2057,Aqua,MODIS,65,6.1NRT,299.99,289.42,D
50.21211,-117.9968,302.3,4.41,1.93,2025-08-11,2057,Aqua,MODIS,29,6.1NRT,288.61,23.57,D
54.27743,-101.1883,323.5,1.05,1.02,2025-08-11,2057,Aqua,MODIS,46,6.1NRT,288.1,20.95,D
54.35635,-100.63915,335.56,1.08,1.04,2025-08-11,2057,Aqua,MODIS,64,6.1NRT,295.3,35.58,D
54.35036,-100.6872,329.68,1.08,1.04,2025-08-11,2057,Aqua,MODIS,81,6.1NRT,297.07,25.44,D
54.36334,-100.65849,322.35,1.08,1.04,2025-08-11,2057,Aqua,MODIS,61,6.1NRT,297.85,17.85,D
54.86349,-99.7319,316,1.15,1.07,2025-08-11,2057,Aqua,MODIS,0,6.1NRT,295.1,11.75,D
55.02649,-99.99982,309.71,1.14,1.06,2025-08-11,2057,Aqua,MODIS,23,6.1NRT,292.11,6.49,D
55.04258,-99.90263,315.1,1.15,1.07,2025-08-11,2057,Aqua,MODIS,0,6.1NRT,294.59,11.52,D
55.0307,-100.00652,310.88,1.14,1.06,2025-08-11,2057,Aqua,MODIS,0,6.1NRT,290.29,9.64,D
54.80271,-103.84618,355.74,1,1,2025-08-11,2057,Aqua,MODIS,80,6.1NRT,296.38,71.03,D
54.80048,-103.86105,325.34,1,1,2025-08-11,2057,Aqua,MODIS,72,6.1NRT,293.38,19.38,D
54.81129,-103.85007,311.42,1,1,2025-08-11,2057,Aqua,MODIS,53,6.1NRT,293.99,6.39,D
54.84819,-103.78735,307.7,1,1,2025-08-11,2057,Aqua,MODIS,34,6.1NRT,293.96,5.14,D
54.89474,-104.03667,358.33,1,1,2025-08-11,2057,Aqua,MODIS,86,6.1NRT,298.78,74.81,D
54.90557,-104.0257,340.3,1,1,2025-08-11,2057,Aqua,MODIS,92,6.1NRT,298.04,35.43,D
54.90332,-104.04061,353.56,1,1,2025-08-11,2057,Aqua,MODIS,74,6.1NRT,296.92,61.98,D
54.91416,-104.02966,338.99,1,1,2025-08-11,2057,Aqua,MODIS,91,6.1NRT,294.86,32.51,D
54.9119,-104.04456,341.11,1,1,2025-08-11,2057,Aqua,MODIS,80,6.1NRT,293.28,36.86,D
55.24617,-103.81712,325.99,1,1,2025-08-11,2057,Aqua,MODIS,53,6.1NRT,290.89,19.35,D
55.25698,-103.806,341.84,1,1,2025-08-11,2057,Aqua,MODIS,70,6.1NRT,293.07,42.71,D
55.25253,-103.83609,424.3,1,1,2025-08-11,2057,Aqua,MODIS,0,6.1NRT,315.71,426.03,D
55.27473,-103.81934,395.26,1,1,2025-08-11,2057,Aqua,MODIS,100,6.1NRT,309.76,0,D
55.27251,-103.83439,346.72,1,1,2025-08-11,2057,Aqua,MODIS,72,6.1NRT,302.59,46.57,D
55.27029,-103.84945,339.39,1,1,2025-08-11,2057,Aqua,MODIS,69,6.1NRT,300.82,34.82,D
55.30767,-103.65742,505.1,1,1,2025-08-11,2057,Aqua,MODIS,100,6.1NRT,400.07,0,D
55.30546,-103.67251,463.59,1,1,2025-08-11,2057,Aqua,MODIS,100,6.1NRT,322.31,0,D
55.28555,-103.8082,445,1,1,2025-08-11,2057,Aqua,MODIS,87,6.1NRT,314.9,641.25,D
55.28332,-103.82327,390.16,1,1,2025-08-11,2057,Aqua,MODIS,94,6.1NRT,310.77,189.37,D
55.2811,-103.83832,333.04,1,1,2025-08-11,2057,Aqua,MODIS,78,6.1NRT,300.54,24.46,D
55.31847,-103.64622,427.13,1,1,2025-08-11,2057,Aqua,MODIS,100,6.1NRT,322.78,0,D
55.30522,-103.73676,490.96,1,1,2025-08-11,2057,Aqua,MODIS,100,6.1NRT,333.36,0,D
55.32927,-103.63501,360.58,1,1,2025-08-11,2057,Aqua,MODIS,90,6.1NRT,294.22,0,D
55.31824,-103.7105,461.62,1,1,2025-08-11,2057,Aqua,MODIS,100,6.1NRT,324.71,0,D
55.31382,-103.74068,399.65,1,1,2025-08-11,2057,Aqua,MODIS,100,6.1NRT,301.37,0,D
55.3116,-103.75577,390.03,1,1,2025-08-11,2057,Aqua,MODIS,75,6.1NRT,307.76,187.82,D
55.33346,-103.66912,365.36,1,1,2025-08-11,2057,Aqua,MODIS,95,6.1NRT,306.14,0,D
55.32905,-103.69931,382.5,1,1,2025-08-11,2057,Aqua,MODIS,100,6.1NRT,308.14,0,D
55.32684,-103.71441,483.74,1,1,2025-08-11,2057,Aqua,MODIS,100,6.1NRT,337.39,0,D
55.32462,-103.72951,457.07,1,1,2025-08-11,2057,Aqua,MODIS,100,6.1NRT,326.84,794.59,D
55.32241,-103.7446,394.14,1,1,2025-08-11,2057,Aqua,MODIS,100,6.1NRT,307.48,207.92,D
55.32019,-103.75969,355.69,1,1,2025-08-11,2057,Aqua,MODIS,93,6.1NRT,298.56,64.21,D
55.31797,-103.77477,343.5,1,1,2025-08-11,2057,Aqua,MODIS,81,6.1NRT,299.33,38.91,D
55.33322,-103.73342,358.81,1,1,2025-08-11,2057,Aqua,MODIS,86,6.1NRT,304.73,70.62,D
55.33101,-103.74851,352.79,1,1,2025-08-11,2057,Aqua,MODIS,84,6.1NRT,302.02,56.66,D
55.32878,-103.7636,358.43,1,1,2025-08-11,2057,Aqua,MODIS,93,6.1NRT,301.15,70.63,D
54.98657,-106.10964,311.18,1.05,1.02,2025-08-11,2057,Aqua,MODIS,64,6.1NRT,294.83,8.38,D
55.48634,-102.99989,367.43,1.01,1.01,2025-08-11,2057,Aqua,MODIS,0,6.1NRT,283.15,107.38,D
55.4842,-103.01524,397.8,1.01,1,2025-08-11,2057,Aqua,MODIS,0,6.1NRT,302.42,241.69,D
55.39528,-103.63965,431.71,1,1,2025-08-11,2057,Aqua,MODIS,100,6.1NRT,317.04,0,D
55.495,-103.0037,384.15,1.01,1.01,2025-08-11,2057,Aqua,MODIS,71,6.1NRT,295.69,170.75,D
55.49286,-103.01905,367.33,1.01,1,2025-08-11,2057,Aqua,MODIS,68,6.1NRT,286.9,107,D
55.49072,-103.03439,369.82,1.01,1,2025-08-11,2057,Aqua,MODIS,78,6.1NRT,287.78,116.78,D
55.42582,-103.492,338.29,1,1,2025-08-11,2057,Aqua,MODIS,58,6.1NRT,295.39,33.95,D
55.40388,-103.64356,368.28,1,1,2025-08-11,2057,Aqua,MODIS,87,6.1NRT,294.89,102.89,D
55.40168,-103.65869,440.42,1,1,2025-08-11,2057,Aqua,MODIS,87,6.1NRT,326.11,587.97,D
55.39727,-103.68896,450.68,1,1,2025-08-11,2057,Aqua,MODIS,100,6.1NRT,400.07,0,D
55.39506,-103.70409,395.88,1,1,2025-08-11,2057,Aqua,MODIS,100,6.1NRT,312.24,0,D
55.01749,-106.09858,314.85,1.05,1.02,2025-08-11,2057,Aqua,MODIS,67,6.1NRT,295.16,12.35,D
55.4388,-103.46548,349.02,1,1,2025-08-11,2057,Aqua,MODIS,68,6.1NRT,296.06,52.1,D
55.41248,-103.64747,372.11,1,1,2025-08-11,2057,Aqua,MODIS,100,6.1NRT,294.49,114.43,D
55.41028,-103.66261,443.71,1,1,2025-08-11,2057,Aqua,MODIS,100,6.1NRT,319.47,625.03,D
55.40807,-103.67776,416.17,1,1,2025-08-11,2057,Aqua,MODIS,100,6.1NRT,314.2,0,D
55.40586,-103.69289,468.99,1,1,2025-08-11,2057,Aqua,MODIS,100,6.1NRT,400.07,0,D
55.40365,-103.70802,426.8,1,1,2025-08-11,2057,Aqua,MODIS,100,6.1NRT,329.49,0,D
55.40144,-103.72314,386.69,1,1,2025-08-11,2057,Aqua,MODIS,100,6.1NRT,299.32,0,D
55.41887,-103.66653,359.18,1,1,2025-08-11,2057,Aqua,MODIS,94,6.1NRT,294.41,74.29,D
55.41667,-103.68168,360.53,1,1,2025-08-11,2057,Aqua,MODIS,94,6.1NRT,296.73,76.98,D
55.02153,-106.84256,350.27,1.08,1.04,2025-08-11,2057,Aqua,MODIS,96,6.1NRT,298.16,63.86,D
55.04746,-106.80427,316.99,1.08,1.04,2025-08-11,2057,Aqua,MODIS,56,6.1NRT,294.04,10.53,D
55.05624,-106.80903,328.69,1.08,1.04,2025-08-11,2057,Aqua,MODIS,86,6.1NRT,298.15,24.68,D
55.72301,-102.83675,313.21,1.02,1.01,2025-08-11,2057,Aqua,MODIS,34,6.1NRT,287.65,10.62,D
55.73183,-102.90652,363.18,1.02,1.01,2025-08-11,2057,Aqua,MODIS,0,6.1NRT,293.55,96.06,D
55.73837,-102.92586,327.5,1.02,1.01,2025-08-11,2057,Aqua,MODIS,0,6.1NRT,290.74,23.5,D
56.18269,-99.38297,343.17,1.23,1.1,2025-08-11,2057,Aqua,MODIS,69,6.1NRT,282.23,66.52,D
55.79211,-102.66836,353.25,1.02,1.01,2025-08-11,2057,Aqua,MODIS,93,6.1NRT,296.15,64.32,D
55.78785,-102.69963,375.22,1.02,1.01,2025-08-11,2057,Aqua,MODIS,0,6.1NRT,299.06,131.06,D
54.9573,-107.89492,316.59,1.15,1.07,2025-08-11,2057,Aqua,MODIS,67,6.1NRT,293.48,14.46,D
55.7987,-102.68773,364.63,1.02,1.01,2025-08-11,2057,Aqua,MODIS,100,6.1NRT,295.38,94.2,D
55.79657,-102.70339,382.58,1.02,1.01,2025-08-11,2057,Aqua,MODIS,87,6.1NRT,303.6,159.52,D
55.79228,-102.73473,331.25,1.02,1.01,2025-08-11,2057,Aqua,MODIS,0,6.1NRT,295.29,25.15,D
62.08192,-115.8642,307.95,1.32,1.14,2025-08-11,2059,Aqua,MODIS,0,6.1NRT,281.17,8.52,D
62.14809,-115.70998,305.08,1.3,1.13,2025-08-11,2059,Aqua,MODIS,0,6.1NRT,285.13,7.82,D
60.37512,-122.4788,345.74,2.53,1.53,2025-08-11,2059,Aqua,MODIS,94,6.1NRT,294.32,198.45,D
60.38653,-122.43917,320.66,2.52,1.53,2025-08-11,2059,Aqua,MODIS,80,6.1NRT,292.38,61.02,D
58.90051,-118.2885,326.19,2.06,1.4,2025-08-11,2059,Aqua,MODIS,72,6.1NRT,286.21,55.77,D
58.91155,-118.29933,322.64,2.06,1.4,2025-08-11,2059,Aqua,MODIS,71,6.1NRT,288.45,47.26,D
60.55433,-118.88271,308.87,1.86,1.33,2025-08-11,2059,Aqua,MODIS,67,6.1NRT,292.5,16.47,D
62.12749,-112.90071,332.57,1.12,1.05,2025-08-11,2059,Aqua,MODIS,0,6.1NRT,295.33,35.85,D
62.12378,-112.92043,380.64,1.12,1.05,2025-08-11,2059,Aqua,MODIS,0,6.1NRT,305.32,181.6,D
62.1756,-112.94731,367.23,1.12,1.05,2025-08-11,2059,Aqua,MODIS,97,6.1NRT,299.95,0,D
61.57716,-117.43703,309.95,1.53,1.22,2025-08-11,2059,Aqua,MODIS,48,6.1NRT,291.66,15.25,D
60.38184,-122.44101,332.18,2.52,1.53,2025-08-11,2059,Aqua,MODIS,88,6.1NRT,293.01,113.95,D
60.37027,-122.48046,338.99,2.53,1.53,2025-08-11,2059,Aqua,MODIS,86,6.1NRT,293.73,153.97,D
54.01201,-128.6787,364.96,1,1,2025-08-11,2233,Aqua,MODIS,0,6.1NRT,293.27,97.36,D
53.88732,-124.64539,312.07,1.1,1.05,2025-08-11,2233,Aqua,MODIS,18,6.1NRT,297.4,7.63,D
53.55012,-126.40618,308.07,1.02,1.01,2025-08-11,2233,Aqua,MODIS,22,6.1NRT,294.56,5.35,D
60.03315,-121.91827,323.7,1.66,1.27,2025-08-11,2237,Aqua,MODIS,47,6.1NRT,280.29,37.46,D
60.04426,-121.92178,378.85,1.66,1.27,2025-08-11,2237,Aqua,MODIS,100,6.1NRT,282.05,303.41,D
60.04203,-121.95074,397,1.66,1.27,2025-08-11,2237,Aqua,MODIS,100,6.1NRT,287.51,486.57,D
60.2342,-122.83729,301.06,1.55,1.23,2025-08-11,2237,Aqua,MODIS,42,6.1NRT,276.43,9.65,D
60.3774,-122.46187,314.29,1.6,1.25,2025-08-11,2237,Aqua,MODIS,40,6.1NRT,279.96,23.58,D
60.37514,-122.4899,316.61,1.6,1.25,2025-08-11,2237,Aqua,MODIS,51,6.1NRT,277.98,27.35,D
60.3906,-122.43719,332.38,1.61,1.25,2025-08-11,2237,Aqua,MODIS,77,6.1NRT,277,60.47,D
60.38834,-122.46528,336,1.6,1.25,2025-08-11,2237,Aqua,MODIS,90,6.1NRT,278.35,71.54,D
60.37896,-122.46998,325.94,1.6,1.25,2025-08-11,2237,Aqua,MODIS,63,6.1NRT,280.28,45.08,D
60.39206,-122.4453,339.31,1.61,1.25,2025-08-11,2237,Aqua,MODIS,88,6.1NRT,277.07,82.61,D
59.77529,-121.73347,368.9,1.68,1.27,2025-08-11,2237,Aqua,MODIS,87,6.1NRT,282.15,234.61,D
61.59493,-117.43842,327.08,2.6,1.55,2025-08-11,2237,Aqua,MODIS,64,6.1NRT,283.86,92.83,D
61.58881,-117.44602,334.21,2.6,1.55,2025-08-11,2237,Aqua,MODIS,0,6.1NRT,286.68,133.72,D
61.58122,-117.43618,310.56,2.6,1.55,2025-08-11,2237,Aqua,MODIS,53,6.1NRT,288.29,34.64,D
59.77306,-121.76266,328.14,1.67,1.27,2025-08-11,2237,Aqua,MODIS,53,6.1NRT,279.83,50.28,D
60.03981,-121.83072,304.08,1.68,1.27,2025-08-11,2237,Aqua,MODIS,39,6.1NRT,281.66,9.09,D
47.88715,-53.1139,307.85,1.68,1.27,2025-08-11,2344,Terra,MODIS,26,6.1NRT,282.8,19.41,N
47.91079,-53.05673,320.39,1.66,1.27,2025-08-11,2344,Terra,MODIS,100,6.1NRT,287.13,42.97,N
47.90228,-53.09789,317.28,1.67,1.27,2025-08-11,2344,Terra,MODIS,56,6.1NRT,282.27,33.95,N
48.72094,-55.60575,301.69,2.12,1.41,2025-08-11,2344,Terra,MODIS,43,6.1NRT,291.36,10.09,N
48.71693,-55.58011,302.26,2.11,1.41,2025-08-11,2344,Terra,MODIS,48,6.1NRT,291.37,11.07,N
47.89574,-53.07254,323.3,1.67,1.27,2025-08-11,2344,Terra,MODIS,100,6.1NRT,289.57,48.63,N
47.88066,-53.08834,314.79,1.67,1.27,2025-08-11,2344,Terra,MODIS,24,6.1NRT,288.4,27.27,N
47.47639,-52.91685,327.87,1.68,1.27,2025-08-11,2344,Terra,MODIS,100,6.1NRT,289.97,57.47,N
47.15266,-65.39994,341.32,1.31,1.14,2025-08-12,0124,Terra,MODIS,100,6.1NRT,296.54,62.82,N
47.16431,-65.38501,345.83,1.32,1.14,2025-08-12,0124,Terra,MODIS,100,6.1NRT,299.73,75.95,N
47.17433,-65.38708,324.48,1.32,1.14,2025-08-12,0124,Terra,MODIS,100,6.1NRT,296.45,28.89,N
47.16267,-65.40208,354.26,1.31,1.14,2025-08-12,0124,Terra,MODIS,100,6.1NRT,301.26,101.75,N
47.15429,-65.38285,312.32,1.32,1.14,2025-08-12,0124,Terra,MODIS,84,6.1NRT,295.03,11.62,N
47.16103,-65.41907,326.62,1.31,1.14,2025-08-12,0124,Terra,MODIS,100,6.1NRT,297.19,31.62,N
47.17268,-65.40421,324.57,1.31,1.14,2025-08-12,0124,Terra,MODIS,100,6.1NRT,296.57,28.52,N
55.07124,-107.90585,304.56,1.83,1.33,2025-08-12,0304,Terra,MODIS,11,6.1NRT,286.06,16.73,N
54.99786,-108.22557,306.81,1.9,1.35,2025-08-12,0304,Terra,MODIS,56,6.1NRT,286.46,21.44,N
55.39027,-108.70052,316.81,1.93,1.36,2025-08-12,0304,Terra,MODIS,94,6.1NRT,287.45,43.18,N
55.38381,-108.72826,300.17,1.94,1.36,2025-08-12,0304,Terra,MODIS,19,6.1NRT,285.82,13.14,N
55.39521,-108.70926,306.44,1.93,1.36,2025-08-12,0304,Terra,MODIS,68,6.1NRT,286.26,22.34,N
55.02079,-107.86535,326.59,1.83,1.33,2025-08-12,0304,Terra,MODIS,100,6.1NRT,287.93,65.37,N
55.6035,-109.70351,304.3,2.09,1.41,2025-08-12,0304,Terra,MODIS,59,6.1NRT,285.12,23.67,N
55.61496,-109.71223,303.56,2.09,1.41,2025-08-12,0304,Terra,MODIS,41,6.1NRT,285.35,20.68,N
55.8631,-109.22475,300.3,1.96,1.37,2025-08-12,0304,Terra,MODIS,24,6.1NRT,285.1,15.67,N
54.28109,-101.18428,308.34,1.1,1.05,2025-08-12,0304,Terra,MODIS,74,6.1NRT,286.19,11.35,N
55.30397,-109.31137,304.99,2.07,1.4,2025-08-12,0304,Terra,MODIS,57,6.1NRT,285.43,22.55,N
55.01669,-107.86749,313.34,1.83,1.33,2025-08-12,0304,Terra,MODIS,87,6.1NRT,286.26,34.28,N
55.0276,-107.87513,320.58,1.83,1.33,2025-08-12,0304,Terra,MODIS,100,6.1NRT,287.98,49.86,N
55.04454,-107.85653,327.84,1.83,1.32,2025-08-12,0304,Terra,MODIS,100,6.1NRT,290.22,64.13,N
55.03852,-107.88275,330.19,1.83,1.33,2025-08-12,0304,Terra,MODIS,100,6.1NRT,289.03,72.64,N
55.06633,-107.87185,307.29,1.83,1.32,2025-08-12,0304,Terra,MODIS,13,6.1NRT,287.15,20.09,N
55.06033,-107.89814,305.62,1.83,1.33,2025-08-12,0304,Terra,MODIS,22,6.1NRT,286.2,18.44,N
62.13164,-112.91629,306.56,1.6,1.25,2025-08-12,0306,Terra,MODIS,46,6.1NRT,285.31,19.45,D
49.11784,-124.75253,411.02,1.24,1.11,2025-08-12,0442,Terra,MODIS,100,6.1NRT,317.15,440.06,N
49.07427,-124.76797,307.58,1.24,1.11,2025-08-12,0442,Terra,MODIS,30,6.1NRT,295.89,5.66,N
49.0864,-124.75738,328.38,1.24,1.11,2025-08-12,0442,Terra,MODIS,100,6.1NRT,301.05,30.21,N
49.08352,-124.77312,334.64,1.24,1.11,2025-08-12,0442,Terra,MODIS,100,6.1NRT,299.21,41.87,N
49.09907,-124.74379,358.18,1.24,1.11,2025-08-12,0442,Terra,MODIS,100,6.1NRT,302.55,105.34,N
49.09579,-124.76174,462.1,1.24,1.11,2025-08-12,0442,Terra,MODIS,100,6.1NRT,330.11,1199.36,N
49.0928,-124.77818,417.82,1.24,1.11,2025-08-12,0442,Terra,MODIS,100,6.1NRT,311.13,511.45,N
49.10819,-124.7496,386.61,1.24,1.11,2025-08-12,0442,Terra,MODIS,100,6.1NRT,311.97,243.61,N
49.10518,-124.76621,455,1.24,1.11,2025-08-12,0442,Terra,MODIS,100,6.1NRT,332.23,1058.24,N
49.10223,-124.78239,406.61,1.24,1.11,2025-08-12,0442,Terra,MODIS,100,6.1NRT,308.77,398.81,N
49.12075,-124.73651,309.31,1.24,1.1,2025-08-12,0442,Terra,MODIS,47,6.1NRT,298.72,7.36,N
49.11473,-124.76973,414.96,1.24,1.11,2025-08-12,0442,Terra,MODIS,100,6.1NRT,322.26,478.66,N
49.11177,-124.78601,346.57,1.24,1.11,2025-08-12,0442,Terra,MODIS,100,6.1NRT,301.37,69.78,N
49.12762,-124.75472,339.98,1.24,1.11,2025-08-12,0442,Terra,MODIS,100,6.1NRT,299.68,54.13,N
49.12434,-124.77292,379.21,1.24,1.11,2025-08-12,0442,Terra,MODIS,100,6.1NRT,305.82,199.08,N
49.12115,-124.79055,315.76,1.24,1.11,2025-08-12,0442,Terra,MODIS,66,6.1NRT,297.63,13.36,N
62.93676,-117.45158,300.17,1.65,1.26,2025-08-12,0444,Terra,MODIS,20,6.1NRT,282.73,14.32,N
62.93713,-117.44646,301.43,1.65,1.26,2025-08-12,0444,Terra,MODIS,10,6.1NRT,282.59,13.3,N
47.90786,-53.09029,357.61,1.07,1.03,2025-08-12,0709,Aqua,MODIS,100,6.1NRT,292.22,87.09,N
47.90545,-53.07642,363.68,1.07,1.03,2025-08-12,0709,Aqua,MODIS,100,6.1NRT,294.03,106.04,N
47.89247,-53.11075,341,1.07,1.03,2025-08-12,0709,Aqua,MODIS,100,6.1NRT,293.31,47.25,N
47.88694,-53.13295,327.66,1.07,1.03,2025-08-12,0709,Aqua,MODIS,100,6.1NRT,292.35,25.28,N
47.88458,-53.11916,313.95,1.07,1.03,2025-08-12,0709,Aqua,MODIS,54,6.1NRT,291.47,11.18,N
47.85617,-53.17405,320.73,1.07,1.03,2025-08-12,0709,Aqua,MODIS,69,6.1NRT,289.97,18.1,N
47.81179,-53.19061,308.24,1.07,1.03,2025-08-12,0709,Aqua,MODIS,19,6.1NRT,289.09,8.61,N
47.48111,-52.90965,314.8,1.1,1.05,2025-08-12,0709,Aqua,MODIS,90,6.1NRT,289.74,15.2,N
47.47415,-52.9178,312.33,1.1,1.05,2025-08-12,0709,Aqua,MODIS,85,6.1NRT,289.55,13.95,N
47.47173,-52.9039,309.03,1.1,1.05,2025-08-12,0709,Aqua,MODIS,76,6.1NRT,290.22,11.24,N
47.17091,-65.37425,307.25,2.31,1.47,2025-08-12,0709,Aqua,MODIS,56,6.1NRT,292.5,23.82,N
47.15793,-65.37601,304.71,2.31,1.47,2025-08-12,0709,Aqua,MODIS,41,6.1NRT,291.04,18.14,N
47.15984,-65.40567,306.52,2.32,1.47,2025-08-12,0709,Aqua,MODIS,62,6.1NRT,291.56,22.43,N
48.71895,-55.5933,300.44,1,1,2025-08-12,0709,Aqua,MODIS,27,6.1NRT,288.77,4.81,N
55.39919,-103.70193,309.36,1.05,1.02,2025-08-12,1024,Aqua,MODIS,48,6.1NRT,280.79,10.56,N
55.32502,-107.93184,304.8,1.4,1.17,2025-08-12,1024,Aqua,MODIS,62,6.1NRT,273.36,17.78,N
49.09156,-124.73647,307.48,1.22,1.1,2025-08-12,1204,Aqua,MODIS,52,6.1NRT,294.93,8.64,N
49.1282,-124.77017,325.25,1.21,1.09,2025-08-12,1204,Aqua,MODIS,100,6.1NRT,296.39,29.8,N
49.12549,-124.7558,333.09,1.21,1.09,2025-08-12,1204,Aqua,MODIS,100,6.1NRT,297.18,42.67,N
49.12225,-124.73847,325.45,1.21,1.1,2025-08-12,1204,Aqua,MODIS,100,6.1NRT,295,30.44,N
49.11865,-124.77293,354.32,1.21,1.09,2025-08-12,1204,Aqua,MODIS,100,6.1NRT,299.22,93.9,N
49.1158,-124.75784,344.67,1.21,1.09,2025-08-12,1204,Aqua,MODIS,100,6.1NRT,302.12,66.46,N
49.11275,-124.74158,350.02,1.21,1.1,2025-08-12,1204,Aqua,MODIS,100,6.1NRT,297.94,81.11,N
49.10925,-124.77657,335.74,1.21,1.09,2025-08-12,1204,Aqua,MODIS,100,6.1NRT,297.32,46.34,N
49.10631,-124.76102,352.44,1.21,1.09,2025-08-12,1204,Aqua,MODIS,100,6.1NRT,304.77,87.5,N
49.10355,-124.74641,372.78,1.21,1.1,2025-08-12,1204,Aqua,MODIS,100,6.1NRT,302.46,165.39,N
49.1008,-124.73189,314.52,1.22,1.1,2025-08-12,1204,Aqua,MODIS,89,6.1NRT,294.71,15.63,N
49.0999,-124.7805,316.83,1.21,1.09,2025-08-12,1204,Aqua,MODIS,94,6.1NRT,294.83,16.98,N
49.09697,-124.76502,349.46,1.21,1.09,2025-08-12,1204,Aqua,MODIS,100,6.1NRT,302.79,78.52,N
49.09423,-124.75053,349.21,1.21,1.1,2025-08-12,1204,Aqua,MODIS,100,6.1NRT,299.79,78.68,N
49.08475,-124.75385,312.57,1.21,1.1,2025-08-12,1204,Aqua,MODIS,48,6.1NRT,294.83,12.52,N
49.07856,-124.77446,306.13,1.21,1.09,2025-08-12,1204,Aqua,MODIS,66,6.1NRT,293.89,7.64,N
49.08775,-124.76963,325.29,1.21,1.09,2025-08-12,1204,Aqua,MODIS,100,6.1NRT,296.66,28.28,N
47.86718,-53.17311,334.15,1.06,1.03,2025-08-12,1316,Terra,MODIS,71,6.1NRT,298.98,29.65,D
47.47414,-52.91455,330.05,1.04,1.02,2025-08-12,1316,Terra,MODIS,0,6.1NRT,299.15,26.64,D
47.48302,-52.91216,333.98,1.04,1.02,2025-08-12,1316,Terra,MODIS,66,6.1NRT,297.34,31.61,D
47.81443,-53.19358,340.72,1.06,1.03,2025-08-12,1316,Terra,MODIS,79,6.1NRT,299.16,44.46,D
47.82411,-53.1989,344.48,1.06,1.03,2025-08-12,1316,Terra,MODIS,88,6.1NRT,299.53,46.29,D
47.83304,-53.19631,329.1,1.06,1.03,2025-08-12,1316,Terra,MODIS,48,6.1NRT,298.73,19.04,D
47.84032,-53.18043,322.06,1.06,1.03,2025-08-12,1316,Terra,MODIS,53,6.1NRT,298.84,8.24,D
47.84201,-53.19397,339.98,1.06,1.03,2025-08-12,1316,Terra,MODIS,68,6.1NRT,298.53,34.71,D
47.84927,-53.17796,327.74,1.06,1.03,2025-08-12,1316,Terra,MODIS,38,6.1NRT,299.36,15.81,D
47.85822,-53.17553,337.31,1.06,1.03,2025-08-12,1316,Terra,MODIS,58,6.1NRT,300,32.95,D
47.87443,-53.15715,330.65,1.05,1.03,2025-08-12,1316,Terra,MODIS,21,6.1NRT,299.66,22.42,D
47.8872,-53.11163,331.78,1.05,1.02,2025-08-12,1316,Terra,MODIS,35,6.1NRT,302.08,22.44,D
47.88892,-53.12519,333.43,1.05,1.02,2025-08-12,1316,Terra,MODIS,31,6.1NRT,299.69,25.7,D
47.90236,-53.08682,340.65,1.05,1.02,2025-08-12,1316,Terra,MODIS,54,6.1NRT,301.03,36.02,D
47.9113,-53.08435,414.56,1.05,1.02,2025-08-12,1316,Terra,MODIS,75,6.1NRT,309.01,369.72,D
48.71235,-55.58874,312.4,1.29,1.13,2025-08-12,1316,Terra,MODIS,53,6.1NRT,296.72,9.08,D
47.16645,-65.40799,319.79,2.54,1.53,2025-08-12,1454,Terra,MODIS,72,6.1NRT,300.71,37.89,D
47.15366,-65.41463,326.52,2.54,1.53,2025-08-12,1454,Terra,MODIS,81,6.1NRT,299.88,62.95,D
47.15887,-65.37675,320.14,2.55,1.54,2025-08-12,1454,Terra,MODIS,74,6.1NRT,298.85,39.77,D
42.80498,-80.10262,317.88,1.1,1.05,2025-08-12,1457,Terra,MODIS,52,6.1NRT,295.96,12.43,D
50.51672,-104.62428,305.88,1.33,1.14,2025-08-12,1635,Terra,MODIS,31,6.1NRT,293.22,5.84,D
56.11782,-112.9996,300.44,1.6,1.25,2025-08-12,1809,Terra,MODIS,16,6.1NRT,284.9,5.66,D
62.18515,-112.93391,314.42,1.12,1.06,2025-08-12,1809,Terra,MODIS,0,6.1NRT,291.37,13.79,D
62.18007,-112.96107,333.39,1.12,1.06,2025-08-12,1809,Terra,MODIS,0,6.1NRT,292.32,38.16,D
62.12547,-112.92044,307.16,1.13,1.06,2025-08-12,1809,Terra,MODIS,0,6.1NRT,289.79,9.07,D
62.11159,-113.21217,305.82,1.11,1.05,2025-08-12,1809,Terra,MODIS,0,6.1NRT,290.13,7.49,D
49.10746,-124.76807,342.28,1,1,2025-08-12,1811,Terra,MODIS,50,6.1NRT,306.95,37.7,D
49.10368,-124.74159,314.46,1,1,2025-08-12,1811,Terra,MODIS,36,6.1NRT,298.96,7.01,D
49.10066,-124.7841,340.01,1,1,2025-08-12,1811,Terra,MODIS,71,6.1NRT,301.13,34.98,D
49.09879,-124.7709,351.33,1,1,2025-08-12,1811,Terra,MODIS,96,6.1NRT,306.39,57.31,D
49.09689,-124.75765,349.67,1,1,2025-08-12,1811,Terra,MODIS,95,6.1NRT,306.29,53.96,D
49.095,-124.74438,351.49,1,1,2025-08-12,1811,Terra,MODIS,96,6.1NRT,301.91,60.22,D
49.12477,-124.76231,367.72,1,1,2025-08-12,1811,Terra,MODIS,100,6.1NRT,303.85,100.59,D
49.13536,-124.77278,337.84,1,1,2025-08-12,1811,Terra,MODIS,84,6.1NRT,301.48,32,D
49.13344,-124.75948,335.3,1,1,2025-08-12,1811,Terra,MODIS,88,6.1NRT,304.08,28.18,D
49.11613,-124.76522,331.24,1,1,2025-08-12,1811,Terra,MODIS,55,6.1NRT,304.28,22.3,D
49.1229,-124.74913,383.11,1,1,2025-08-12,1811,Terra,MODIS,100,6.1NRT,310.08,158.43,D
49.09198,-124.78691,320.37,1,1,2025-08-12,1811,Terra,MODIS,47,6.1NRT,299.11,12.06,D
49.0901,-124.77368,344.29,1,1,2025-08-12,1811,Terra,MODIS,93,6.1NRT,302.98,44.73,D
49.08822,-124.76048,329.05,1,1,2025-08-12,1811,Terra,MODIS,42,6.1NRT,301.55,20.55,D
49.11425,-124.75201,360.54,1,1,2025-08-12,1811,Terra,MODIS,100,6.1NRT,303.6,78.37,D
49.10934,-124.78127,340.58,1,1,2025-08-12,1811,Terra,MODIS,80,6.1NRT,302.88,35.94,D
47.47639,-52.92731,337.25,1.86,1.33,2025-08-12,1815,Aqua,MODIS,0,6.1NRT,299.23,80.65,D
47.46655,-52.90103,316.68,1.87,1.34,2025-08-12,1815,Aqua,MODIS,0,6.1NRT,296.6,23.98,D
44.65271,-63.68286,351.23,1.22,1.1,2025-08-12,1815,Aqua,MODIS,73,6.1NRT,302.67,74.98,D
46.29049,-65.15791,314.49,1.31,1.13,2025-08-12,1815,Aqua,MODIS,41,6.1NRT,299.37,6.67,D
47.89132,-53.12753,362.58,1.84,1.33,2025-08-12,1815,Aqua,MODIS,0,6.1NRT,297.12,197.93,D
47.89325,-53.10292,348.74,1.85,1.33,2025-08-12,1815,Aqua,MODIS,62,6.1NRT,293.37,115.05,D
47.86412,-53.17272,367.66,1.83,1.32,2025-08-12,1815,Aqua,MODIS,75,6.1NRT,300.47,236.46,D
47.8506,-53.19494,345.37,1.82,1.32,2025-08-12,1815,Aqua,MODIS,0,6.1NRT,298.52,103.38,D
47.83895,-53.19294,340.5,1.82,1.32,2025-08-12,1815,Aqua,MODIS,62,6.1NRT,298.96,81.53,D
47.81709,-53.20582,354.87,1.82,1.32,2025-08-12,1815,Aqua,MODIS,74,6.1NRT,299.77,156.83,D
47.8423,-53.18608,340.73,1.82,1.32,2025-08-12,1815,Aqua,MODIS,0,6.1NRT,298.52,80.1,D
47.16079,-65.38516,334.44,1.28,1.12,2025-08-12,1817,Aqua,MODIS,85,6.1NRT,307.34,33.41,D
47.14811,-65.39719,337.04,1.29,1.13,2025-08-12,1817,Aqua,MODIS,87,6.1NRT,306.02,39.97,D
47.15151,-65.43335,334.07,1.29,1.13,2025-08-12,1817,Aqua,MODIS,85,6.1NRT,307.6,32.27,D
47.17038,-65.38919,323.52,1.28,1.12,2025-08-12,1817,Aqua,MODIS,51,6.1NRT,304.49,14.67,D
47.16731,-65.40517,331.1,1.29,1.13,2025-08-12,1817,Aqua,MODIS,76,6.1NRT,307.23,26.39,D
47.17691,-65.40918,323.03,1.29,1.13,2025-08-12,1817,Aqua,MODIS,43,6.1NRT,304.62,13.72,D
48.71704,-55.59893,322.92,1.42,1.18,2025-08-12,1817,Aqua,MODIS,57,6.1NRT,298.42,20.21,D
42.80323,-80.09605,320.28,1.21,1.09,2025-08-12,1953,Aqua,MODIS,0,6.1NRT,302.34,11.29,D
62.18797,-112.96056,365.98,3.13,1.68,2025-08-12,2000,Aqua,MODIS,95,6.1NRT,283.51,0,D
62.17187,-113.00905,373.17,3.14,1.68,2025-08-12,2000,Aqua,MODIS,100,6.1NRT,284.32,0,D
49.11975,-124.71732,353.59,3.49,1.76,2025-08-12,2133,Aqua,MODIS,97,6.1NRT,297.27,403.93,D
49.12527,-124.77027,372.07,3.51,1.76,2025-08-12,2133,Aqua,MODIS,0,6.1NRT,297.62,734.52,D
49.14021,-124.717,307.3,3.49,1.76,2025-08-12,2133,Aqua,MODIS,29,6.1NRT,296.12,19.28,D
49.12394,-124.71483,355.45,3.49,1.76,2025-08-12,2133,Aqua,MODIS,98,6.1NRT,297.26,428.96,D
50.16256,-121.61701,317.01,2.27,1.46,2025-08-12,2133,Aqua,MODIS,50,6.1NRT,299.99,31.29,D
49.1208,-124.77277,409.15,3.51,1.76,2025-08-12,2133,Aqua,MODIS,0,6.1NRT,300.34,1903.12,D
49.13657,-124.71779,344.91,3.49,1.76,2025-08-12,2133,Aqua,MODIS,88,6.1NRT,296.34,292.58,D
62.93464,-117.47322,374.19,1.01,1,2025-08-12,2138,Aqua,MODIS,87,6.1NRT,297.94,129.14,D
62.12528,-113.23423,308.63,1.14,1.06,2025-08-12,2138,Aqua,MODIS,0,6.1NRT,292.6,9.14,D
62.22861,-112.83688,306.76,1.17,1.08,2025-08-12,2138,Aqua,MODIS,0,6.1NRT,278.43,10.36,D
62.15789,-115.71149,310.43,1.03,1.02,2025-08-12,2138,Aqua,MODIS,55,6.1NRT,286.56,10.3,D
62.15538,-115.73033,318.21,1.03,1.02,2025-08-12,2138,Aqua,MODIS,68,6.1NRT,287.6,16.72,D
62.36326,-116.34721,310.44,1.02,1.01,2025-08-12,2138,Aqua,MODIS,45,6.1NRT,291.28,6.84,D
62.90861,-117.39334,334.12,1.01,1,2025-08-12,2138,Aqua,MODIS,0,6.1NRT,296.15,32.93,D
62.91495,-117.48017,306.32,1.01,1,2025-08-12,2138,Aqua,MODIS,0,6.1NRT,290.24,5.44,D
62.93148,-117.42979,334.39,1.01,1,2025-08-12,2138,Aqua,MODIS,67,6.1NRT,299.46,32.54,D
62.92881,-117.44855,356.59,1.01,1,2025-08-12,2138,Aqua,MODIS,74,6.1NRT,301.75,74.37,D
62.92613,-117.46732,338.74,1.01,1,2025-08-12,2138,Aqua,MODIS,79,6.1NRT,294.88,39.42,D
62.93999,-117.43568,315.02,1.01,1,2025-08-12,2138,Aqua,MODIS,65,6.1NRT,294.01,11.35,D
62.93731,-117.45445,360.12,1.01,1,2025-08-12,2138,Aqua,MODIS,75,6.1NRT,296.82,85.3,D
65.69622,-123.63245,334.07,1.03,1.01,2025-08-12,2140,Aqua,MODIS,56,6.1NRT,283.22,28.56,D
65.70451,-123.64097,325.16,1.03,1.01,2025-08-12,2140,Aqua,MODIS,46,6.1NRT,283.12,17.58,D
49.09943,-124.76268,414.37,2.53,1.53,2025-08-12,2312,Aqua,MODIS,100,6.1NRT,314.98,1319.11,D
49.12623,-124.76975,389.14,2.53,1.53,2025-08-12,2312,Aqua,MODIS,89,6.1NRT,306.85,723.72,D
49.10641,-124.76735,379.73,2.53,1.53,2025-08-12,2312,Aqua,MODIS,87,6.1NRT,309.06,563.91,D
62.87596,-139.5144,302.07,1.08,1.04,2025-08-12,2316,Aqua,MODIS,31,6.1NRT,291.9,4.2,D
47.89353,-53.11483,341.59,1.09,1.04,2025-08-13,0024,Terra,MODIS,100,6.1NRT,297.06,49.48,N
48.71532,-55.59577,316.95,1,1,2025-08-13,0024,Terra,MODIS,94,6.1NRT,293.73,12.88,N
48.72583,-55.58531,307.79,1,1,2025-08-13,0024,Terra,MODIS,73,6.1NRT,293.31,6.46,N
48.72404,-55.59851,308.02,1,1,2025-08-13,0024,Terra,MODIS,73,6.1NRT,293.32,6.61,N
48.73991,-55.54842,310.8,1,1,2025-08-13,0024,Terra,MODIS,70,6.1NRT,294.02,7.99,N
48.75043,-55.53792,330.65,1,1,2025-08-13,0024,Terra,MODIS,100,6.1NRT,295.01,27.69,N
48.74863,-55.55115,339.18,1,1,2025-08-13,0024,Terra,MODIS,100,6.1NRT,297.24,39.8,N
48.74685,-55.56437,329.39,1,1,2025-08-13,0024,Terra,MODIS,100,6.1NRT,295.24,25.72,N
48.74505,-55.57759,316.93,1,1,2025-08-13,0024,Terra,MODIS,94,6.1NRT,293.79,12.35,N
48.76093,-55.52743,306.91,1,1,2025-08-13,0024,Terra,MODIS,70,6.1NRT,293.46,5.58,N
48.75915,-55.54065,368.76,1,1,2025-08-13,0024,Terra,MODIS,100,6.1NRT,296.36,110.98,N
48.75735,-55.55389,376.49,1,1,2025-08-13,0024,Terra,MODIS,100,6.1NRT,296.78,137.75,N
48.75556,-55.56711,319.29,1,1,2025-08-13,0024,Terra,MODIS,98,6.1NRT,293.76,15.26,N
47.1566,-65.40883,316.39,2.33,1.48,2025-08-13,0024,Terra,MODIS,93,6.1NRT,297.23,37.14,N
47.15448,-65.41435,314.18,2.33,1.48,2025-08-13,0024,Terra,MODIS,30,6.1NRT,296.76,28.76,N
47.18585,-65.39884,308.67,2.32,1.47,2025-08-13,0024,Terra,MODIS,43,6.1NRT,296.2,17.93,N
44.65539,-63.69398,301.77,2.23,1.45,2025-08-13,0024,Terra,MODIS,44,6.1NRT,290.59,14.82,N
47.81071,-53.18072,337.31,1.08,1.04,2025-08-13,0024,Terra,MODIS,100,6.1NRT,294.61,42.61,N
47.80904,-53.19501,336.88,1.08,1.04,2025-08-13,0024,Terra,MODIS,100,6.1NRT,294.36,42.29,N
47.81813,-53.19747,342.17,1.08,1.04,2025-08-13,0024,Terra,MODIS,100,6.1NRT,295.62,52.01,N
47.81646,-53.21174,323.1,1.08,1.04,2025-08-13,0024,Terra,MODIS,100,6.1NRT,292.21,22.54,N
47.8272,-53.20002,326.94,1.08,1.04,2025-08-13,0024,Terra,MODIS,100,6.1NRT,293.07,25.96,N
47.82555,-53.21411,322.18,1.08,1.04,2025-08-13,0024,Terra,MODIS,100,6.1NRT,292.07,21.47,N
47.83627,-53.20253,318.7,1.08,1.04,2025-08-13,0024,Terra,MODIS,97,6.1NRT,292.99,16.62,N
47.84703,-53.19074,330.6,1.08,1.04,2025-08-13,0024,Terra,MODIS,100,6.1NRT,293.64,30.51,N
47.84537,-53.20488,318.18,1.08,1.04,2025-08-13,0024,Terra,MODIS,57,6.1NRT,291.88,15.39,N
47.85779,-53.17897,330.14,1.09,1.04,2025-08-13,0024,Terra,MODIS,95,6.1NRT,293.68,28.2,N
47.86856,-53.16718,335.94,1.09,1.04,2025-08-13,0024,Terra,MODIS,100,6.1NRT,295.14,37.98,N
47.86689,-53.18133,341.18,1.09,1.04,2025-08-13,0024,Terra,MODIS,100,6.1NRT,294.31,48.4,N
47.88106,-53.14088,307.95,1.09,1.04,2025-08-13,0024,Terra,MODIS,65,6.1NRT,292.98,6.78,N
47.87938,-53.15514,335.94,1.09,1.04,2025-08-13,0024,Terra,MODIS,100,6.1NRT,294.81,39.36,N
47.87769,-53.1694,352.8,1.09,1.04,2025-08-13,0024,Terra,MODIS,100,6.1NRT,294.18,75.21,N
47.87601,-53.18361,308.19,1.09,1.04,2025-08-13,0024,Terra,MODIS,4,6.1NRT,291.3,7.69,N
47.89523,-53.10051,312.87,1.09,1.04,2025-08-13,0024,Terra,MODIS,49,6.1NRT,294.88,10.06,N
47.91404,-53.08186,338.55,1.09,1.04,2025-08-13,0024,Terra,MODIS,100,6.1NRT,297.85,45.6,N
47.91237,-53.09636,333.26,1.09,1.04,2025-08-13,0024,Terra,MODIS,100,6.1NRT,294.78,36.11,N
47.92317,-53.08434,343.24,1.09,1.04,2025-08-13,0024,Terra,MODIS,100,6.1NRT,295.07,54.76,N
47.89185,-53.12908,357.03,1.09,1.04,2025-08-13,0024,Terra,MODIS,100,6.1NRT,297.44,85.98,N
47.90327,-53.09378,334.52,1.09,1.04,2025-08-13,0024,Terra,MODIS,100,6.1NRT,295.9,39.39,N
47.90162,-53.1081,343.05,1.09,1.04,2025-08-13,0024,Terra,MODIS,100,6.1NRT,296.62,54.22,N
47.89997,-53.12238,339.76,1.09,1.04,2025-08-13,0024,Terra,MODIS,100,6.1NRT,294.92,47.9,N
47.89833,-53.13664,320.82,1.09,1.04,2025-08-13,0024,Terra,MODIS,100,6.1NRT,292.53,20.42,N
47.16261,-65.40739,304.31,4.47,1.94,2025-08-13,0202,Terra,MODIS,59,6.1NRT,292.49,39.13,N
42.80429,-80.10267,308.44,1.03,1.02,2025-08-13,0202,Terra,MODIS,74,6.1NRT,294.28,8.03,N
47.16046,-65.40263,304.43,4.47,1.94,2025-08-13,0202,Terra,MODIS,60,6.1NRT,292.54,41.09,N
65.69691,-123.67814,321.85,1.29,1.13,2025-08-13,0347,Terra,MODIS,100,6.1NRT,285.27,29.66,D
62.91305,-117.47266,311,1.1,1.05,2025-08-13,0347,Terra,MODIS,81,6.1NRT,283.48,15.17,D
62.93751,-117.44756,318.71,1.1,1.05,2025-08-13,0347,Terra,MODIS,97,6.1NRT,285.13,21.27,D
65.68428,-123.63112,318.89,1.28,1.12,2025-08-13,0347,Terra,MODIS,69,6.1NRT,287.84,25.47,D
65.67394,-123.6806,313.26,1.29,1.13,2025-08-13,0347,Terra,MODIS,87,6.1NRT,285.34,19.33,D
65.69833,-123.61748,305.43,1.28,1.12,2025-08-13,0347,Terra,MODIS,15,6.1NRT,283.54,11.41,D
65.69317,-123.64225,325.39,1.28,1.12,2025-08-13,0347,Terra,MODIS,100,6.1NRT,288.16,35.31,D
65.68802,-123.66698,382.08,1.29,1.13,2025-08-13,0347,Terra,MODIS,100,6.1NRT,293.53,235.24,D
65.68285,-123.69176,318.36,1.29,1.13,2025-08-13,0347,Terra,MODIS,97,6.1NRT,284.46,25.4,D
65.70206,-123.65334,314.71,1.28,1.12,2025-08-13,0347,Terra,MODIS,90,6.1NRT,283.3,20.32,D
49.10212,-124.76519,318.86,1.37,1.16,2025-08-13,0521,Terra,MODIS,88,6.1NRT,296.55,23.11,N
49.0743,-124.75611,319,1.37,1.16,2025-08-13,0521,Terra,MODIS,98,6.1NRT,294.84,25.38,N
49.08466,-124.75675,316.7,1.37,1.16,2025-08-13,0521,Terra,MODIS,94,6.1NRT,294.56,21.03,N
49.08288,-124.77551,327.71,1.37,1.16,2025-08-13,0521,Terra,MODIS,100,6.1NRT,295.13,39.37,N
49.08156,-124.76243,339,1.37,1.16,2025-08-13,0521,Terra,MODIS,100,6.1NRT,296.69,63.94,N
49.07993,-124.78053,328.74,1.37,1.16,2025-08-13,0521,Terra,MODIS,100,6.1NRT,294.74,40.97,N
49.09486,-124.73057,306.79,1.38,1.16,2025-08-13,0521,Terra,MODIS,69,6.1NRT,293.5,10.37,N
49.09338,-124.7469,325.77,1.37,1.16,2025-08-13,0521,Terra,MODIS,100,6.1NRT,295.39,36.55,N
49.09188,-124.76337,320.34,1.37,1.16,2025-08-13,0521,Terra,MODIS,100,6.1NRT,296.06,25.37,N
49.09022,-124.78166,326.78,1.37,1.16,2025-08-13,0521,Terra,MODIS,100,6.1NRT,295.21,36.85,N
49.10532,-124.73006,333.43,1.38,1.16,2025-08-13,0521,Terra,MODIS,100,6.1NRT,296.08,51.17,N
49.10368,-124.74818,353.98,1.37,1.16,2025-08-13,0521,Terra,MODIS,100,6.1NRT,298.86,110.86,N
49.10047,-124.78333,354.79,1.37,1.16,2025-08-13,0521,Terra,MODIS,100,6.1NRT,298.12,112.82,N
49.09883,-124.80126,313.24,1.37,1.16,2025-08-13,0521,Terra,MODIS,87,6.1NRT,292.45,16.21,N
49.11562,-124.73151,363.22,1.38,1.16,2025-08-13,0521,Terra,MODIS,100,6.1NRT,298.22,148.91,N
49.11393,-124.74992,357.83,1.37,1.16,2025-08-13,0521,Terra,MODIS,100,6.1NRT,299.28,125.62,N
49.11231,-124.76768,320.89,1.37,1.16,2025-08-13,0521,Terra,MODIS,87,6.1NRT,296.68,25.8,N
49.1106,-124.78625,350.79,1.37,1.16,2025-08-13,0521,Terra,MODIS,100,6.1NRT,298.22,98.33,N
49.12726,-124.71823,312.38,1.38,1.16,2025-08-13,0521,Terra,MODIS,85,6.1NRT,293,16.23,N
49.12569,-124.73532,398.5,1.38,1.16,2025-08-13,0521,Terra,MODIS,100,6.1NRT,304.86,388.38,N
49.12389,-124.75484,342.41,1.37,1.16,2025-08-13,0521,Terra,MODIS,100,6.1NRT,297.64,72.7,N
49.12085,-124.78793,311.02,1.37,1.16,2025-08-13,0521,Terra,MODIS,39,6.1NRT,293.24,12.63,N
49.13727,-124.72267,307.3,1.38,1.16,2025-08-13,0521,Terra,MODIS,71,6.1NRT,290.94,11.02,N
49.13584,-124.73835,407.26,1.38,1.16,2025-08-13,0521,Terra,MODIS,100,6.1NRT,299.65,477.35,N
49.13409,-124.7572,379.62,1.37,1.16,2025-08-13,0521,Terra,MODIS,100,6.1NRT,302.98,239.69,N
49.1326,-124.7734,328.93,1.37,1.16,2025-08-13,0521,Terra,MODIS,100,6.1NRT,296.34,41.2,N
49.13112,-124.78941,305.84,1.37,1.16,2025-08-13,0521,Terra,MODIS,66,6.1NRT,292.65,8.7,N
49.14605,-124.74061,312.13,1.38,1.16,2025-08-13,0521,Terra,MODIS,84,6.1NRT,292.89,15.39,N
49.14453,-124.75713,373.03,1.37,1.16,2025-08-13,0521,Terra,MODIS,100,6.1NRT,298.89,198.83,N
49.14291,-124.77457,330.33,1.37,1.16,2025-08-13,0521,Terra,MODIS,100,6.1NRT,295.06,43.8,N
47.90766,-53.1166,308.72,3.32,1.72,2025-08-13,0610,Aqua,MODIS,62,6.1NRT,288.03,53.85,N
47.81803,-53.16722,305.45,3.34,1.72,2025-08-13,0610,Aqua,MODIS,16,6.1NRT,287.69,40.52,N
47.81926,-53.17119,307.41,3.34,1.72,2025-08-13,0610,Aqua,MODIS,54,6.1NRT,287.87,49.86,N
47.90413,-53.10881,315.3,3.32,1.72,2025-08-13,0610,Aqua,MODIS,85,6.1NRT,288.39,77.55,N
48.76418,-55.52846,307.38,2.09,1.41,2025-08-13,0746,Aqua,MODIS,71,6.1NRT,288.93,25.08,N
47.81761,-53.20022,305.22,2.94,1.63,2025-08-13,0746,Aqua,MODIS,63,6.1NRT,287.29,38.32,N
47.80447,-53.1685,301.76,2.96,1.64,2025-08-13,0746,Aqua,MODIS,44,6.1NRT,287.45,29.26,N
47.90175,-53.1069,307.14,2.96,1.64,2025-08-13,0746,Aqua,MODIS,16,6.1NRT,288.21,36.62,N
49.10765,-124.74874,311.92,2.55,1.54,2025-08-13,1104,Aqua,MODIS,14,6.1NRT,289.71,40.74,N
49.14158,-124.74796,349.02,2.55,1.54,2025-08-13,1104,Aqua,MODIS,100,6.1NRT,291.37,234.44,N
49.13911,-124.7071,327.93,2.54,1.53,2025-08-13,1104,Aqua,MODIS,100,6.1NRT,288.79,103.25,N
49.12794,-124.74835,319.35,2.55,1.54,2025-08-13,1104,Aqua,MODIS,42,6.1NRT,289.97,63.53,N
49.12596,-124.71478,325.26,2.54,1.53,2025-08-13,1104,Aqua,MODIS,97,6.1NRT,290.01,89.91,N
49.1127,-124.72088,306.45,2.54,1.53,2025-08-13,1104,Aqua,MODIS,14,6.1NRT,289.34,28.38,N
49.11473,-124.75565,311.17,2.55,1.54,2025-08-13,1104,Aqua,MODIS,82,6.1NRT,289.77,41.58,N
49.10113,-124.75674,312.21,2.55,1.54,2025-08-13,1104,Aqua,MODIS,25,6.1NRT,289.37,41.52,N
49.14797,-124.73709,315.98,2.55,1.54,2025-08-13,1104,Aqua,MODIS,92,6.1NRT,288.58,57.56,N
49.13441,-124.7386,364.48,2.55,1.54,2025-08-13,1104,Aqua,MODIS,100,6.1NRT,292.63,386.71,N
49.13242,-124.70213,328.44,2.54,1.53,2025-08-13,1104,Aqua,MODIS,100,6.1NRT,288.93,106.45,N
49.12104,-124.74376,315.99,2.55,1.54,2025-08-13,1104,Aqua,MODIS,86,6.1NRT,289.91,55.84,N
49.11919,-124.70939,308.87,2.54,1.53,2025-08-13,1104,Aqua,MODIS,54,6.1NRT,288.89,36.36,N
49.10951,-124.78415,317.23,2.56,1.54,2025-08-13,1104,Aqua,MODIS,38,6.1NRT,289.31,56.45,N
49.13768,-124.73566,348.52,3.49,1.76,2025-08-13,1242,Aqua,MODIS,100,6.1NRT,289.63,364.93,N
49.12563,-124.6932,309.95,3.51,1.76,2025-08-13,1242,Aqua,MODIS,36,6.1NRT,286.92,62.23,N
51.19893,-63.85773,311.31,1.2,1.09,2025-08-13,1355,Terra,MODIS,46,6.1NRT,296.59,8.46,D
47.15616,-65.41519,323.52,1.23,1.1,2025-08-13,1357,Terra,MODIS,43,6.1NRT,301.52,15.39,D
47.15448,-65.39939,328.62,1.23,1.1,2025-08-13,1357,Terra,MODIS,65,6.1NRT,302.12,23.75,D
47.8121,-53.18878,330.33,1.8,1.31,2025-08-13,1357,Terra,MODIS,74,6.1NRT,298.3,52.92,D
47.81714,-53.2121,327.62,1.79,1.31,2025-08-13,1357,Terra,MODIS,65,6.1NRT,297.01,45.26,D
47.85031,-53.19629,327.27,1.79,1.31,2025-08-13,1357,Terra,MODIS,56,6.1NRT,296.74,43.13,D
47.86135,-53.19093,335.38,1.79,1.31,2025-08-13,1357,Terra,MODIS,61,6.1NRT,297.22,65.94,D
47.86754,-53.16272,325.54,1.8,1.31,2025-08-13,1357,Terra,MODIS,56,6.1NRT,298.79,34.27,D
47.87234,-53.18534,326.84,1.79,1.31,2025-08-13,1357,Terra,MODIS,55,6.1NRT,296.59,42.83,D
47.85843,-53.18689,332.83,1.79,1.31,2025-08-13,1357,Terra,MODIS,59,6.1NRT,297.8,60.62,D
47.86446,-53.15856,320.07,1.8,1.31,2025-08-13,1357,Terra,MODIS,29,6.1NRT,298.67,23.54,D
47.86944,-53.18137,342.14,1.79,1.31,2025-08-13,1357,Terra,MODIS,80,6.1NRT,297.6,98.08,D
47.87546,-53.15296,330.83,1.8,1.31,2025-08-13,1357,Terra,MODIS,49,6.1NRT,298.26,49.22,D
47.88041,-53.17573,335.58,1.79,1.31,2025-08-13,1357,Terra,MODIS,48,6.1NRT,296.78,67.77,D
47.89263,-53.11939,336.53,1.8,1.32,2025-08-13,1357,Terra,MODIS,61,6.1NRT,298.99,71.25,D
48.70776,-55.56819,314.73,1.32,1.14,2025-08-13,1357,Terra,MODIS,39,6.1NRT,296.85,12.6,D
48.71096,-55.58515,324.66,1.32,1.14,2025-08-13,1357,Terra,MODIS,70,6.1NRT,298.22,27.29,D
48.72385,-55.59783,320.51,1.32,1.14,2025-08-13,1357,Terra,MODIS,32,6.1NRT,298.35,18.85,D
48.74566,-55.54596,312.46,1.32,1.14,2025-08-13,1357,Terra,MODIS,0,6.1NRT,298.21,10.01,D
48.75535,-55.54161,313.77,1.32,1.14,2025-08-13,1357,Terra,MODIS,39,6.1NRT,298.79,11.8,D
62.91127,-117.39857,306.12,2.44,1.51,2025-08-13,1709,Terra,MODIS,48,6.1NRT,291.26,22.75,D
62.91304,-117.44589,306.24,2.45,1.51,2025-08-13,1709,Terra,MODIS,0,6.1NRT,291.44,23.14,D
62.93474,-117.4361,311.59,2.45,1.51,2025-08-13,1709,Terra,MODIS,0,6.1NRT,292.61,35.95,D
49.71587,-98.67302,303.77,2.46,1.51,2025-08-13,1711,Terra,MODIS,49,6.1NRT,290.21,14.84,D
51.58564,-101.88002,307.23,1.52,1.22,2025-08-13,1711,Terra,MODIS,64,6.1NRT,292.61,9.98,D
51.5785,-101.87717,307.1,1.52,1.22,2025-08-13,1711,Terra,MODIS,64,6.1NRT,292.39,9.81,D
47.84649,-53.18962,340.85,1.65,1.26,2025-08-13,1717,Aqua,MODIS,0,6.1NRT,301.2,69.89,D
47.81621,-53.22066,329.37,1.66,1.27,2025-08-13,1717,Aqua,MODIS,0,6.1NRT,299.58,44.16,D
47.81013,-53.19118,335.69,1.66,1.27,2025-08-13,1717,Aqua,MODIS,66,6.1NRT,300.94,58.31,D
48.76807,-55.54804,331.55,2.04,1.39,2025-08-13,1717,Aqua,MODIS,85,6.1NRT,297.61,69.92,D
47.82062,-53.20039,331.35,1.66,1.27,2025-08-13,1717,Aqua,MODIS,62,6.1NRT,301.03,44.27,D
47.89577,-53.12384,349.59,1.64,1.26,2025-08-13,1717,Aqua,MODIS,72,6.1NRT,300.82,107.91,D
47.90007,-53.10365,328.55,1.63,1.26,2025-08-13,1717,Aqua,MODIS,55,6.1NRT,299.97,39.2,D
47.87217,-53.17955,355.98,1.65,1.26,2025-08-13,1717,Aqua,MODIS,0,6.1NRT,301.66,141.89,D
47.86153,-53.17435,338.58,1.65,1.26,2025-08-13,1717,Aqua,MODIS,77,6.1NRT,301.91,62.34,D
47.80988,-53.19553,339.03,1.66,1.27,2025-08-13,1717,Aqua,MODIS,84,6.1NRT,301.2,69.92,D
48.74446,-55.59279,340.96,2.05,1.39,2025-08-13,1717,Aqua,MODIS,79,6.1NRT,299.42,108.41,D
48.75048,-55.56721,352.44,2.04,1.39,2025-08-13,1717,Aqua,MODIS,91,6.1NRT,300.48,173.14,D
48.7565,-55.54167,363.79,2.04,1.39,2025-08-13,1717,Aqua,MODIS,94,6.1NRT,300.32,256.26,D
47.91602,-53.09558,324.39,1.63,1.26,2025-08-13,1717,Aqua,MODIS,0,6.1NRT,298.67,33.48,D
47.91501,-53.08824,336.39,1.63,1.26,2025-08-13,1717,Aqua,MODIS,0,6.1NRT,299.43,63.04,D
62.12258,-113.22723,313,2.17,1.43,2025-08-13,1847,Terra,MODIS,0,6.1NRT,291.29,34.34,D
65.66244,-116.84238,300.14,1.26,1.11,2025-08-13,1847,Terra,MODIS,0,6.1NRT,284.39,6.71,D
65.69968,-123.61376,321.69,1,1,2025-08-13,1847,Terra,MODIS,56,6.1NRT,298.24,12.76,D
65.69762,-123.66184,337.31,1,1,2025-08-13,1847,Terra,MODIS,85,6.1NRT,299.37,31.58,D
65.69242,-123.68964,413.9,1,1,2025-08-13,1847,Terra,MODIS,75,6.1NRT,304.65,342.74,D
65.68928,-123.66939,403.22,1,1,2025-08-13,1847,Terra,MODIS,87,6.1NRT,307.92,265.29,D
65.68613,-123.64913,350.68,1,1,2025-08-13,1847,Terra,MODIS,73,6.1NRT,303.74,54.18,D
65.68407,-123.69718,399.88,1,1,2025-08-13,1847,Terra,MODIS,87,6.1NRT,301.65,249.09,D
65.67149,-123.6162,315.94,1,1,2025-08-13,1847,Terra,MODIS,0,6.1NRT,294.34,9.92,D
65.67258,-123.68447,370.21,1,1,2025-08-13,1847,Terra,MODIS,75,6.1NRT,298.32,114.37,D
62.93966,-117.43103,324.74,1.48,1.2,2025-08-13,1847,Terra,MODIS,0,6.1NRT,281.96,35.16,D
62.93384,-117.40511,316.53,1.49,1.2,2025-08-13,1847,Terra,MODIS,0,6.1NRT,283.28,19.73,D
61.60954,-117.42106,303.96,1.65,1.26,2025-08-13,1849,Terra,MODIS,43,6.1NRT,292.18,8.36,D
61.61601,-117.44862,318.32,1.65,1.26,2025-08-13,1849,Terra,MODIS,78,6.1NRT,292.56,30.15,D
49.14631,-124.769,347.47,2.17,1.43,2025-08-13,1851,Terra,MODIS,72,6.1NRT,293.03,164.83,D
49.13448,-124.72783,421.24,2.19,1.43,2025-08-13,1851,Terra,MODIS,100,6.1NRT,305.5,1247.18,D
49.14006,-124.75193,431.05,2.18,1.43,2025-08-13,1851,Terra,MODIS,100,6.1NRT,310.72,1519.44,D
49.14557,-124.77573,336.33,2.17,1.43,2025-08-13,1851,Terra,MODIS,46,6.1NRT,292.05,96.76,D
49.12208,-124.72359,384.25,2.19,1.43,2025-08-13,1851,Terra,MODIS,100,6.1NRT,296.97,515.76,D
49.12921,-124.75365,365.79,2.18,1.43,2025-08-13,1851,Terra,MODIS,100,6.1NRT,297.1,296.95,D
49.13526,-124.7223,402.4,2.19,1.43,2025-08-13,1851,Terra,MODIS,94,6.1NRT,298.49,825.18,D
49.14071,-124.74532,460.4,2.18,1.43,2025-08-13,1851,Terra,MODIS,100,6.1NRT,314.19,2652.74,D
49.12164,-124.73039,382.58,2.19,1.43,2025-08-13,1851,Terra,MODIS,100,6.1NRT,297.58,491.35,D
51.19571,-63.87026,313.07,1.8,1.31,2025-08-13,1856,Aqua,MODIS,54,6.1NRT,297.96,16.42,D
48.7494,-55.56441,333.28,4.64,1.97,2025-08-13,1856,Aqua,MODIS,65,6.1NRT,296.91,250.76,D
51.71459,-86.17561,334.3,2.39,1.49,2025-08-13,2034,Aqua,MODIS,89,6.1NRT,290.4,124.34,D
49.83363,-98.35033,311.87,1.06,1.03,2025-08-13,2034,Aqua,MODIS,65,6.1NRT,292.85,9.33,D
49.83598,-98.33631,315.05,1.06,1.03,2025-08-13,2034,Aqua,MODIS,73,6.1NRT,294.32,12.04,D
50.17137,-97.31044,303.59,1.01,1.01,2025-08-13,2034,Aqua,MODIS,36,6.1NRT,290.66,2.33,D
51.7165,-86.14157,301.92,2.4,1.49,2025-08-13,2034,Aqua,MODIS,47,6.1NRT,289.42,16.41,D
65.67333,-123.72574,357.74,2.24,1.45,2025-08-13,2038,Aqua,MODIS,93,6.1NRT,297.76,248.89,D
65.7291,-123.64703,313.92,2.22,1.44,2025-08-13,2038,Aqua,MODIS,51,6.1NRT,290.2,32.95,D
65.72852,-123.65478,319.3,2.22,1.44,2025-08-13,2038,Aqua,MODIS,0,6.1NRT,289.93,50.38,D
62.18046,-115.75009,332.09,1.89,1.34,2025-08-13,2038,Aqua,MODIS,76,6.1NRT,292.66,67.38,D
62.18863,-115.7188,371.35,1.88,1.34,2025-08-13,2038,Aqua,MODIS,75,6.1NRT,295.32,292.96,D
62.14932,-115.71255,316.92,1.89,1.34,2025-08-13,2038,Aqua,MODIS,37,6.1NRT,292.28,28.66,D
62.2669,-113.16969,311.28,1.55,1.23,2025-08-13,2038,Aqua,MODIS,0,6.1NRT,292.06,17.31,D
62.23202,-112.82922,304.87,1.52,1.22,2025-08-13,2038,Aqua,MODIS,0,6.1NRT,292.41,6.45,D
62.10787,-113.2548,319.78,1.58,1.24,2025-08-13,2038,Aqua,MODIS,49,6.1NRT,291.82,29.93,D
62.1142,-113.22808,324.36,1.58,1.24,2025-08-13,2038,Aqua,MODIS,0,6.1NRT,293.86,37.78,D
62.17027,-112.99028,311.76,1.54,1.22,2025-08-13,2038,Aqua,MODIS,0,6.1NRT,292.92,16.58,D
62.1764,-112.96412,322.48,1.54,1.22,2025-08-13,2038,Aqua,MODIS,0,6.1NRT,295.39,34.77,D
62.11005,-113.0902,311.16,1.56,1.23,2025-08-13,2038,Aqua,MODIS,0,6.1NRT,293.3,17.15,D
62.13143,-112.94839,304.77,1.54,1.22,2025-08-13,2038,Aqua,MODIS,0,6.1NRT,293.1,8.2,D
62.12793,-112.91171,332.81,1.54,1.22,2025-08-13,2038,Aqua,MODIS,0,6.1NRT,294.59,59.15,D
62.12574,-112.90513,332.28,1.54,1.22,2025-08-13,2038,Aqua,MODIS,64,6.1NRT,294.31,57.2,D
65.68667,-123.62941,325.01,2.23,1.45,2025-08-13,2038,Aqua,MODIS,79,6.1NRT,298.48,58.77,D
65.67642,-123.61064,310.52,2.23,1.45,2025-08-13,2038,Aqua,MODIS,0,6.1NRT,295.39,18.06,D
65.67492,-123.66801,385.85,2.23,1.45,2025-08-13,2038,Aqua,MODIS,94,6.1NRT,305.78,563.47,D
65.66306,-123.70689,359.92,2.24,1.45,2025-08-13,2038,Aqua,MODIS,87,6.1NRT,300.55,267.96,D
65.69691,-123.64817,340.69,2.23,1.45,2025-08-13,2038,Aqua,MODIS,92,6.1NRT,298.61,125.98,D
65.68517,-123.68682,390.8,2.23,1.45,2025-08-13,2038,Aqua,MODIS,100,6.1NRT,306.68,636.25,D
65.70718,-123.6669,361.18,2.23,1.45,2025-08-13,2038,Aqua,MODIS,89,6.1NRT,295.19,275.48,D
49.1099,-124.78131,333.04,1.22,1.1,2025-08-13,2212,Aqua,MODIS,35,6.1NRT,299.89,32.25,D
49.11599,-124.74892,341.57,1.22,1.1,2025-08-13,2212,Aqua,MODIS,90,6.1NRT,302.86,48.24,D
49.119,-124.73293,420.16,1.22,1.1,2025-08-13,2212,Aqua,MODIS,100,6.1NRT,312.39,517.45,D
49.09746,-124.79353,361.86,1.22,1.1,2025-08-13,2212,Aqua,MODIS,94,6.1NRT,299.78,109.69,D
49.1066,-124.74505,336.48,1.22,1.1,2025-08-13,2212,Aqua,MODIS,81,6.1NRT,297.95,39.01,D
49.10955,-124.72942,340.92,1.22,1.1,2025-08-13,2212,Aqua,MODIS,86,6.1NRT,294.57,50.63,D
49.09763,-124.739,328.76,1.22,1.1,2025-08-13,2212,Aqua,MODIS,42,6.1NRT,296.56,27.38,D
49.10051,-124.72377,332.76,1.22,1.1,2025-08-13,2212,Aqua,MODIS,80,6.1NRT,290.9,36.28,D
49.576,-125.31992,303.57,1.25,1.11,2025-08-13,2212,Aqua,MODIS,33,6.1NRT,284.34,7.5,D
49.47889,-123.74161,304.3,1.11,1.05,2025-08-13,2212,Aqua,MODIS,0,6.1NRT,293.16,5.44,D
49.14093,-124.77785,406.56,1.22,1.1,2025-08-13,2212,Aqua,MODIS,71,6.1NRT,306.2,385.84,D
49.14402,-124.76122,505.51,1.22,1.1,2025-08-13,2212,Aqua,MODIS,82,6.1NRT,400.07,2312.3,D
49.13499,-124.7554,434.31,1.22,1.1,2025-08-13,2212,Aqua,MODIS,100,6.1NRT,324.88,694.04,D
49.1379,-124.73985,470.34,1.22,1.1,2025-08-13,2212,Aqua,MODIS,94,6.1NRT,331.86,1341.07,D
49.12567,-124.75121,340.92,1.22,1.1,2025-08-13,2212,Aqua,MODIS,78,6.1NRT,302.63,48.47,D
49.1285,-124.73614,421.67,1.22,1.1,2025-08-13,2212,Aqua,MODIS,100,6.1NRT,312.73,533.53,D
62.12188,-112.89787,304,2.47,1.51,2025-08-13,2214,Aqua,MODIS,0,6.1NRT,291.85,17.17,D
62.10837,-113.21808,311.3,2.4,1.49,2025-08-13,2214,Aqua,MODIS,0,6.1NRT,290.78,33.25,D
62.1064,-113.26327,310.33,2.39,1.49,2025-08-13,2214,Aqua,MODIS,58,6.1NRT,289.67,30.8,D
62.17343,-112.95438,306.66,2.46,1.51,2025-08-13,2214,Aqua,MODIS,0,6.1NRT,293.22,20,D
62.17141,-113.00056,303.29,2.45,1.51,2025-08-13,2214,Aqua,MODIS,0,6.1NRT,291.38,11.05,D
62.07689,-115.96648,317.02,1.89,1.34,2025-08-13,2214,Aqua,MODIS,0,6.1NRT,296.05,22.91,D
52.41153,-125.63914,332.28,1.14,1.06,2025-08-13,2214,Aqua,MODIS,88,6.1NRT,294.93,35.07,D
52.40257,-125.63425,312.3,1.14,1.06,2025-08-13,2214,Aqua,MODIS,40,6.1NRT,295.13,10.75,D
61.61048,-117.43074,310.73,1.64,1.26,2025-08-13,2214,Aqua,MODIS,53,6.1NRT,289.87,15.16,D
61.60817,-117.46091,316.35,1.64,1.26,2025-08-13,2214,Aqua,MODIS,72,6.1NRT,292.71,24.3,D
62.35421,-116.3595,327.15,1.84,1.33,2025-08-13,2216,Aqua,MODIS,69,6.1NRT,292.91,53.67,D
65.43784,-115.89788,316.61,2.09,1.41,2025-08-13,2216,Aqua,MODIS,62,6.1NRT,288.59,43.19,D
65.71208,-123.70019,381.55,1.24,1.1,2025-08-13,2216,Aqua,MODIS,87,6.1NRT,299.9,211.19,D
65.71474,-123.67435,343.6,1.24,1.11,2025-08-13,2216,Aqua,MODIS,83,6.1NRT,293.99,59.82,D
65.70521,-123.66859,333.04,1.24,1.11,2025-08-13,2216,Aqua,MODIS,43,6.1NRT,295,33.67,D
65.68774,-123.74011,389.42,1.23,1.1,2025-08-13,2216,Aqua,MODIS,87,6.1NRT,304.45,258.52,D
65.69038,-123.71439,378.46,1.23,1.1,2025-08-13,2216,Aqua,MODIS,87,6.1NRT,304.66,192.35,D
65.69303,-123.68861,362.26,1.24,1.1,2025-08-13,2216,Aqua,MODIS,87,6.1NRT,306.86,117.13,D
65.69567,-123.66277,336.78,1.24,1.11,2025-08-13,2216,Aqua,MODIS,76,6.1NRT,298.38,40.6,D
65.67823,-123.73431,371.33,1.23,1.1,2025-08-13,2216,Aqua,MODIS,94,6.1NRT,305.25,156.28,D
65.68086,-123.70861,397.89,1.23,1.1,2025-08-13,2216,Aqua,MODIS,94,6.1NRT,312.05,318.85,D
65.68349,-123.68286,341.91,1.24,1.1,2025-08-13,2216,Aqua,MODIS,75,6.1NRT,304.9,53.7,D
65.68614,-123.65701,334.26,1.24,1.11,2025-08-13,2216,Aqua,MODIS,51,6.1NRT,303.61,36.11,D
65.69141,-123.60526,317.88,1.24,1.11,2025-08-13,2216,Aqua,MODIS,29,6.1NRT,298.2,11.27,D
62.18278,-115.70914,320.9,1.93,1.36,2025-08-13,2216,Aqua,MODIS,61,6.1NRT,294.35,36.25,D
62.35839,-116.35249,334.89,1.84,1.33,2025-08-13,2216,Aqua,MODIS,73,6.1NRT,292.38,79.17,D
64.27509,-120.35586,313.63,1.44,1.19,2025-08-13,2216,Aqua,MODIS,54,6.1NRT,295.38,13.44,D
65.6707,-123.69747,363.99,1.23,1.1,2025-08-13,2216,Aqua,MODIS,75,6.1NRT,305.84,124.94,D
65.67877,-123.62013,325.21,1.24,1.11,2025-08-13,2216,Aqua,MODIS,0,6.1NRT,298.07,22.95,D
65.68878,-123.63113,330.55,1.24,1.11,2025-08-13,2216,Aqua,MODIS,82,6.1NRT,299.91,29.73,D
65.67134,-123.70282,356.28,1.23,1.1,2025-08-13,2216,Aqua,MODIS,85,6.1NRT,305.9,96.45,D
65.67924,-123.62537,327.05,1.24,1.11,2025-08-13,2216,Aqua,MODIS,65,6.1NRT,298.55,25.02,D
65.72428,-123.68009,318.35,1.24,1.11,2025-08-13,2216,Aqua,MODIS,48,6.1NRT,291.24,18.35,D
48.76625,-55.54905,307.85,3.66,1.79,2025-08-13,2326,Terra,MODIS,37,6.1NRT,291.82,45.51,N
47.90867,-53.11469,309.2,2.96,1.64,2025-08-13,2326,Terra,MODIS,51,6.1NRT,292,40.38,N
47.87503,-53.17054,308.55,2.99,1.64,2025-08-13,2326,Terra,MODIS,61,6.1NRT,291.55,38.91,N
44.66737,-65.20059,364.75,1.01,1,2025-08-14,0105,Terra,MODIS,100,6.1NRT,297.61,99.91,N
47.19828,-66.86237,303.44,1.03,1.01,2025-08-14,0105,Terra,MODIS,55,6.1NRT,289.78,5.34,N
48.76793,-55.5406,312.33,2.49,1.52,2025-08-14,0105,Terra,MODIS,23,6.1NRT,291.48,36.42,N
48.76285,-55.54691,309.99,2.49,1.52,2025-08-14,0105,Terra,MODIS,35,6.1NRT,291.66,32.85,N
47.86884,-53.19743,300.87,3.28,1.71,2025-08-14,0105,Terra,MODIS,26,6.1NRT,289.05,30.05,N
48.71236,-55.56846,301.25,2.48,1.52,2025-08-14,0105,Terra,MODIS,36,6.1NRT,290.99,16.55,N
44.66891,-65.25227,302.77,1.01,1,2025-08-14,0105,Terra,MODIS,51,6.1NRT,290.5,4.71,N
44.6743,-65.21544,437.69,1.01,1,2025-08-14,0105,Terra,MODIS,100,6.1NRT,307.63,569.69,N
44.6761,-65.20314,401.91,1.01,1,2025-08-14,0105,Terra,MODIS,100,6.1NRT,298.29,266.42,N
44.66558,-65.21289,399.1,1.01,1,2025-08-14,0105,Terra,MODIS,100,6.1NRT,311.51,249.44,N
49.83897,-98.34963,301.52,1.62,1.25,2025-08-14,0245,Terra,MODIS,42,6.1NRT,285.96,12.23,N
49.83818,-98.34364,305.51,1.62,1.25,2025-08-14,0245,Terra,MODIS,65,6.1NRT,286.07,16.05,N
58.8689,-100.27698,305.4,1.16,1.07,2025-08-14,0247,Terra,MODIS,64,6.1NRT,277,13.19,N
65.67249,-123.70374,311.25,3.16,1.68,2025-08-14,0249,Terra,MODIS,36,6.1NRT,287.75,56.66,D
65.44144,-115.91164,300.9,2.01,1.38,2025-08-14,0249,Terra,MODIS,0,6.1NRT,285.05,17.03,D
65.70206,-123.67249,307.28,3.14,1.68,2025-08-14,0249,Terra,MODIS,0,6.1NRT,287.31,45.97,D
65.68372,-123.72766,327.93,3.16,1.68,2025-08-14,0249,Terra,MODIS,64,6.1NRT,289.18,138.5,D
49.15884,-124.76967,391.2,2.06,1.4,2025-08-14,0421,Terra,MODIS,100,6.1NRT,278.79,589.81,N
49.14394,-124.72015,339.94,2.05,1.39,2025-08-14,0421,Terra,MODIS,99,6.1NRT,281.3,125.13,N
49.13703,-124.75038,338.74,2.06,1.4,2025-08-14,0421,Terra,MODIS,84,6.1NRT,285.35,117.02,N
49.15473,-124.73016,369.94,2.05,1.39,2025-08-14,0421,Terra,MODIS,100,6.1NRT,284.79,331.98,N
49.14781,-124.76054,414.24,2.06,1.4,2025-08-14,0421,Terra,MODIS,100,6.1NRT,292.48,1000.45,N
49.16542,-124.74068,387.55,2.05,1.39,2025-08-14,0421,Terra,MODIS,100,6.1NRT,281.58,538.06,N
49.17069,-124.77518,300.84,2.06,1.4,2025-08-14,0421,Terra,MODIS,32,6.1NRT,273.56,16.14,N
62.1913,-115.70907,305.59,1.28,1.12,2025-08-14,0425,Terra,MODIS,65,6.1NRT,282.82,14.5,N
61.60897,-117.43333,310.9,1.13,1.06,2025-08-14,0425,Terra,MODIS,81,6.1NRT,280.05,16.46,N
61.61817,-117.43777,393.17,1.13,1.06,2025-08-14,0425,Terra,MODIS,100,6.1NRT,291.75,262.35,N
61.61594,-117.4584,331.42,1.13,1.06,2025-08-14,0425,Terra,MODIS,100,6.1NRT,282.84,40.79,N
61.62737,-117.44221,340.65,1.13,1.06,2025-08-14,0425,Terra,MODIS,100,6.1NRT,282.25,57.68,N
61.62513,-117.46285,322.02,1.13,1.06,2025-08-14,0425,Terra,MODIS,100,6.1NRT,280.09,27.66,N
62.11578,-113.24002,305.44,1.53,1.22,2025-08-14,0425,Terra,MODIS,64,6.1NRT,283.12,18.05,N
62.34687,-112.72713,303.96,1.6,1.25,2025-08-14,0425,Terra,MODIS,58,6.1NRT,284.09,16.95,N
62.16193,-115.69636,307.12,1.28,1.12,2025-08-14,0425,Terra,MODIS,65,6.1NRT,281.54,15.07,N
62.15973,-115.72014,327.69,1.28,1.12,2025-08-14,0425,Terra,MODIS,100,6.1NRT,282.88,41.87,N
62.93531,-117.42066,310.66,1.18,1.08,2025-08-14,0425,Terra,MODIS,81,6.1NRT,283.83,16.18,N
65.71108,-123.72894,304.78,1.01,1.01,2025-08-14,0427,Terra,MODIS,62,6.1NRT,284.41,8.87,D
65.66838,-123.68956,305.76,1.01,1.01,2025-08-14,0427,Terra,MODIS,65,6.1NRT,283.64,8.95,D
65.67689,-123.69631,320.6,1.01,1.01,2025-08-14,0427,Terra,MODIS,68,6.1NRT,287.29,19.67,D
65.6741,-123.71706,310.32,1.01,1.01,2025-08-14,0427,Terra,MODIS,80,6.1NRT,284.64,11.89,D
65.69111,-123.66703,303.61,1.01,1.01,2025-08-14,0427,Terra,MODIS,4,6.1NRT,285.08,7.15,D
65.68834,-123.68784,317.74,1.01,1.01,2025-08-14,0427,Terra,MODIS,69,6.1NRT,288.12,16.96,D
65.68556,-123.70863,333.17,1.01,1.01,2025-08-14,0427,Terra,MODIS,100,6.1NRT,291.01,35.51,D
65.68279,-123.72942,334.72,1.01,1.01,2025-08-14,0427,Terra,MODIS,100,6.1NRT,288.88,38.84,D
65.69129,-123.73618,323.12,1.01,1.01,2025-08-14,0427,Terra,MODIS,100,6.1NRT,288.47,23.13,D
65.6998,-123.74296,312.68,1.01,1.01,2025-08-14,0427,Terra,MODIS,74,6.1NRT,286.33,13.04,D
65.71664,-123.6873,316.7,1.01,1.01,2025-08-14,0427,Terra,MODIS,46,6.1NRT,286.78,15.34,D
65.71387,-123.70812,311.58,1.01,1.01,2025-08-14,0427,Terra,MODIS,13,6.1NRT,286.06,11.62,D
65.72793,-123.67322,303.29,1.01,1.01,2025-08-14,0427,Terra,MODIS,39,6.1NRT,283.81,7.79,D
66.86248,-133.6391,302.05,1.19,1.09,2025-08-14,0427,Terra,MODIS,46,6.1NRT,288.26,7.17,D
47.90899,-53.09178,304.57,1.1,1.05,2025-08-14,0646,Aqua,MODIS,23,6.1NRT,291.21,6.71,N
47.91078,-53.1059,308.77,1.1,1.05,2025-08-14,0646,Aqua,MODIS,75,6.1NRT,291.11,10.01,N
44.68571,-65.20614,309.9,4.28,1.91,2025-08-14,0648,Aqua,MODIS,68,6.1NRT,288.15,90.11,N
44.66883,-65.2072,316.24,4.28,1.91,2025-08-14,0648,Aqua,MODIS,90,6.1NRT,288.43,127.22,N
47.80869,-53.18365,307.99,1.11,1.05,2025-08-14,0648,Aqua,MODIS,58,6.1NRT,291.37,9.83,N
44.68286,-65.21532,315.23,4.28,1.91,2025-08-14,0648,Aqua,MODIS,88,6.1NRT,288.35,123.01,N
62.93681,-117.41929,308.89,1.01,1.01,2025-08-14,1138,Aqua,MODIS,59,6.1NRT,282.62,12.81,N
62.93948,-117.43819,306.03,1.01,1.01,2025-08-14,1138,Aqua,MODIS,28,6.1NRT,281.38,10.72,N
49.17031,-124.74444,322.37,1.01,1.01,2025-08-14,1145,Aqua,MODIS,92,6.1NRT,283.71,22.74,N
49.16159,-124.75432,330.55,1.01,1.01,2025-08-14,1145,Aqua,MODIS,68,6.1NRT,285.5,31.45,N
49.15963,-124.74062,329.05,1.01,1.01,2025-08-14,1145,Aqua,MODIS,22,6.1NRT,284.61,27.6,N
49.1548,-124.77071,331.55,1.01,1.01,2025-08-14,1145,Aqua,MODIS,56,6.1NRT,284.63,32.62,N
49.15285,-124.7571,324.93,1.01,1.01,2025-08-14,1145,Aqua,MODIS,56,6.1NRT,286.65,24.91,N
49.14695,-124.71589,306.07,1.01,1.01,2025-08-14,1145,Aqua,MODIS,22,6.1NRT,283.24,9.69,N
65.68674,-123.69888,306.19,1.83,1.33,2025-08-14,1316,Aqua,MODIS,15,6.1NRT,284.48,21.82,D
47.28849,-66.10206,346.84,1.33,1.14,2025-08-14,1437,Terra,MODIS,68,6.1NRT,287.91,81.37,D
47.29167,-66.11867,367.01,1.33,1.14,2025-08-14,1437,Terra,MODIS,87,6.1NRT,291.28,158.36,D
42.80137,-80.09431,312.39,1.89,1.34,2025-08-14,1437,Terra,MODIS,0,6.1NRT,299.76,16.44,D
48.30929,-91.02176,300.57,1.24,1.11,2025-08-14,1613,Terra,MODIS,0,6.1NRT,285.84,3.73,D
50.53511,-89.20693,300.25,1.32,1.14,2025-08-14,1613,Terra,MODIS,22,6.1NRT,283.27,4.19,D
49.86036,-91.37518,300.17,1.14,1.06,2025-08-14,1613,Terra,MODIS,21,6.1NRT,287.48,2.59,D
49.69844,-91.47058,301.07,1.13,1.06,2025-08-14,1613,Terra,MODIS,0,6.1NRT,286.63,3.36,D
49.59401,-92.46169,300.68,1.07,1.03,2025-08-14,1613,Terra,MODIS,17,6.1NRT,286.57,2.09,D
49.8447,-98.33924,306.81,1.15,1.07,2025-08-14,1613,Terra,MODIS,33,6.1NRT,294.67,4.72,D
48.47226,-90.76962,300.1,1.26,1.12,2025-08-14,1613,Terra,MODIS,0,6.1NRT,286.35,3.53,D
48.43887,-90.92157,300.73,1.24,1.11,2025-08-14,1613,Terra,MODIS,33,6.1NRT,286.82,3.82,D
49.40595,-90.53209,300.79,1.24,1.1,2025-08-14,1613,Terra,MODIS,0,6.1NRT,286.34,3.84,D
49.49049,-90.36707,300.18,1.25,1.11,2025-08-14,1613,Terra,MODIS,19,6.1NRT,284.75,2.59,D
65.71152,-123.6921,338.59,1.95,1.36,2025-08-14,1749,Terra,MODIS,0,6.1NRT,298.43,93.77,D
61.60916,-117.41869,309.78,1.11,1.05,2025-08-14,1749,Terra,MODIS,28,6.1NRT,293,7.44,D
61.61144,-117.4389,311.23,1.11,1.05,2025-08-14,1749,Terra,MODIS,32,6.1NRT,295.12,8.2,D
62.1346,-116.49129,312.47,1.08,1.04,2025-08-14,1749,Terra,MODIS,0,6.1NRT,297.78,6.5,D
62.2869,-117.32049,306.54,1.13,1.06,2025-08-14,1749,Terra,MODIS,44,6.1NRT,294.46,4.51,D
62.16304,-115.71667,317.33,1.05,1.02,2025-08-14,1749,Terra,MODIS,55,6.1NRT,290.26,11.55,D
62.33727,-117.19965,311.51,1.12,1.06,2025-08-14,1749,Terra,MODIS,0,6.1NRT,297.05,7.03,D
62.18945,-115.70187,306.2,1.05,1.02,2025-08-14,1749,Terra,MODIS,28,6.1NRT,288.66,3.66,D
62.13268,-112.89644,310.79,1,1,2025-08-14,1749,Terra,MODIS,0,6.1NRT,285.96,7.77,D
62.91241,-117.36503,316.52,1.15,1.07,2025-08-14,1749,Terra,MODIS,66,6.1NRT,294.09,15.09,D
62.94035,-117.44315,309.66,1.16,1.07,2025-08-14,1749,Terra,MODIS,33,6.1NRT,288.07,9.01,D
65.71373,-123.73414,339.58,1.95,1.36,2025-08-14,1749,Terra,MODIS,0,6.1NRT,294.84,98.54,D
57.76058,-116.67023,306.35,1.01,1,2025-08-14,1749,Terra,MODIS,47,6.1NRT,293.74,7.08,D
56.08887,-116.8352,305.18,1,1,2025-08-14,1752,Terra,MODIS,0,6.1NRT,279.27,7.71,D
47.29226,-66.09935,319.33,2.51,1.52,2025-08-14,1754,Aqua,MODIS,0,6.1NRT,289.95,55.63,D
47.86782,-53.18828,356.25,1.08,1.04,2025-08-14,1754,Aqua,MODIS,74,6.1NRT,303.83,76.87,D
47.82,-53.21303,342.17,1.08,1.04,2025-08-14,1754,Aqua,MODIS,0,6.1NRT,296.27,44.05,D
47.8804,-53.16239,420.18,1.09,1.04,2025-08-14,1754,Aqua,MODIS,0,6.1NRT,301.68,437.57,D
47.84714,-53.22059,333.42,1.08,1.04,2025-08-14,1754,Aqua,MODIS,0,6.1NRT,296.59,29.03,D
47.85973,-53.19508,349.46,1.08,1.04,2025-08-14,1754,Aqua,MODIS,0,6.1NRT,298.93,57.76,D
47.86956,-53.17422,347.94,1.09,1.04,2025-08-14,1754,Aqua,MODIS,71,6.1NRT,297.5,57.87,D
47.87865,-53.17656,404.37,1.09,1.04,2025-08-14,1754,Aqua,MODIS,94,6.1NRT,307.48,307.7,D
55.16447,-60.40561,400.18,1.02,1.01,2025-08-14,1756,Aqua,MODIS,100,6.1NRT,288.65,258.61,D
55.15099,-60.43158,314.27,1.02,1.01,2025-08-14,1756,Aqua,MODIS,0,6.1NRT,299.09,9.09,D
65.66872,-123.70689,342.71,1.49,1.21,2025-08-14,1928,Terra,MODIS,84,6.1NRT,294.05,78.82,D
66.86499,-133.64279,308.35,1,1,2025-08-14,1928,Terra,MODIS,62,6.1NRT,295.39,4.96,D
65.31731,-121.45734,312.18,1.78,1.31,2025-08-14,1928,Terra,MODIS,68,6.1NRT,295.54,22.54,D
61.60373,-117.41113,309.68,3.51,1.76,2025-08-14,1928,Terra,MODIS,68,6.1NRT,289.64,45.87,D
61.6214,-117.46407,306.09,3.49,1.76,2025-08-14,1928,Terra,MODIS,36,6.1NRT,290.02,27.07,D
66.86187,-133.62161,307.87,1,1,2025-08-14,1928,Terra,MODIS,54,6.1NRT,297.45,4.47,D
65.30928,-121.42599,308.83,1.78,1.31,2025-08-14,1928,Terra,MODIS,68,6.1NRT,293.66,17.56,D
65.68667,-123.60178,323.62,1.5,1.21,2025-08-14,1928,Terra,MODIS,41,6.1NRT,297.56,27.35,D
65.67807,-123.69415,334.39,1.49,1.21,2025-08-14,1928,Terra,MODIS,37,6.1NRT,301.27,49.23,D
61.47145,-137.10719,308.02,1,1,2025-08-14,1930,Terra,MODIS,0,6.1NRT,295.6,6.9,D
42.04962,-82.58292,316.17,1.29,1.13,2025-08-14,1932,Aqua,MODIS,19,6.1NRT,300.11,10.64,D
50.21493,-90.02199,303.19,1.87,1.34,2025-08-14,1934,Aqua,MODIS,0,6.1NRT,285.66,6.85,D
50.22606,-90.02827,302.05,1.87,1.34,2025-08-14,1934,Aqua,MODIS,18,6.1NRT,286.36,5.62,D
49.01123,-90.90852,301.62,2.25,1.45,2025-08-14,1934,Aqua,MODIS,0,6.1NRT,286.48,9.25,D
61.16264,-109.1369,309.21,3.9,1.84,2025-08-14,1938,Aqua,MODIS,0,6.1NRT,292.17,66.69,D
49.63345,-103.85072,311.87,1.04,1.02,2025-08-14,2112,Aqua,MODIS,54,6.1NRT,298.84,6.39,D
58.58982,-116.99018,306.81,1.32,1.14,2025-08-14,2114,Aqua,MODIS,62,6.1NRT,292.53,9.69,D
55.96555,-120.38335,300.99,2.15,1.43,2025-08-14,2114,Aqua,MODIS,39,6.1NRT,287.5,9.77,D
58.58551,-117.01105,320.19,1.32,1.14,2025-08-14,2114,Aqua,MODIS,80,6.1NRT,293.6,25.68,D
57.76608,-116.67618,303.97,1.36,1.15,2025-08-14,2114,Aqua,MODIS,18,6.1NRT,285.98,7.36,D
61.16375,-109.14297,321.11,1.05,1.03,2025-08-14,2116,Aqua,MODIS,39,6.1NRT,299.21,15.51,D
62.10844,-113.22309,321.54,1,1,2025-08-14,2116,Aqua,MODIS,64,6.1NRT,295.61,16.2,D
62.10565,-113.24112,321.7,1,1,2025-08-14,2116,Aqua,MODIS,51,6.1NRT,296.55,16.55,D
62.11688,-113.2291,333.14,1,1,2025-08-14,2116,Aqua,MODIS,33,6.1NRT,296.31,26.64,D
62.11408,-113.24712,332.81,1,1,2025-08-14,2116,Aqua,MODIS,48,6.1NRT,296.98,27.42,D
62.34975,-112.69858,321.91,1,1,2025-08-14,2116,Aqua,MODIS,0,6.1NRT,293.81,16.72,D
62.34703,-112.71678,316.34,1,1,2025-08-14,2116,Aqua,MODIS,0,6.1NRT,294.98,11.3,D
62.93473,-117.40556,321.26,1.08,1.04,2025-08-14,2116,Aqua,MODIS,0,6.1NRT,287.45,18.31,D
62.93966,-117.43279,320.54,1.09,1.04,2025-08-14,2116,Aqua,MODIS,0,6.1NRT,288.1,17.75,D
65.65788,-116.84179,340.92,1,1,2025-08-14,2116,Aqua,MODIS,75,6.1NRT,294.19,44.34,D
65.65462,-116.8619,310.13,1,1,2025-08-14,2116,Aqua,MODIS,51,6.1NRT,289.72,7.93,D
65.28256,-121.5495,333.89,1.16,1.07,2025-08-14,2116,Aqua,MODIS,77,6.1NRT,300.6,38.98,D
65.31331,-121.44814,390.07,1.15,1.07,2025-08-14,2116,Aqua,MODIS,100,6.1NRT,306.48,237.35,D
65.30888,-121.4704,338.99,1.15,1.07,2025-08-14,2116,Aqua,MODIS,64,6.1NRT,302.6,42.89,D
65.32117,-121.4348,323.84,1.15,1.07,2025-08-14,2116,Aqua,MODIS,50,6.1NRT,295.98,21.66,D
65.31671,-121.45695,403.12,1.15,1.07,2025-08-14,2116,Aqua,MODIS,100,6.1NRT,309.04,330.65,D
65.32523,-121.46701,318.48,1.15,1.07,2025-08-14,2116,Aqua,MODIS,43,6.1NRT,295.3,15.49,D
65.6796,-123.60265,316.56,1.25,1.11,2025-08-14,2116,Aqua,MODIS,42,6.1NRT,298.83,12.69,D
65.68877,-123.6189,329.47,1.25,1.11,2025-08-14,2116,Aqua,MODIS,46,6.1NRT,301.25,26.57,D
65.69591,-123.68913,343.35,1.25,1.11,2025-08-14,2116,Aqua,MODIS,57,6.1NRT,304.09,47.37,D
65.72367,-123.66365,320.56,1.25,1.11,2025-08-14,2116,Aqua,MODIS,40,6.1NRT,296.84,18.71,D
65.71337,-123.71158,347.22,1.25,1.11,2025-08-14,2116,Aqua,MODIS,64,6.1NRT,297.96,68.77,D
65.70821,-123.73557,359.31,1.25,1.11,2025-08-14,2116,Aqua,MODIS,94,6.1NRT,300.6,112.63,D
65.70303,-123.75962,324.29,1.26,1.11,2025-08-14,2116,Aqua,MODIS,71,6.1NRT,296.31,28.1,D
61.19661,-106.1623,303.91,1.23,1.1,2025-08-14,2116,Aqua,MODIS,0,6.1NRT,291.61,5.46,D
61.15257,-109.15681,355.69,1.05,1.03,2025-08-14,2116,Aqua,MODIS,85,6.1NRT,297.85,75.24,D
61.14303,-109.23151,371.51,1.05,1.02,2025-08-14,2116,Aqua,MODIS,0,6.1NRT,298.98,124.38,D
62.12988,-112.89314,323.13,1,1,2025-08-14,2116,Aqua,MODIS,0,6.1NRT,293.29,18.56,D
62.12712,-112.91119,334.57,1,1,2025-08-14,2116,Aqua,MODIS,0,6.1NRT,297.04,33.02,D
62.11609,-112.98336,312.5,1,1,2025-08-14,2116,Aqua,MODIS,0,6.1NRT,293.67,8.08,D
65.7129,-123.73788,322.86,2.44,1.51,2025-08-14,2254,Aqua,MODIS,0,6.1NRT,295.15,63.26,D
61.54811,-134.94092,314.07,1.03,1.01,2025-08-14,2254,Aqua,MODIS,65,6.1NRT,296.05,10.5,D
61.54561,-134.95937,306.25,1.03,1.01,2025-08-14,2254,Aqua,MODIS,47,6.1NRT,292.29,5,D
61.55427,-134.96443,326.16,1.03,1.01,2025-08-14,2254,Aqua,MODIS,0,6.1NRT,297.56,21.79,D
65.30375,-121.4082,313.99,2.9,1.62,2025-08-14,2254,Aqua,MODIS,70,6.1NRT,293.52,49.61,D
65.30228,-121.46773,350.08,2.88,1.62,2025-08-14,2254,Aqua,MODIS,83,6.1NRT,295.58,281.17,D
65.31666,-121.46955,317.4,2.88,1.62,2025-08-14,2254,Aqua,MODIS,58,6.1NRT,293.74,61.18,D
65.65543,-123.71221,318.33,2.44,1.51,2025-08-14,2254,Aqua,MODIS,67,6.1NRT,297.56,44.9,D
65.66513,-123.72383,333.75,2.44,1.51,2025-08-14,2254,Aqua,MODIS,49,6.1NRT,299.17,96.33,D
65.70509,-123.73273,335.38,2.44,1.51,2025-08-14,2254,Aqua,MODIS,0,6.1NRT,298.17,110.31,D
66.84695,-133.64391,309.15,1.27,1.12,2025-08-14,2257,Aqua,MODIS,41,6.1NRT,298.2,5.69,D
47.92083,-53.09473,338.78,1.06,1.03,2025-08-15,0005,Terra,MODIS,100,6.1NRT,294.18,43.54,N
47.90979,-53.10508,317.86,1.06,1.03,2025-08-15,0005,Terra,MODIS,96,6.1NRT,290.83,16.22,N
47.91195,-53.09155,309.67,1.06,1.03,2025-08-15,0005,Terra,MODIS,44,6.1NRT,290.65,9.06,N
47.89438,-53.14271,317.12,1.06,1.03,2025-08-15,0005,Terra,MODIS,94,6.1NRT,291.25,16.15,N
47.89656,-53.12912,300.49,1.06,1.03,2025-08-15,0005,Terra,MODIS,26,6.1NRT,290.17,3.93,N
47.87674,-53.1939,302.84,1.07,1.03,2025-08-15,0005,Terra,MODIS,25,6.1NRT,289.28,5.11,N
47.87893,-53.18031,320.06,1.06,1.03,2025-08-15,0005,Terra,MODIS,100,6.1NRT,291.21,19.07,N
47.88112,-53.16674,321.85,1.06,1.03,2025-08-15,0005,Terra,MODIS,100,6.1NRT,292.48,20.44,N
47.86786,-53.19064,318.38,1.07,1.03,2025-08-15,0005,Terra,MODIS,97,6.1NRT,290.74,17.44,N
47.87007,-53.17698,305.71,1.06,1.03,2025-08-15,0005,Terra,MODIS,31,6.1NRT,290.37,6.68,N
47.85898,-53.18736,321.68,1.07,1.03,2025-08-15,0005,Terra,MODIS,100,6.1NRT,291.2,19.75,N
47.84566,-53.21145,317.38,1.07,1.03,2025-08-15,0005,Terra,MODIS,95,6.1NRT,291.08,16.91,N
47.80948,-53.20664,317.32,1.07,1.03,2025-08-15,0005,Terra,MODIS,93,6.1NRT,289.6,16.14,N
47.81165,-53.19313,309.4,1.07,1.03,2025-08-15,0005,Terra,MODIS,60,6.1NRT,289.67,9.49,N
47.91866,-53.10827,315.29,1.06,1.03,2025-08-15,0005,Terra,MODIS,73,6.1NRT,290.43,13.2,N
47.93183,-53.0845,356.99,1.06,1.03,2025-08-15,0005,Terra,MODIS,100,6.1NRT,298.53,84.11,N
47.92968,-53.09803,337.11,1.06,1.03,2025-08-15,0005,Terra,MODIS,100,6.1NRT,293.74,41.61,N
47.92752,-53.11157,302.53,1.06,1.03,2025-08-15,0005,Terra,MODIS,18,6.1NRT,289.7,4.65,N
47.92298,-53.08123,324.14,1.06,1.03,2025-08-15,0005,Terra,MODIS,97,6.1NRT,293.25,22.02,N
48.25414,-79.01787,306.04,1.13,1.06,2025-08-15,0143,Terra,MODIS,67,6.1NRT,286.38,10.72,N
47.29609,-66.12034,317.08,2.21,1.44,2025-08-15,0143,Terra,MODIS,94,6.1NRT,287.27,54.06,N
51.7242,-86.17262,309.5,1.88,1.34,2025-08-15,0145,Terra,MODIS,78,6.1NRT,287.08,26.82,N
49.83772,-98.33897,303.65,1.09,1.04,2025-08-15,0321,Terra,MODIS,56,6.1NRT,284.6,8.25,N
61.16081,-109.15344,304.24,1.03,1.01,2025-08-15,0328,Terra,MODIS,59,6.1NRT,280.07,9.81,N
61.14922,-109.22546,308.04,1.03,1.01,2025-08-15,0328,Terra,MODIS,73,6.1NRT,281.25,12.52,N
61.14631,-109.24351,321.7,1.03,1.02,2025-08-15,0328,Terra,MODIS,100,6.1NRT,285.48,24.55,N
61.60881,-117.40381,310.68,1.6,1.25,2025-08-15,0328,Terra,MODIS,81,6.1NRT,282.25,25.13,D
61.60263,-117.4308,311.79,1.61,1.25,2025-08-15,0328,Terra,MODIS,83,6.1NRT,282.78,26.91,D
61.61877,-117.41397,311.42,1.6,1.25,2025-08-15,0328,Terra,MODIS,82,6.1NRT,283.61,26.71,D
62.16431,-115.72925,301.68,1.37,1.16,2025-08-15,0328,Terra,MODIS,6,6.1NRT,279.09,9.39,D
62.2023,-115.70921,308.05,1.36,1.16,2025-08-15,0328,Terra,MODIS,73,6.1NRT,280,16.57,D
62.90939,-117.385,306.59,1.45,1.19,2025-08-15,0328,Terra,MODIS,69,6.1NRT,281.56,17.66,D
65.42061,-115.91403,315.79,1.13,1.06,2025-08-15,0328,Terra,MODIS,92,6.1NRT,284.53,19.22,D
65.42919,-115.92348,328.39,1.13,1.06,2025-08-15,0328,Terra,MODIS,100,6.1NRT,285.83,34.74,D
65.66486,-116.83735,302.07,1.17,1.08,2025-08-15,0328,Terra,MODIS,46,6.1NRT,284.78,8.54,D
65.31899,-121.46954,301.29,1.54,1.22,2025-08-15,0328,Terra,MODIS,6,6.1NRT,286.12,9.93,D
65.66048,-116.86005,300.29,1.17,1.08,2025-08-15,0328,Terra,MODIS,24,6.1NRT,284.22,7.43,D
61.16369,-109.13547,304.21,1.03,1.01,2025-08-15,0328,Terra,MODIS,59,6.1NRT,281.04,9.67,N
66.85769,-133.66603,304.91,2.73,1.58,2025-08-15,0330,Terra,MODIS,59,6.1NRT,290.48,23.6,D
65.69028,-123.61026,308.09,1.7,1.28,2025-08-15,0330,Terra,MODIS,50,6.1NRT,286.91,20.01,D
65.66654,-123.70483,320.47,1.72,1.29,2025-08-15,0330,Terra,MODIS,68,6.1NRT,287.8,39.51,D
66.85094,-133.65509,305.54,2.73,1.58,2025-08-15,0330,Terra,MODIS,62,6.1NRT,290.48,26.42,D
66.85519,-133.64467,313.71,1.03,1.01,2025-08-15,0506,Terra,MODIS,70,6.1NRT,287.07,13.52,D
66.86378,-133.65179,304.55,1.03,1.01,2025-08-15,0506,Terra,MODIS,25,6.1NRT,286.99,7.26,D
66.87237,-133.65892,306.71,1.03,1.01,2025-08-15,0506,Terra,MODIS,61,6.1NRT,286.52,8.91,D
44.68552,-65.19092,334.76,1.24,1.1,2025-08-15,0726,Aqua,MODIS,100,6.1NRT,292.69,49.07,N
47.29675,-66.11606,315.56,1.47,1.2,2025-08-15,0726,Aqua,MODIS,91,6.1NRT,282.95,30.03,N
44.68728,-65.20608,302.46,1.24,1.11,2025-08-15,0726,Aqua,MODIS,34,6.1NRT,289,6.98,N
44.66618,-65.19516,312.25,1.24,1.1,2025-08-15,0726,Aqua,MODIS,64,6.1NRT,290.86,15.45,N
44.6776,-65.20821,305.87,1.24,1.11,2025-08-15,0726,Aqua,MODIS,58,6.1NRT,290.01,9.69,N
44.66793,-65.21041,320.34,1.24,1.11,2025-08-15,0726,Aqua,MODIS,100,6.1NRT,291.68,25,N
62.94246,-117.44006,310.51,1.34,1.15,2025-08-15,1217,Aqua,MODIS,80,6.1NRT,282.82,21.3,D
47.80703,-53.19937,322.07,1.11,1.05,2025-08-15,1338,Terra,MODIS,69,6.1NRT,293.68,17.08,D
47.29715,-66.11624,314.78,4.22,1.9,2025-08-15,1514,Terra,MODIS,71,6.1NRT,293,103.53,D
47.29299,-66.12547,313.58,4.22,1.9,2025-08-15,1514,Terra,MODIS,64,6.1NRT,292.35,96.39,D
48.90904,-81.18227,300.59,1.01,1,2025-08-15,1514,Terra,MODIS,14,6.1NRT,287.93,1.93,D
48.12137,-80.93655,300.45,1,1,2025-08-15,1514,Terra,MODIS,15,6.1NRT,289.2,2.07,D
47.31004,-81.10819,301.11,1,1,2025-08-15,1516,Terra,MODIS,28,6.1NRT,289.15,2.11,D
42.80637,-80.1002,315.43,1.1,1.05,2025-08-15,1516,Terra,MODIS,57,6.1NRT,302.19,9.12,D
61.60345,-117.41415,319.64,3.66,1.79,2025-08-15,1650,Terra,MODIS,79,6.1NRT,291.73,95.15,D
62.94231,-117.44846,312.24,3.71,1.8,2025-08-15,1650,Terra,MODIS,0,6.1NRT,290.53,70.06,D
61.61281,-117.40849,313.12,3.66,1.79,2025-08-15,1650,Terra,MODIS,56,6.1NRT,291.98,57.7,D
61.59687,-117.40862,312.55,3.66,1.79,2025-08-15,1650,Terra,MODIS,62,6.1NRT,291.05,56.46,D
50.00334,-99.36266,305.54,1.32,1.14,2025-08-15,1654,Terra,MODIS,62,6.1NRT,293,8.95,D
47.91748,-53.10852,315.08,3.02,1.65,2025-08-15,1656,Aqua,MODIS,0,6.1NRT,284.58,56.75,D
47.91919,-53.11648,311.15,3.02,1.65,2025-08-15,1656,Aqua,MODIS,0,6.1NRT,285.39,41.73,D
65.66073,-116.83749,335.26,1.04,1.02,2025-08-15,1826,Terra,MODIS,0,6.1NRT,296.23,36.45,D
65.43237,-115.92283,324.69,1.07,1.03,2025-08-15,1826,Terra,MODIS,62,6.1NRT,297.55,20.41,D
65.42861,-115.90182,318.47,1.07,1.03,2025-08-15,1826,Terra,MODIS,67,6.1NRT,293.87,14.77,D
65.42015,-115.91044,328.29,1.07,1.03,2025-08-15,1826,Terra,MODIS,72,6.1NRT,295.62,24.77,D
65.66425,-116.85816,341.9,1.04,1.02,2025-08-15,1826,Terra,MODIS,0,6.1NRT,295.14,45.94,D
62.28581,-117.15627,306.31,1.17,1.08,2025-08-15,1828,Terra,MODIS,0,6.1NRT,295.8,3.98,D
65.68359,-123.62122,340.97,1.07,1.03,2025-08-15,1828,Terra,MODIS,80,6.1NRT,300.62,39.97,D
65.66734,-123.71146,320.92,1.07,1.03,2025-08-15,1828,Terra,MODIS,76,6.1NRT,298.81,17.35,D
65.66466,-123.68928,338.63,1.07,1.03,2025-08-15,1828,Terra,MODIS,91,6.1NRT,299.76,42.32,D
65.66197,-123.66712,343.11,1.07,1.03,2025-08-15,1828,Terra,MODIS,81,6.1NRT,299.19,49.36,D
65.33182,-121.48008,375.67,1.01,1,2025-08-15,1828,Terra,MODIS,94,6.1NRT,300.65,131.47,D
65.329,-121.45966,337.08,1.01,1,2025-08-15,1828,Terra,MODIS,88,6.1NRT,296.95,33.91,D
65.32618,-121.43924,323.49,1.01,1,2025-08-15,1828,Terra,MODIS,44,6.1NRT,295.69,16.52,D
65.32333,-121.48669,346.48,1.01,1,2025-08-15,1828,Terra,MODIS,82,6.1NRT,298.26,48.93,D
64.12555,-118.43289,324.91,1.04,1.02,2025-08-15,1828,Terra,MODIS,0,6.1NRT,296.25,20.74,D
62.13417,-112.88379,357.03,1.55,1.23,2025-08-15,1828,Terra,MODIS,0,6.1NRT,295.58,145.01,D
62.12439,-112.89405,328.03,1.55,1.23,2025-08-15,1828,Terra,MODIS,0,6.1NRT,292.62,46.25,D
62.11261,-113.23441,327.29,1.51,1.21,2025-08-15,1828,Terra,MODIS,0,6.1NRT,295.68,42.13,D
62.10677,-113.2084,317.07,1.52,1.22,2025-08-15,1828,Terra,MODIS,0,6.1NRT,292.92,23.43,D
62.951,-117.46181,411.46,1.12,1.05,2025-08-15,1828,Terra,MODIS,0,6.1NRT,304.26,378.93,D
62.94358,-117.42141,374.21,1.12,1.05,2025-08-15,1828,Terra,MODIS,75,6.1NRT,299.16,144.69,D
62.9386,-117.44925,322.85,1.12,1.05,2025-08-15,1828,Terra,MODIS,30,6.1NRT,288.5,15.35,D
62.92743,-117.38857,353.98,1.12,1.06,2025-08-15,1828,Terra,MODIS,0,6.1NRT,298.39,74.13,D
62.92492,-117.48463,338.52,1.12,1.05,2025-08-15,1828,Terra,MODIS,44,6.1NRT,295.36,39.8,D
62.90625,-117.3835,313.56,1.12,1.06,2025-08-15,1828,Terra,MODIS,38,6.1NRT,293.63,10.03,D
62.91623,-117.4922,309.16,1.12,1.05,2025-08-15,1828,Terra,MODIS,0,6.1NRT,294.74,7.18,D
62.35628,-116.34301,322.22,1.22,1.1,2025-08-15,1828,Terra,MODIS,75,6.1NRT,296.93,19.06,D
62.18472,-115.7006,312.82,1.28,1.12,2025-08-15,1828,Terra,MODIS,42,6.1NRT,293.74,11.84,D
62.16184,-115.70056,312.03,1.28,1.12,2025-08-15,1828,Terra,MODIS,29,6.1NRT,292,10.79,D
62.53926,-117.82545,333.34,1.12,1.05,2025-08-15,1828,Terra,MODIS,82,6.1NRT,296.06,34.9,D
62.5356,-117.80547,315.09,1.12,1.05,2025-08-15,1828,Terra,MODIS,45,6.1NRT,296.3,10.68,D
62.35344,-117.24119,321.57,1.16,1.07,2025-08-15,1828,Terra,MODIS,0,6.1NRT,297.64,13.92,D
62.33356,-117.35361,340.48,1.15,1.07,2025-08-15,1828,Terra,MODIS,0,6.1NRT,300.08,46.91,D
62.3297,-117.33321,316.17,1.16,1.07,2025-08-15,1828,Terra,MODIS,0,6.1NRT,297.3,9.67,D
62.28188,-117.13567,314.25,1.17,1.08,2025-08-15,1828,Terra,MODIS,0,6.1NRT,298.4,11.34,D
62.11352,-116.50334,323.03,1.22,1.1,2025-08-15,1828,Terra,MODIS,0,6.1NRT,297.88,21.13,D
62.31303,-117.82182,312.11,1.13,1.06,2025-08-15,1828,Terra,MODIS,62,6.1NRT,299.39,5.03,D
62.11422,-116.77641,309.15,1.2,1.09,2025-08-15,1828,Terra,MODIS,0,6.1NRT,294.34,8.58,D
61.69549,-117.65553,315.06,1.17,1.08,2025-08-15,1828,Terra,MODIS,67,6.1NRT,299.54,9.08,D
61.63951,-117.4178,332.48,1.19,1.09,2025-08-15,1828,Terra,MODIS,83,6.1NRT,295.69,36.61,D
61.63057,-117.42534,354.19,1.19,1.09,2025-08-15,1828,Terra,MODIS,97,6.1NRT,297.52,85.74,D
61.62659,-117.40479,362.56,1.19,1.09,2025-08-15,1828,Terra,MODIS,100,6.1NRT,299.64,113.96,D
61.62405,-117.41354,342.44,1.19,1.09,2025-08-15,1828,Terra,MODIS,81,6.1NRT,297.58,54.02,D
61.62012,-117.39292,333.22,1.19,1.09,2025-08-15,1828,Terra,MODIS,46,6.1NRT,297.12,33.86,D
61.61116,-117.40047,340.01,1.19,1.09,2025-08-15,1828,Terra,MODIS,88,6.1NRT,298.48,48.61,D
61.60614,-117.42863,341.11,1.19,1.09,2025-08-15,1828,Terra,MODIS,92,6.1NRT,299.78,51.11,D
61.6022,-117.40802,335.98,1.19,1.09,2025-08-15,1828,Terra,MODIS,86,6.1NRT,297.6,40.37,D
57.77477,-116.72323,310.69,1.6,1.25,2025-08-15,1828,Terra,MODIS,68,6.1NRT,295.37,17.84,D
57.76384,-116.6743,309.09,1.61,1.25,2025-08-15,1828,Terra,MODIS,68,6.1NRT,297.12,16.44,D
57.7754,-116.77964,304.9,1.59,1.24,2025-08-15,1828,Terra,MODIS,19,6.1NRT,293.12,9.43,D
57.77354,-116.78773,303.34,1.59,1.24,2025-08-15,1830,Terra,MODIS,42,6.1NRT,292.38,10.34,D
47.20921,-65.33973,317.15,1,1,2025-08-15,1834,Aqua,MODIS,74,6.1NRT,299.23,11.24,D
44.67867,-65.20227,369.96,1.01,1.01,2025-08-15,1834,Aqua,MODIS,94,6.1NRT,308.28,112.86,D
44.68058,-65.18996,375.82,1.01,1.01,2025-08-15,1834,Aqua,MODIS,87,6.1NRT,304.8,133.83,D
44.66803,-65.21189,331.6,1.01,1.01,2025-08-15,1834,Aqua,MODIS,46,6.1NRT,306.67,24.77,D
44.66996,-65.19956,336.95,1.01,1.01,2025-08-15,1834,Aqua,MODIS,89,6.1NRT,303.27,33.97,D
44.67187,-65.18726,322.86,1.01,1.01,2025-08-15,1834,Aqua,MODIS,79,6.1NRT,300.38,15.99,D
44.65932,-65.20917,354.84,1.01,1.01,2025-08-15,1834,Aqua,MODIS,85,6.1NRT,308.16,68.83,D
44.64869,-65.21876,356.01,1.01,1.01,2025-08-15,1834,Aqua,MODIS,85,6.1NRT,303.08,73.77,D
44.65061,-65.20645,373.32,1.01,1.01,2025-08-15,1834,Aqua,MODIS,94,6.1NRT,304.2,125.22,D
46.52746,-77.73734,300.96,3.35,1.73,2025-08-15,1834,Aqua,MODIS,26,6.1NRT,288.65,13.44,D
46.74421,-71.70461,303.41,1.6,1.25,2025-08-15,1834,Aqua,MODIS,26,6.1NRT,292.58,4.41,D
52.98442,-75.82979,302.05,1.67,1.27,2025-08-15,1836,Aqua,MODIS,0,6.1NRT,289.48,5.38,D
64.1086,-118.47439,307.29,4.61,1.97,2025-08-15,2004,Terra,MODIS,0,6.1NRT,291.09,56.74,D
65.67449,-123.71091,336.69,2.76,1.59,2025-08-15,2004,Terra,MODIS,66,6.1NRT,297.87,145.93,D
65.68948,-123.75668,337.73,2.75,1.59,2025-08-15,2004,Terra,MODIS,81,6.1NRT,295.99,151.91,D
65.70053,-123.7355,330.78,2.75,1.59,2025-08-15,2004,Terra,MODIS,69,6.1NRT,295.84,107.8,D
65.69353,-123.74527,344.77,2.75,1.59,2025-08-15,2004,Terra,MODIS,88,6.1NRT,296.6,205.04,D
65.68531,-123.61143,320.12,2.78,1.59,2025-08-15,2004,Terra,MODIS,33,6.1NRT,297.13,56.19,D
64.08077,-118.40675,302.53,4.64,1.97,2025-08-15,2004,Terra,MODIS,21,6.1NRT,289.9,34.55,D
65.32329,-121.48373,328.48,3.3,1.72,2025-08-15,2004,Terra,MODIS,0,6.1NRT,294.74,126.97,D
64.10891,-118.46561,308.2,4.61,1.97,2025-08-15,2004,Terra,MODIS,0,6.1NRT,290.61,58.38,D
65.30256,-121.42995,310.3,3.32,1.72,2025-08-15,2004,Terra,MODIS,58,6.1NRT,293.99,45.33,D
65.32104,-121.48121,321.74,3.3,1.72,2025-08-15,2004,Terra,MODIS,61,6.1NRT,294.37,98.73,D
65.33257,-121.4575,395.13,3.3,1.72,2025-08-15,2004,Terra,MODIS,94,6.1NRT,298.08,1258.77,D
65.35113,-121.50921,343.7,3.28,1.71,2025-08-15,2004,Terra,MODIS,0,6.1NRT,292.22,253.42,D
53.18119,-105.73354,301.23,2.82,1.6,2025-08-15,2014,Aqua,MODIS,29,6.1NRT,287.64,13.76,D
62.12671,-112.86034,367.37,2.26,1.46,2025-08-15,2017,Aqua,MODIS,97,6.1NRT,295.77,0,D
62.09581,-113.2311,318.99,2.33,1.48,2025-08-15,2017,Aqua,MODIS,0,6.1NRT,290.92,48.51,D
62.10696,-113.24576,329.78,2.33,1.48,2025-08-15,2017,Aqua,MODIS,65,6.1NRT,294.17,86.43,D
61.60625,-117.45941,328.51,3.35,1.73,2025-08-15,2017,Aqua,MODIS,85,6.1NRT,293.54,130.35,D
61.5765,-117.49139,327.51,3.37,1.73,2025-08-15,2017,Aqua,MODIS,73,6.1NRT,296.44,125.57,D
61.60043,-117.37238,316.03,3.34,1.72,2025-08-15,2017,Aqua,MODIS,76,6.1NRT,290.62,65.83,D
61.62341,-117.40888,335.43,3.34,1.72,2025-08-15,2017,Aqua,MODIS,89,6.1NRT,294.56,183.66,D
61.58337,-117.42316,356.33,3.35,1.73,2025-08-15,2017,Aqua,MODIS,98,6.1NRT,296.94,430.64,D
61.61285,-117.3911,327.23,3.34,1.72,2025-08-15,2017,Aqua,MODIS,85,6.1NRT,292.65,123.42,D
61.59583,-117.44189,358.28,3.35,1.73,2025-08-15,2017,Aqua,MODIS,99,6.1NRT,296.36,449.46,D
61.57871,-117.49285,328.84,3.37,1.73,2025-08-15,2017,Aqua,MODIS,86,6.1NRT,296.1,136.53,D
61.62525,-117.40986,336.22,3.34,1.72,2025-08-15,2017,Aqua,MODIS,90,6.1NRT,294.44,186.42,D
61.60827,-117.46066,327.98,3.35,1.73,2025-08-15,2017,Aqua,MODIS,75,6.1NRT,293.36,121.75,D
61.59855,-117.37157,314.92,3.34,1.72,2025-08-15,2017,Aqua,MODIS,75,6.1NRT,291.33,59.87,D
61.58131,-117.42206,350.9,3.35,1.73,2025-08-15,2017,Aqua,MODIS,96,6.1NRT,296.4,357.06,D
61.61098,-117.39021,328.28,3.34,1.72,2025-08-15,2017,Aqua,MODIS,84,6.1NRT,291.52,128.69,D
61.59379,-117.44071,360.22,3.35,1.73,2025-08-15,2017,Aqua,MODIS,100,6.1NRT,296.76,477.93,D
61.61872,-117.47811,317.91,3.35,1.73,2025-08-15,2017,Aqua,MODIS,78,6.1NRT,292.69,72.06,D
61.63583,-117.4276,327.67,3.34,1.72,2025-08-15,2017,Aqua,MODIS,85,6.1NRT,293.32,133.04,D
65.67358,-123.68485,323.32,3.06,1.66,2025-08-15,2019,Aqua,MODIS,57,6.1NRT,298.43,85.56,D
65.67706,-123.79198,324.39,3.08,1.67,2025-08-15,2019,Aqua,MODIS,0,6.1NRT,295.63,100.18,D
65.67743,-123.78256,361.44,3.08,1.67,2025-08-15,2019,Aqua,MODIS,94,6.1NRT,296.8,441.17,D
65.69546,-123.73286,362.19,3.06,1.66,2025-08-15,2019,Aqua,MODIS,100,6.1NRT,298.47,450.67,D
65.66647,-123.7585,344.56,3.08,1.67,2025-08-15,2019,Aqua,MODIS,71,6.1NRT,297.13,235.56,D
65.68452,-123.70887,338.7,3.06,1.66,2025-08-15,2019,Aqua,MODIS,86,6.1NRT,298.32,184.71,D
65.33331,-121.46329,390.5,2.8,1.6,2025-08-15,2019,Aqua,MODIS,75,6.1NRT,301.77,880.68,D
65.30667,-121.48701,320.83,2.82,1.6,2025-08-15,2019,Aqua,MODIS,29,6.1NRT,297.16,64.44,D
65.32268,-121.44075,325.65,2.8,1.6,2025-08-15,2019,Aqua,MODIS,74,6.1NRT,295.98,88.77,D
65.34134,-121.47121,365.51,2.8,1.6,2025-08-15,2019,Aqua,MODIS,0,6.1NRT,296.27,440.65,D
65.33064,-121.44884,367.39,2.8,1.6,2025-08-15,2019,Aqua,MODIS,87,6.1NRT,299.95,466.59,D
65.30407,-121.47302,319.57,2.82,1.6,2025-08-15,2019,Aqua,MODIS,69,6.1NRT,296.75,69.58,D
65.32008,-121.42605,312.23,2.8,1.6,2025-08-15,2019,Aqua,MODIS,68,6.1NRT,294.8,40.82,D
64.15408,-118.66628,325.18,2.71,1.58,2025-08-15,2019,Aqua,MODIS,0,6.1NRT,291.16,89.26,D
61.77512,-120.83769,314.19,4.17,1.89,2025-08-15,2019,Aqua,MODIS,65,6.1NRT,293.78,84.61,D
62.39421,-118.0453,305.38,3.19,1.69,2025-08-15,2019,Aqua,MODIS,26,6.1NRT,294.26,21.14,D
61.59667,-117.43414,379.44,1.13,1.06,2025-08-15,2155,Aqua,MODIS,94,6.1NRT,303.39,165.72,D
62.53624,-117.81517,349.12,1.15,1.07,2025-08-15,2155,Aqua,MODIS,83,6.1NRT,291.61,67.5,D
62.61749,-117.35158,324.76,1.18,1.08,2025-08-15,2155,Aqua,MODIS,59,6.1NRT,295.54,23.1,D
62.90598,-117.35665,317.27,1.19,1.08,2025-08-15,2155,Aqua,MODIS,75,6.1NRT,295.16,14.71,D
62.90351,-117.37917,342.99,1.19,1.08,2025-08-15,2155,Aqua,MODIS,86,6.1NRT,297.76,54.84,D
62.90104,-117.40166,325.74,1.19,1.08,2025-08-15,2155,Aqua,MODIS,42,6.1NRT,293.68,22.35,D
62.89858,-117.4241,324.31,1.18,1.08,2025-08-15,2155,Aqua,MODIS,61,6.1NRT,293.99,23.68,D
62.91534,-117.36168,314.61,1.19,1.08,2025-08-15,2155,Aqua,MODIS,26,6.1NRT,296.51,11.54,D
62.91481,-117.45644,333.84,1.18,1.08,2025-08-15,2155,Aqua,MODIS,0,6.1NRT,298.97,35.14,D
62.91233,-117.47881,351.02,1.18,1.08,2025-08-15,2155,Aqua,MODIS,69,6.1NRT,303.58,72.62,D
62.91479,-117.48518,388.29,1.18,1.08,2025-08-15,2155,Aqua,MODIS,100,6.1NRT,307.85,0,D
62.91237,-117.50755,367.23,1.18,1.08,2025-08-15,2155,Aqua,MODIS,97,6.1NRT,303.88,0,D
62.93383,-117.40041,396.03,1.19,1.08,2025-08-15,2155,Aqua,MODIS,100,6.1NRT,318.34,0,D
62.94077,-117.42788,362.07,1.19,1.08,2025-08-15,2155,Aqua,MODIS,92,6.1NRT,295.9,0,D
64.08844,-118.43545,374.06,1.17,1.08,2025-08-15,2155,Aqua,MODIS,94,6.1NRT,295.23,158.64,D
64.09513,-118.46381,314.28,1.17,1.07,2025-08-15,2155,Aqua,MODIS,46,6.1NRT,294.27,11.02,D
64.13093,-118.4407,323.2,1.17,1.08,2025-08-15,2155,Aqua,MODIS,0,6.1NRT,290.01,22.77,D
64.1284,-118.46373,370.21,1.17,1.08,2025-08-15,2155,Aqua,MODIS,0,6.1NRT,293.08,142.73,D
61.79081,-120.81773,340.1,1.01,1.01,2025-08-15,2155,Aqua,MODIS,92,6.1NRT,300.49,39.24,D
62.22583,-117.44462,317.06,1.16,1.07,2025-08-15,2155,Aqua,MODIS,29,6.1NRT,293.03,11.3,D
62.22102,-117.48737,353.84,1.15,1.07,2025-08-15,2155,Aqua,MODIS,74,6.1NRT,304.44,76.09,D
62.23267,-117.47083,331.5,1.16,1.07,2025-08-15,2155,Aqua,MODIS,86,6.1NRT,300.52,26.5,D
61.80281,-120.86496,326.62,1.01,1.01,2025-08-15,2155,Aqua,MODIS,84,6.1NRT,301.58,21.49,D
61.80025,-120.88317,367.43,1.01,1.01,2025-08-15,2155,Aqua,MODIS,94,6.1NRT,302.86,106.02,D
61.80881,-120.88859,327,1.01,1.01,2025-08-15,2155,Aqua,MODIS,84,6.1NRT,295.8,22.58,D
62.28751,-117.15633,358.02,1.18,1.08,2025-08-15,2155,Aqua,MODIS,0,6.1NRT,300.26,97.36,D
62.25797,-117.50668,358.93,1.15,1.07,2025-08-15,2155,Aqua,MODIS,99,6.1NRT,301.03,92.54,D
62.2473,-117.82281,337.75,1.13,1.06,2025-08-15,2155,Aqua,MODIS,90,6.1NRT,300.42,41.58,D
62.2449,-117.84383,328.58,1.13,1.06,2025-08-15,2155,Aqua,MODIS,85,6.1NRT,298.63,26.53,D
62.25646,-117.82767,313.43,1.13,1.06,2025-08-15,2155,Aqua,MODIS,57,6.1NRT,299.26,7.95,D
62.25405,-117.84869,312.31,1.13,1.06,2025-08-15,2155,Aqua,MODIS,28,6.1NRT,298.9,7.69,D
62.3424,-117.23797,346.99,1.17,1.08,2025-08-15,2155,Aqua,MODIS,71,6.1NRT,303.16,61.74,D
62.34931,-117.26458,346.18,1.17,1.08,2025-08-15,2155,Aqua,MODIS,0,6.1NRT,305.19,53.02,D
62.29552,-117.82615,328.75,1.14,1.06,2025-08-15,2155,Aqua,MODIS,85,6.1NRT,301.2,22.71,D
62.29308,-117.84722,335.43,1.13,1.06,2025-08-15,2155,Aqua,MODIS,84,6.1NRT,302.81,33.92,D
62.30468,-117.83104,327.63,1.14,1.06,2025-08-15,2155,Aqua,MODIS,84,6.1NRT,300.61,20.72,D
62.30223,-117.85211,325.72,1.13,1.06,2025-08-15,2155,Aqua,MODIS,78,6.1NRT,301.69,18.33,D
62.31384,-117.83591,312.83,1.14,1.06,2025-08-15,2155,Aqua,MODIS,41,6.1NRT,299.33,4.28,D
57.75356,-116.67796,314.2,1.06,1.03,2025-08-15,2155,Aqua,MODIS,40,6.1NRT,300.03,10.22,D
57.77371,-116.74137,311.38,1.06,1.03,2025-08-15,2155,Aqua,MODIS,38,6.1NRT,301.05,7.99,D
58.3858,-115.90011,305.12,1.12,1.06,2025-08-15,2155,Aqua,MODIS,60,6.1NRT,294.73,5.64,D
61.57834,-117.42477,321.78,1.13,1.06,2025-08-15,2155,Aqua,MODIS,50,6.1NRT,296.51,16.28,D
61.57597,-117.4453,320.05,1.13,1.06,2025-08-15,2155,Aqua,MODIS,48,6.1NRT,297.52,14,D
61.5736,-117.46584,324.72,1.13,1.06,2025-08-15,2155,Aqua,MODIS,69,6.1NRT,300.14,19.08,D
61.58988,-117.40888,358.51,1.14,1.06,2025-08-15,2155,Aqua,MODIS,99,6.1NRT,301.17,88.19,D
61.58513,-117.45,371.87,1.13,1.06,2025-08-15,2155,Aqua,MODIS,100,6.1NRT,299.03,133.53,D
61.60143,-117.39297,347.68,1.14,1.06,2025-08-15,2155,Aqua,MODIS,88,6.1NRT,297.94,60.03,D
61.59905,-117.41357,349.9,1.14,1.06,2025-08-15,2155,Aqua,MODIS,82,6.1NRT,297.51,62.5,D
62.21658,-117.43981,328.3,1.16,1.07,2025-08-15,2155,Aqua,MODIS,68,6.1NRT,294.5,25.76,D
61.59429,-117.45469,408.22,1.13,1.06,2025-08-15,2155,Aqua,MODIS,94,6.1NRT,305.64,352.41,D
61.5919,-117.47522,376.42,1.13,1.06,2025-08-15,2155,Aqua,MODIS,94,6.1NRT,302.05,154.79,D
61.6106,-117.39765,359.31,1.14,1.06,2025-08-15,2155,Aqua,MODIS,99,6.1NRT,301.36,95.66,D
61.61739,-117.42293,342.02,1.14,1.06,2025-08-15,2155,Aqua,MODIS,66,6.1NRT,298.06,46.75,D
61.62611,-117.38879,335.91,1.14,1.06,2025-08-15,2155,Aqua,MODIS,89,6.1NRT,298.34,40.15,D
61.62376,-117.40945,360.24,1.14,1.06,2025-08-15,2155,Aqua,MODIS,100,6.1NRT,302.59,99.95,D
61.62141,-117.43008,366.53,1.14,1.06,2025-08-15,2155,Aqua,MODIS,94,6.1NRT,298.64,121.5,D
61.63529,-117.39346,315.61,1.14,1.06,2025-08-15,2155,Aqua,MODIS,72,6.1NRT,297.02,12.87,D
61.63294,-117.41412,356.41,1.14,1.06,2025-08-15,2155,Aqua,MODIS,98,6.1NRT,297.8,89.1,D
61.63058,-117.43478,327.84,1.14,1.06,2025-08-15,2155,Aqua,MODIS,73,6.1NRT,292.59,26.7,D
61.62588,-117.47599,338.05,1.13,1.06,2025-08-15,2155,Aqua,MODIS,0,6.1NRT,291.68,41.67,D
61.64212,-117.41881,396.33,1.14,1.06,2025-08-15,2155,Aqua,MODIS,100,6.1NRT,300.69,275.15,D
61.63976,-117.43948,387.07,1.14,1.06,2025-08-15,2155,Aqua,MODIS,87,6.1NRT,299.97,217.22,D
61.68761,-117.52945,306.8,1.13,1.06,2025-08-15,2155,Aqua,MODIS,37,6.1NRT,291.73,5.83,D
61.69489,-117.60596,317.07,1.13,1.06,2025-08-15,2155,Aqua,MODIS,52,6.1NRT,296.25,12.01,D
61.69253,-117.62648,321.62,1.13,1.06,2025-08-15,2155,Aqua,MODIS,66,6.1NRT,299.39,16.49,D
62.14395,-115.70451,322.88,1.28,1.12,2025-08-15,2155,Aqua,MODIS,31,6.1NRT,290.64,22.87,D
62.16348,-115.71341,335.61,1.28,1.12,2025-08-15,2155,Aqua,MODIS,60,6.1NRT,293.42,44.69,D
62.19421,-115.7078,318.45,1.28,1.12,2025-08-15,2155,Aqua,MODIS,48,6.1NRT,291.2,17.72,D
62.11379,-116.77804,315.85,1.2,1.09,2025-08-15,2155,Aqua,MODIS,0,6.1NRT,296.72,11.62,D
62.1924,-116.63631,318.26,1.21,1.09,2025-08-15,2155,Aqua,MODIS,56,6.1NRT,299.34,11.89,D
62.19003,-116.65871,336.04,1.21,1.09,2025-08-15,2155,Aqua,MODIS,84,6.1NRT,301.93,40.33,D
62.1995,-116.66333,342.99,1.21,1.09,2025-08-15,2155,Aqua,MODIS,87,6.1NRT,300.43,55.37,D
61.76164,-120.7597,312.81,1.01,1.01,2025-08-15,2155,Aqua,MODIS,31,6.1NRT,299.65,5.81,D
62.31139,-117.85699,315.19,1.13,1.06,2025-08-15,2155,Aqua,MODIS,71,6.1NRT,300.52,7.65,D
62.3065,-117.89903,379.6,1.13,1.06,2025-08-15,2155,Aqua,MODIS,75,6.1NRT,303.17,175.25,D
62.30405,-117.92002,370.37,1.13,1.06,2025-08-15,2155,Aqua,MODIS,75,6.1NRT,300.28,135.13,D
62.40488,-117.9867,341.91,1.13,1.06,2025-08-15,2155,Aqua,MODIS,92,6.1NRT,299.67,46.53,D
62.52218,-117.10961,315.37,1.19,1.09,2025-08-15,2155,Aqua,MODIS,41,6.1NRT,295.34,9.88,D
62.53399,-117.09209,372.82,1.19,1.09,2025-08-15,2155,Aqua,MODIS,0,6.1NRT,301.54,153.7,D
62.53866,-117.79375,332.42,1.15,1.07,2025-08-15,2155,Aqua,MODIS,69,6.1NRT,292.07,31.92,D
65.31963,-121.47592,374.97,1.07,1.03,2025-08-15,2157,Aqua,MODIS,100,6.1NRT,305.8,140.75,D
65.31689,-121.49751,354.49,1.06,1.03,2025-08-15,2157,Aqua,MODIS,74,6.1NRT,303.19,73.47,D
65.33115,-121.46054,362.21,1.07,1.03,2025-08-15,2157,Aqua,MODIS,100,6.1NRT,303.23,97.16,D
65.32841,-121.48218,372.26,1.07,1.03,2025-08-15,2157,Aqua,MODIS,94,6.1NRT,304.88,131.87,D
65.32567,-121.50379,355.8,1.06,1.03,2025-08-15,2157,Aqua,MODIS,0,6.1NRT,298.62,78.26,D
65.33994,-121.46684,354.71,1.07,1.03,2025-08-15,2157,Aqua,MODIS,92,6.1NRT,299.32,76.97,D
65.33718,-121.48849,388.65,1.07,1.03,2025-08-15,2157,Aqua,MODIS,75,6.1NRT,307.64,207.09,D
65.34731,-121.47906,327.43,1.07,1.03,2025-08-15,2157,Aqua,MODIS,79,6.1NRT,296.05,25.99,D
65.6544,-123.67119,336.91,1.02,1.01,2025-08-15,2157,Aqua,MODIS,57,6.1NRT,301.55,32.19,D
65.67158,-123.616,337.84,1.02,1.01,2025-08-15,2157,Aqua,MODIS,0,6.1NRT,301.14,32.63,D
65.66287,-123.67822,349.62,1.02,1.01,2025-08-15,2157,Aqua,MODIS,67,6.1NRT,304.75,51.77,D
65.65997,-123.69891,357.77,1.02,1.01,2025-08-15,2157,Aqua,MODIS,99,6.1NRT,305.1,73.51,D
65.68296,-123.60226,343.75,1.02,1.01,2025-08-15,2157,Aqua,MODIS,81,6.1NRT,302.77,42.23,D
65.2824,-121.54317,312.02,1.06,1.03,2025-08-15,2157,Aqua,MODIS,63,6.1NRT,300.98,8.34,D
65.68006,-123.62301,336.13,1.02,1.01,2025-08-15,2157,Aqua,MODIS,36,6.1NRT,302.89,26.82,D
65.66844,-123.70594,335.47,1.02,1.01,2025-08-15,2157,Aqua,MODIS,26,6.1NRT,302.63,24.12,D
65.30482,-121.44169,336.87,1.07,1.03,2025-08-15,2157,Aqua,MODIS,89,6.1NRT,302.25,37.58,D
65.69144,-123.60926,343.1,1.02,1.01,2025-08-15,2157,Aqua,MODIS,93,6.1NRT,302.68,41.51,D
65.30209,-121.46326,328.79,1.07,1.03,2025-08-15,2157,Aqua,MODIS,84,6.1NRT,302.49,24.72,D
65.68247,-123.74072,353.33,1.02,1.01,2025-08-15,2157,Aqua,MODIS,92,6.1NRT,304.83,57.97,D
65.31359,-121.44802,336.87,1.07,1.03,2025-08-15,2157,Aqua,MODIS,89,6.1NRT,300.98,36.84,D
65.31085,-121.46963,334.07,1.07,1.03,2025-08-15,2157,Aqua,MODIS,88,6.1NRT,302.44,31.75,D
65.32236,-121.4543,358.45,1.07,1.03,2025-08-15,2157,Aqua,MODIS,99,6.1NRT,302.9,85.49,D
65.67956,-123.76141,404.04,1.01,1.01,2025-08-15,2157,Aqua,MODIS,75,6.1NRT,315.83,274.38,D
65.67664,-123.7821,341.84,1.01,1.01,2025-08-15,2157,Aqua,MODIS,0,6.1NRT,298.88,40.48,D
65.69386,-123.72706,336.39,1.02,1.01,2025-08-15,2157,Aqua,MODIS,46,6.1NRT,302.43,24.7,D
65.69094,-123.74776,369.8,1.02,1.01,2025-08-15,2157,Aqua,MODIS,94,6.1NRT,307.48,105.08,D
65.69941,-123.75482,373.9,1.02,1.01,2025-08-15,2157,Aqua,MODIS,94,6.1NRT,303.34,124.84,D
65.6965,-123.77553,416.62,1.01,1.01,2025-08-15,2157,Aqua,MODIS,75,6.1NRT,310.38,370.08,D
65.69357,-123.79622,346.25,1.01,1.01,2025-08-15,2157,Aqua,MODIS,0,6.1NRT,296.82,52.24,D
65.72211,-123.6628,318.89,1.02,1.01,2025-08-15,2157,Aqua,MODIS,67,6.1NRT,298.41,13.7,D
65.71341,-123.72513,314.06,1.02,1.01,2025-08-15,2157,Aqua,MODIS,62,6.1NRT,297.43,10.27,D
65.71051,-123.74587,315,1.02,1.01,2025-08-15,2157,Aqua,MODIS,68,6.1NRT,297.09,11.25,D
64.37325,-120.37934,353.67,1.08,1.04,2025-08-15,2157,Aqua,MODIS,0,6.1NRT,300.87,75.49,D
64.38212,-120.38514,351.65,1.08,1.04,2025-08-15,2157,Aqua,MODIS,73,6.1NRT,296.96,71.86,D
64.37949,-120.40644,312.81,1.08,1.04,2025-08-15,2157,Aqua,MODIS,52,6.1NRT,294.88,10.71,D
65.42824,-115.92538,313.2,1.42,1.18,2025-08-15,2157,Aqua,MODIS,0,6.1NRT,291.87,13.25,D
44.65757,-65.21107,340.79,1.45,1.19,2025-08-16,0043,Terra,MODIS,100,6.1NRT,293.69,78.84,N
46.99179,-66.48494,306.49,1.47,1.2,2025-08-16,0043,Terra,MODIS,68,6.1NRT,281.75,17.06,N
44.67459,-65.23623,324.59,1.45,1.19,2025-08-16,0043,Terra,MODIS,100,6.1NRT,287.49,41.49,N
44.67791,-65.21884,331.91,1.45,1.19,2025-08-16,0043,Terra,MODIS,100,6.1NRT,289.93,56.15,N
44.68124,-65.20142,338.92,1.44,1.19,2025-08-16,0043,Terra,MODIS,100,6.1NRT,292.14,74.34,N
44.68454,-65.1841,310.8,1.44,1.19,2025-08-16,0043,Terra,MODIS,81,6.1NRT,285.9,19.95,N
44.66773,-65.21502,316.78,1.45,1.19,2025-08-16,0043,Terra,MODIS,94,6.1NRT,291.32,26.66,N
44.67107,-65.19756,337.19,1.44,1.19,2025-08-16,0043,Terra,MODIS,100,6.1NRT,292.39,69.5,N
44.67438,-65.18025,300.59,1.44,1.19,2025-08-16,0043,Terra,MODIS,28,6.1NRT,285.11,9.36,N
42.80398,-80.10036,305.65,1.2,1.09,2025-08-16,0221,Terra,MODIS,65,6.1NRT,292.94,9.14,N
66.15125,-126.3424,316.34,4.44,1.94,2025-08-16,0230,Terra,MODIS,77,6.1NRT,290.31,127.25,D
66.18036,-126.27702,311.91,4.41,1.93,2025-08-16,0230,Terra,MODIS,68,6.1NRT,290.11,96.18,D
66.14983,-126.33154,317.95,4.44,1.94,2025-08-16,0230,Terra,MODIS,74,6.1NRT,290.4,138.72,D
66.17915,-126.26477,310.45,4.41,1.93,2025-08-16,0230,Terra,MODIS,66,6.1NRT,289.99,86.16,D
65.72246,-123.81947,327.23,4.14,1.88,2025-08-16,0230,Terra,MODIS,64,6.1NRT,290.16,204.31,D
65.66899,-123.67403,305.31,4.14,1.88,2025-08-16,0230,Terra,MODIS,47,6.1NRT,289.22,50.16,D
62.18049,-115.70938,329.48,1.02,1.01,2025-08-16,0406,Terra,MODIS,100,6.1NRT,287.41,30.48,N
62.17807,-115.72811,314.1,1.02,1.01,2025-08-16,0406,Terra,MODIS,47,6.1NRT,283.49,14.29,N
62.18914,-115.71458,302.5,1.02,1.01,2025-08-16,0406,Terra,MODIS,49,6.1NRT,283.88,8.07,N
62.10325,-116.50368,321.54,1.01,1,2025-08-16,0406,Terra,MODIS,91,6.1NRT,287.67,0,N
62.10981,-116.53413,318.85,1.01,1,2025-08-16,0406,Terra,MODIS,98,6.1NRT,286.58,18.62,N
62.23882,-115.91237,301.08,1.02,1.01,2025-08-16,0406,Terra,MODIS,37,6.1NRT,284.18,7.7,N
62.24326,-117.46904,313.3,1,1,2025-08-16,0406,Terra,MODIS,87,6.1NRT,283.77,14.05,N
62.25837,-117.50476,301.68,1,1,2025-08-16,0406,Terra,MODIS,43,6.1NRT,283.65,7.04,N
62.33965,-117.25828,321.23,1,1,2025-08-16,0406,Terra,MODIS,40,6.1NRT,285.03,19.62,N
62.32678,-117.34996,321.79,1,1,2025-08-16,0406,Terra,MODIS,99,6.1NRT,286.09,19.16,N
62.51672,-117.60885,306.47,1,1,2025-08-16,0406,Terra,MODIS,67,6.1NRT,284.26,9.07,N
62.54358,-117.69399,325.73,1,1,2025-08-16,0406,Terra,MODIS,100,6.1NRT,288.26,25.59,N
62.54096,-117.71241,320,1,1,2025-08-16,0406,Terra,MODIS,100,6.1NRT,286.83,20.26,N
62.54419,-117.75498,314.02,1,1,2025-08-16,0406,Terra,MODIS,88,6.1NRT,283.14,15.07,N
62.54214,-117.83437,301.17,1,1,2025-08-16,0406,Terra,MODIS,38,6.1NRT,282.75,7.1,N
62.91026,-117.36906,308.19,1,1,2025-08-16,0406,Terra,MODIS,74,6.1NRT,285.2,10.55,N
62.90767,-117.38779,306.49,1,1,2025-08-16,0406,Terra,MODIS,68,6.1NRT,285.69,9.4,N
62.93641,-117.39308,328.52,1,1,2025-08-16,0406,Terra,MODIS,100,6.1NRT,292.03,28.03,N
62.93382,-117.41183,318.91,1,1,2025-08-16,0406,Terra,MODIS,64,6.1NRT,288.81,17.46,N
62.92347,-117.48678,317.15,1,1,2025-08-16,0406,Terra,MODIS,54,6.1NRT,288.74,15.97,N
62.94493,-117.39881,332.96,1,1,2025-08-16,0406,Terra,MODIS,100,6.1NRT,292.03,33.61,N
62.94234,-117.41757,327.28,1,1,2025-08-16,0406,Terra,MODIS,98,6.1NRT,292.4,26.08,N
62.93975,-117.43633,317.69,1,1,2025-08-16,0406,Terra,MODIS,62,6.1NRT,290.64,15.87,N
62.95345,-117.40455,321.74,1,1,2025-08-16,0406,Terra,MODIS,43,6.1NRT,289.9,19.88,N
62.95086,-117.42331,325.39,1,1,2025-08-16,0406,Terra,MODIS,72,6.1NRT,292.13,23.4,N
62.96196,-117.41028,342.91,1,1,2025-08-16,0406,Terra,MODIS,100,6.1NRT,295.75,49.22,N
62.95938,-117.42905,344.32,1,1,2025-08-16,0406,Terra,MODIS,100,6.1NRT,297.27,50.81,N
62.95679,-117.44781,333.09,1,1,2025-08-16,0406,Terra,MODIS,100,6.1NRT,292.81,31.48,N
62.95419,-117.46656,333.77,1,1,2025-08-16,0406,Terra,MODIS,100,6.1NRT,293.05,32.88,N
62.97049,-117.41602,319.76,1,1,2025-08-16,0406,Terra,MODIS,27,6.1NRT,288.26,17.54,N
62.9679,-117.43479,331.42,1,1,2025-08-16,0406,Terra,MODIS,82,6.1NRT,291.91,31.08,N
62.9653,-117.45356,335.13,1,1,2025-08-16,0406,Terra,MODIS,90,6.1NRT,293.81,34.85,N
62.96271,-117.47231,342.75,1,1,2025-08-16,0406,Terra,MODIS,100,6.1NRT,296.04,47.35,N
62.97641,-117.44054,322.86,1,1,2025-08-16,0406,Terra,MODIS,98,6.1NRT,289.82,22.23,N
62.97382,-117.4593,336.45,1,1,2025-08-16,0406,Terra,MODIS,95,6.1NRT,293.51,37.46,N
62.97122,-117.47807,344.38,1,1,2025-08-16,0406,Terra,MODIS,100,6.1NRT,295.89,51.77,N
62.96862,-117.49683,324.18,1,1,2025-08-16,0406,Terra,MODIS,100,6.1NRT,289.7,23.55,N
62.98493,-117.44628,319.19,1,1,2025-08-16,0406,Terra,MODIS,75,6.1NRT,287.86,18.57,N
62.98233,-117.46506,325.81,1,1,2025-08-16,0406,Terra,MODIS,65,6.1NRT,289.14,24.01,N
62.97974,-117.48383,328.35,1,1,2025-08-16,0406,Terra,MODIS,100,6.1NRT,290.4,28.15,N
63.93719,-114.0432,305.96,1.13,1.06,2025-08-16,0406,Terra,MODIS,66,6.1NRT,284.21,11.92,N
63.94633,-114.04833,310.25,1.13,1.06,2025-08-16,0406,Terra,MODIS,42,6.1NRT,283.24,13.49,N
64.30814,-120.40551,301.35,1.01,1,2025-08-16,0406,Terra,MODIS,40,6.1NRT,285.59,7,D
64.37586,-120.39551,305.37,1.01,1,2025-08-16,0406,Terra,MODIS,64,6.1NRT,285.01,8.57,D
64.38426,-120.40244,314.66,1.01,1,2025-08-16,0406,Terra,MODIS,90,6.1NRT,284.82,14.65,D
65.55225,-116.04405,313.01,1.09,1.04,2025-08-16,0406,Terra,MODIS,86,6.1NRT,283.32,16.65,N
65.66727,-116.83243,304.33,1.06,1.03,2025-08-16,0406,Terra,MODIS,60,6.1NRT,284.3,8.68,N
65.66464,-116.85448,303.7,1.06,1.03,2025-08-16,0406,Terra,MODIS,56,6.1NRT,284.56,8.22,N
65.30383,-121.44338,306.12,1.01,1,2025-08-16,0406,Terra,MODIS,21,6.1NRT,286.55,8.17,D
65.32578,-121.48604,318.57,1.01,1,2025-08-16,0406,Terra,MODIS,49,6.1NRT,288.26,15.47,D
65.65975,-123.68325,312.84,1.04,1.02,2025-08-16,0406,Terra,MODIS,86,6.1NRT,287.37,13.67,D
65.68221,-123.60838,322.66,1.04,1.02,2025-08-16,0406,Terra,MODIS,100,6.1NRT,287.59,22.2,D
65.66813,-123.6917,317.86,1.04,1.02,2025-08-16,0406,Terra,MODIS,96,6.1NRT,288.4,17.71,D
65.6646,-123.71256,320.08,1.04,1.02,2025-08-16,0406,Terra,MODIS,100,6.1NRT,288.21,19.73,D
65.68137,-123.72949,312,1.04,1.02,2025-08-16,0406,Terra,MODIS,22,6.1NRT,288.56,10.37,D
65.67783,-123.75037,328.38,1.05,1.02,2025-08-16,0406,Terra,MODIS,100,6.1NRT,291.58,27.93,D
65.69813,-123.74644,323.4,1.04,1.02,2025-08-16,0406,Terra,MODIS,100,6.1NRT,292.64,19.93,D
65.6946,-123.76735,327.59,1.05,1.02,2025-08-16,0406,Terra,MODIS,100,6.1NRT,293.87,24.89,D
65.69106,-123.78825,340.3,1.05,1.02,2025-08-16,0406,Terra,MODIS,100,6.1NRT,294.51,45.56,D
65.70547,-123.75941,311.56,1.04,1.02,2025-08-16,0406,Terra,MODIS,34,6.1NRT,289.66,11.75,D
65.7019,-123.78028,328.22,1.05,1.02,2025-08-16,0406,Terra,MODIS,99,6.1NRT,292.81,28.53,D
65.70317,-123.83053,328.76,1.05,1.02,2025-08-16,0406,Terra,MODIS,100,6.1NRT,290.44,29.22,D
65.71994,-123.84756,306.41,1.05,1.02,2025-08-16,0406,Terra,MODIS,31,6.1NRT,287.75,8.2,D
65.71638,-123.86846,377.48,1.05,1.02,2025-08-16,0406,Terra,MODIS,100,6.1NRT,298.01,154.44,D
65.72476,-123.87699,303.87,1.05,1.02,2025-08-16,0406,Terra,MODIS,31,6.1NRT,287.37,6.9,D
65.7212,-123.89789,315.51,1.05,1.02,2025-08-16,0406,Terra,MODIS,91,6.1NRT,288.53,15.94,D
62.13451,-112.86821,313.94,1.13,1.06,2025-08-16,0406,Terra,MODIS,88,6.1NRT,287.5,17.18,N
62.13223,-112.88934,304.25,1.13,1.06,2025-08-16,0406,Terra,MODIS,59,6.1NRT,286.46,9.53,N
62.12997,-112.91027,301.08,1.13,1.06,2025-08-16,0406,Terra,MODIS,37,6.1NRT,285.27,7.82,N
62.10504,-113.2261,317.16,1.11,1.05,2025-08-16,0406,Terra,MODIS,42,6.1NRT,287.87,18.63,N
62.10276,-113.24668,311.21,1.11,1.05,2025-08-16,0406,Terra,MODIS,12,6.1NRT,286.14,13.15,N
62.12094,-113.25606,304.3,1.11,1.05,2025-08-16,0406,Terra,MODIS,28,6.1NRT,286.01,8.75,N
61.597,-117.41831,343.96,1,1,2025-08-16,0406,Terra,MODIS,88,6.1NRT,292.86,49.43,N
61.61142,-117.39515,327.04,1,1,2025-08-16,0406,Terra,MODIS,100,6.1NRT,285.42,27.11,N
61.63692,-117.41166,301.09,1,1,2025-08-16,0406,Terra,MODIS,16,6.1NRT,283.16,5.87,N
61.65393,-117.42268,318.41,1,1,2025-08-16,0406,Terra,MODIS,97,6.1NRT,283.09,18.51,N
61.65133,-117.44058,303.81,1,1,2025-08-16,0406,Terra,MODIS,31,6.1NRT,283.73,7.42,N
61.70181,-117.61637,322.06,1,1,2025-08-16,0406,Terra,MODIS,100,6.1NRT,285.5,22.48,N
62.364,-112.72633,305.68,1.15,1.07,2025-08-16,0406,Terra,MODIS,65,6.1NRT,284.75,11.5,N
66.16582,-126.28227,300.85,1.12,1.05,2025-08-16,0406,Terra,MODIS,34,6.1NRT,288.42,6.26,D
66.16158,-126.30499,318.95,1.12,1.05,2025-08-16,0406,Terra,MODIS,98,6.1NRT,289.56,21.59,D
66.1659,-126.33717,312.06,1.12,1.05,2025-08-16,0406,Terra,MODIS,84,6.1NRT,287.99,14.26,D
62.03692,-116.01875,306.96,1.01,1.01,2025-08-16,0406,Terra,MODIS,70,6.1NRT,283.83,11.24,N
62.16318,-115.69906,308.4,1.02,1.01,2025-08-16,0406,Terra,MODIS,55,6.1NRT,284.24,10.74,N
62.08633,-116.35374,351.49,1.01,1,2025-08-16,0406,Terra,MODIS,100,6.1NRT,287.56,0,N
61.79741,-120.80917,302,1.07,1.03,2025-08-16,0406,Terra,MODIS,46,6.1NRT,288.08,6.9,N
61.79417,-120.82807,301.44,1.07,1.03,2025-08-16,0406,Terra,MODIS,41,6.1NRT,286.66,6.72,N
61.80494,-120.87938,317.53,1.07,1.03,2025-08-16,0406,Terra,MODIS,88,6.1NRT,287.16,18.2,N
62.30477,-117.84222,302.66,1,1,2025-08-16,0406,Terra,MODIS,34,6.1NRT,283.42,7.4,N
61.82006,-120.89769,306.58,1.07,1.03,2025-08-16,0406,Terra,MODIS,69,6.1NRT,289.14,10.31,N
61.81679,-120.91663,315.52,1.07,1.03,2025-08-16,0406,Terra,MODIS,91,6.1NRT,288.43,17.67,N
62.30531,-117.9027,302.97,1,1,2025-08-16,0406,Terra,MODIS,52,6.1NRT,283.17,8.02,N
62.39669,-117.99061,305,1,1,2025-08-16,0406,Terra,MODIS,35,6.1NRT,281.71,8.6,N
62.39403,-118.00891,300.31,1,1,2025-08-16,0406,Terra,MODIS,2,6.1NRT,281.37,5.86,N
62.53274,-117.09505,318.5,1,1,2025-08-16,0406,Terra,MODIS,97,6.1NRT,288.5,18.73,N
62.40517,-117.99641,318.9,1,1,2025-08-16,0406,Terra,MODIS,49,6.1NRT,284.84,18.01,N
62.42528,-118.05045,308.16,1,1,2025-08-16,0406,Terra,MODIS,18,6.1NRT,281.69,9.48,N
66.16158,-126.31297,310.04,2.88,1.62,2025-08-16,0544,Terra,MODIS,79,6.1NRT,284.68,55.86,N
66.17373,-126.30977,306.42,2.88,1.62,2025-08-16,0544,Terra,MODIS,68,6.1NRT,284.69,42.93,N
66.15932,-126.30829,300.87,2.88,1.62,2025-08-16,0544,Terra,MODIS,22,6.1NRT,284.55,26.88,N
65.69637,-123.7646,310.67,3.49,1.76,2025-08-16,0544,Terra,MODIS,76,6.1NRT,287.56,70.4,N
65.68073,-123.76447,304.65,3.49,1.76,2025-08-16,0544,Terra,MODIS,58,6.1NRT,286.13,49.96,N
44.68704,-65.19457,308.95,1.47,1.2,2025-08-16,0807,Aqua,MODIS,7,6.1NRT,285.84,19.18,N
62.53599,-117.68504,301.49,1.27,1.12,2025-08-16,1119,Aqua,MODIS,13,6.1NRT,282.87,9.82,N
62.27708,-115.79182,300.77,1.13,1.06,2025-08-16,1119,Aqua,MODIS,33,6.1NRT,280.86,10.32,N
62.18369,-115.71442,309.65,1.12,1.06,2025-08-16,1119,Aqua,MODIS,78,6.1NRT,283.32,15.19,N
62.08921,-116.33371,300.84,1.16,1.07,2025-08-16,1119,Aqua,MODIS,33,6.1NRT,278.54,9.46,N
61.60281,-117.4099,319.48,1.21,1.09,2025-08-16,1119,Aqua,MODIS,24,6.1NRT,286.34,24.86,N
65.69474,-123.75697,306.24,2.23,1.45,2025-08-16,1119,Aqua,MODIS,21,6.1NRT,284.25,28.02,N
62.98334,-117.43299,312.34,1.27,1.12,2025-08-16,1119,Aqua,MODIS,85,6.1NRT,285.13,21.48,N
62.97606,-117.46197,313.78,1.28,1.12,2025-08-16,1119,Aqua,MODIS,62,6.1NRT,286.45,21.63,N
62.97362,-117.43766,312.67,1.27,1.12,2025-08-16,1119,Aqua,MODIS,67,6.1NRT,285.74,20.71,N
62.97118,-117.41341,314.42,1.27,1.12,2025-08-16,1119,Aqua,MODIS,89,6.1NRT,286.01,23.49,N
62.96054,-117.42374,322.17,1.27,1.12,2025-08-16,1119,Aqua,MODIS,0,6.1NRT,288.15,24.88,N
62.95332,-117.45267,323.04,1.27,1.12,2025-08-16,1119,Aqua,MODIS,0,6.1NRT,288.28,28.14,N
62.95083,-117.42844,325,1.27,1.12,2025-08-16,1119,Aqua,MODIS,0,6.1NRT,290.06,29.54,N
62.10862,-113.2224,305.98,1.02,1.01,2025-08-16,1119,Aqua,MODIS,62,6.1NRT,284.06,9.87,N
65.6689,-123.68184,302.01,1.34,1.15,2025-08-16,1257,Aqua,MODIS,15,6.1NRT,283.37,9.89,D
44.67184,-65.21735,337.69,1.06,1.03,2025-08-16,1416,Terra,MODIS,51,6.1NRT,303.65,34.71,D
47.71376,-65.28835,302.46,1.01,1,2025-08-16,1416,Terra,MODIS,24,6.1NRT,289.95,4.1,D
44.6766,-65.18893,342.04,1.06,1.03,2025-08-16,1416,Terra,MODIS,86,6.1NRT,302.23,44.31,D
46.98606,-66.47609,312.06,1,1,2025-08-16,1416,Terra,MODIS,70,6.1NRT,296.84,8.52,D
46.99475,-66.47347,311.1,1,1,2025-08-16,1416,Terra,MODIS,68,6.1NRT,297.31,7.65,D
44.67391,-65.23017,357.58,1.06,1.03,2025-08-16,1416,Terra,MODIS,93,6.1NRT,305.38,79.33,D
47.21738,-77.89822,300.44,3.41,1.74,2025-08-16,1554,Terra,MODIS,32,6.1NRT,284.45,13.54,D
47.22088,-77.90357,300.59,3.41,1.74,2025-08-16,1554,Terra,MODIS,34,6.1NRT,284.21,14.8,D
44.90781,-79.06055,303.46,3.53,1.77,2025-08-16,1554,Terra,MODIS,15,6.1NRT,286.99,10.35,D
64.14417,-118.40623,304.23,1.8,1.31,2025-08-16,1728,Terra,MODIS,0,6.1NRT,291.29,11.12,D
65.42083,-115.91068,307.63,1.55,1.23,2025-08-16,1728,Terra,MODIS,45,6.1NRT,294.52,9.99,D
61.60963,-117.37283,331.06,1.53,1.22,2025-08-16,1730,Terra,MODIS,62,6.1NRT,286.91,48.29,D
61.65689,-117.41535,358.94,1.54,1.22,2025-08-16,1730,Terra,MODIS,99,6.1NRT,291.15,152.62,D
61.6591,-117.44376,361.63,1.54,1.22,2025-08-16,1730,Terra,MODIS,100,6.1NRT,290.48,166.68,D
61.68929,-117.5144,308.02,1.55,1.23,2025-08-16,1730,Terra,MODIS,44,6.1NRT,291.68,11.28,D
61.60106,-117.40463,341.73,1.53,1.22,2025-08-16,1730,Terra,MODIS,92,6.1NRT,289.48,78.78,D
61.69141,-117.54314,310.23,1.55,1.23,2025-08-16,1730,Terra,MODIS,54,6.1NRT,291.17,13.76,D
62.0762,-115.97183,311.74,1.39,1.17,2025-08-16,1730,Terra,MODIS,51,6.1NRT,296.44,7.71,D
62.07396,-115.94589,312.5,1.39,1.17,2025-08-16,1730,Terra,MODIS,0,6.1NRT,297.04,8.96,D
62.11053,-116.50739,338.22,1.45,1.19,2025-08-16,1730,Terra,MODIS,0,6.1NRT,298.34,60.77,D
62.10009,-116.51114,335.13,1.45,1.19,2025-08-16,1730,Terra,MODIS,0,6.1NRT,297.07,55.73,D
61.70221,-117.53962,326.12,1.55,1.23,2025-08-16,1730,Terra,MODIS,84,6.1NRT,292.38,41.47,D
61.70007,-117.51087,320,1.55,1.23,2025-08-16,1730,Terra,MODIS,80,6.1NRT,292.64,29.47,D
61.64397,-117.39052,320.65,1.53,1.22,2025-08-16,1730,Terra,MODIS,80,6.1NRT,286.58,31.16,D
61.61179,-117.40108,333,1.53,1.22,2025-08-16,1730,Terra,MODIS,53,6.1NRT,287.23,51.5,D
61.64616,-117.41887,327.25,1.54,1.22,2025-08-16,1730,Terra,MODIS,85,6.1NRT,287.61,44.53,D
62.90609,-117.36141,308,1.59,1.24,2025-08-16,1730,Terra,MODIS,31,6.1NRT,292.09,11.89,D
62.5322,-117.08485,316.05,1.54,1.22,2025-08-16,1730,Terra,MODIS,0,6.1NRT,297.77,18.8,D
62.12673,-112.9074,315.03,1.15,1.07,2025-08-16,1730,Terra,MODIS,0,6.1NRT,294.94,13.04,D
62.54368,-117.69576,318.1,1.62,1.25,2025-08-16,1730,Terra,MODIS,0,6.1NRT,291.19,27.2,D
62.10623,-113.21598,312.59,1.17,1.07,2025-08-16,1730,Terra,MODIS,16,6.1NRT,294.47,10.12,D
62.4474,-118.11511,347.41,1.67,1.27,2025-08-16,1730,Terra,MODIS,95,6.1NRT,291.31,115.59,D
62.27244,-115.79612,315.96,1.39,1.17,2025-08-16,1730,Terra,MODIS,0,6.1NRT,295.63,16.09,D
62.27634,-115.80146,317.01,1.39,1.17,2025-08-16,1730,Terra,MODIS,0,6.1NRT,296.47,17.21,D
62.44854,-118.12186,341.25,1.67,1.27,2025-08-16,1730,Terra,MODIS,87,6.1NRT,290.68,92.56,D
62.43517,-118.09373,352.06,1.66,1.27,2025-08-16,1730,Terra,MODIS,97,6.1NRT,287.45,132.05,D
62.32557,-117.34872,315.43,1.56,1.23,2025-08-16,1730,Terra,MODIS,0,6.1NRT,296.7,15.96,D
62.30178,-117.1766,306.11,1.54,1.22,2025-08-16,1730,Terra,MODIS,0,6.1NRT,293.79,7.47,D
62.29962,-117.14758,309.33,1.54,1.22,2025-08-16,1730,Terra,MODIS,0,6.1NRT,295.04,10.86,D
62.18591,-115.72937,311.66,1.37,1.16,2025-08-16,1730,Terra,MODIS,41,6.1NRT,294.56,9.42,D
62.1837,-115.70361,322.95,1.37,1.16,2025-08-16,1730,Terra,MODIS,71,6.1NRT,294.81,26.64,D
62.22623,-116.54248,310.62,1.46,1.19,2025-08-16,1730,Terra,MODIS,59,6.1NRT,296.55,10.34,D
62.14956,-115.64374,315.71,1.36,1.16,2025-08-16,1730,Terra,MODIS,0,6.1NRT,294.43,16.33,D
62.25653,-117.49929,317.01,1.58,1.24,2025-08-16,1730,Terra,MODIS,67,6.1NRT,293.68,19.2,D
62.13734,-116.44175,319.76,1.45,1.19,2025-08-16,1730,Terra,MODIS,39,6.1NRT,296.49,19.03,D
51.20302,-106.39622,303.54,1.65,1.26,2025-08-16,1732,Terra,MODIS,45,6.1NRT,287.53,6.08,D
47.29536,-66.10272,327.57,4.64,1.97,2025-08-16,1734,Aqua,MODIS,81,6.1NRT,296.23,211.77,D
47.29395,-66.09383,321.23,4.64,1.97,2025-08-16,1734,Aqua,MODIS,70,6.1NRT,296.06,149.53,D
47.35223,-65.32529,312.52,4.22,1.9,2025-08-16,1734,Aqua,MODIS,55,6.1NRT,297.32,62.12,D
47.34773,-65.31473,314.76,4.22,1.9,2025-08-16,1734,Aqua,MODIS,62,6.1NRT,297.87,76.54,D
47.2788,-66.15631,333.33,4.68,1.98,2025-08-16,1734,Aqua,MODIS,85,6.1NRT,297.33,283.13,D
50.42663,-67.69283,300.42,4.22,1.9,2025-08-16,1737,Aqua,MODIS,34,6.1NRT,284.58,19.06,D
51.04162,-65.93696,300.82,3.32,1.72,2025-08-16,1737,Aqua,MODIS,15,6.1NRT,285.71,17.56,D
51.17862,-65.39375,300,3.09,1.67,2025-08-16,1737,Aqua,MODIS,7,6.1NRT,285.49,14.01,D
62.11642,-112.87164,309.99,3.25,1.7,2025-08-16,1906,Terra,MODIS,0,6.1NRT,291.22,39.68,D
61.60791,-117.40762,334.23,2.45,1.51,2025-08-16,1906,Terra,MODIS,31,6.1NRT,290.49,104.04,D
61.69568,-117.61069,311.6,2.39,1.49,2025-08-16,1906,Terra,MODIS,40,6.1NRT,294.42,26.9,D
61.66418,-117.44244,395,2.43,1.5,2025-08-16,1906,Terra,MODIS,100,6.1NRT,299.94,798.67,D
61.64991,-117.40306,335.42,2.44,1.51,2025-08-16,1906,Terra,MODIS,84,6.1NRT,293.31,116.73,D
61.66093,-117.44175,394.95,2.43,1.5,2025-08-16,1906,Terra,MODIS,94,6.1NRT,299.8,799.7,D
62.25283,-117.8365,303.58,2.22,1.44,2025-08-16,1906,Terra,MODIS,46,6.1NRT,289.94,13.53,D
62.23743,-117.45248,314.75,2.29,1.46,2025-08-16,1906,Terra,MODIS,54,6.1NRT,289.55,30.19,D
62.38688,-117.99825,310.2,2.16,1.43,2025-08-16,1906,Terra,MODIS,63,6.1NRT,278.61,26.46,D
62.39648,-118.03374,323.6,2.15,1.43,2025-08-16,1906,Terra,MODIS,82,6.1NRT,283.55,62.51,D
62.39784,-117.98459,343.61,2.16,1.43,2025-08-16,1906,Terra,MODIS,93,6.1NRT,286.48,142.62,D
62.40742,-118.0201,356.91,2.15,1.43,2025-08-16,1906,Terra,MODIS,98,6.1NRT,288.99,229.88,D
62.41696,-118.05555,326.87,2.15,1.42,2025-08-16,1906,Terra,MODIS,61,6.1NRT,284.03,64.75,D
62.42791,-118.04198,355.83,2.15,1.42,2025-08-16,1906,Terra,MODIS,82,6.1NRT,289.26,213.67,D
62.44978,-118.01481,324.73,2.15,1.42,2025-08-16,1906,Terra,MODIS,0,6.1NRT,281.86,62.05,D
62.2392,-117.24312,353.63,2.32,1.47,2025-08-16,1906,Terra,MODIS,0,6.1NRT,291.87,233.04,D
62.24975,-117.28063,383.75,2.31,1.47,2025-08-16,1906,Terra,MODIS,0,6.1NRT,292.08,564.28,D
62.10872,-116.50986,325.74,2.49,1.52,2025-08-16,1906,Terra,MODIS,0,6.1NRT,294.77,79.27,D
62.33778,-117.2699,331.95,2.29,1.47,2025-08-16,1906,Terra,MODIS,0,6.1NRT,294.43,88.94,D
62.34895,-117.25557,321.38,2.29,1.47,2025-08-16,1906,Terra,MODIS,0,6.1NRT,295.48,50.46,D
62.30423,-117.15216,312.04,2.32,1.47,2025-08-16,1906,Terra,MODIS,0,6.1NRT,293.42,24.7,D
62.34706,-117.2503,326.98,2.29,1.47,2025-08-16,1906,Terra,MODIS,0,6.1NRT,295.63,69.89,D
62.50108,-117.09758,315.62,2.29,1.46,2025-08-16,1906,Terra,MODIS,0,6.1NRT,292.93,34.58,D
62.16974,-115.72948,328.33,2.62,1.55,2025-08-16,1906,Terra,MODIS,85,6.1NRT,295.39,91.58,D
62.18142,-115.71387,327.29,2.62,1.55,2025-08-16,1906,Terra,MODIS,80,6.1NRT,294.95,86.89,D
65.71661,-123.87557,300.12,1.14,1.07,2025-08-16,1906,Terra,MODIS,0,6.1NRT,272.4,8.5,D
65.72089,-123.89793,310.46,1.14,1.06,2025-08-16,1906,Terra,MODIS,61,6.1NRT,275.68,15.71,D
66.16428,-126.30172,322.24,1.04,1.02,2025-08-16,1906,Terra,MODIS,81,6.1NRT,291.94,20.69,D
65.65812,-116.88043,315.54,1.69,1.28,2025-08-16,1906,Terra,MODIS,0,6.1NRT,292.44,24.44,D
65.54703,-116.03223,310.21,1.8,1.32,2025-08-16,1906,Terra,MODIS,0,6.1NRT,294.91,15.91,D
46.9763,-66.47665,310.7,1.98,1.37,2025-08-16,1913,Aqua,MODIS,62,6.1NRT,298.84,15.1,D
46.99366,-66.48742,394.33,1.98,1.37,2025-08-16,1913,Aqua,MODIS,100,6.1NRT,309.65,586.45,D
46.9816,-66.48516,341.69,1.98,1.37,2025-08-16,1913,Aqua,MODIS,92,6.1NRT,302.1,113.02,D
67.61184,-105.11086,301.03,1.96,1.37,2025-08-16,1919,Aqua,MODIS,21,6.1NRT,288.78,4.16,D
49.84097,-98.34072,311.11,1.06,1.03,2025-08-16,2051,Aqua,MODIS,67,6.1NRT,295.45,7.83,D
49.83203,-98.33797,331.05,1.06,1.03,2025-08-16,2051,Aqua,MODIS,86,6.1NRT,297.76,29.58,D
49.83022,-98.35223,308.73,1.06,1.03,2025-08-16,2051,Aqua,MODIS,58,6.1NRT,295.26,5.92,D
59.49048,-111.75995,362.61,1.25,1.11,2025-08-16,2055,Aqua,MODIS,100,6.1NRT,297,125.16,D
59.48638,-111.78027,322.78,1.25,1.11,2025-08-16,2055,Aqua,MODIS,82,6.1NRT,295.56,23.8,D
60.8252,-113.6048,390.08,1.31,1.13,2025-08-16,2055,Aqua,MODIS,100,6.1NRT,300.1,288.8,D
60.82059,-113.62659,387.23,1.31,1.13,2025-08-16,2055,Aqua,MODIS,100,6.1NRT,300.44,269.36,D
60.82981,-113.6349,320.07,1.31,1.13,2025-08-16,2055,Aqua,MODIS,66,6.1NRT,290.77,22.48,D
61.93116,-109.75518,309.74,1.03,1.02,2025-08-16,2055,Aqua,MODIS,49,6.1NRT,295.39,7.11,D
61.92804,-109.7734,321.64,1.03,1.02,2025-08-16,2055,Aqua,MODIS,60,6.1NRT,300.35,18.04,D
59.47721,-111.77302,332.52,1.25,1.11,2025-08-16,2055,Aqua,MODIS,88,6.1NRT,297.73,38.05,D
59.51626,-102.50501,311.62,1.07,1.03,2025-08-16,2055,Aqua,MODIS,46,6.1NRT,290.93,9.37,D
59.36896,-111.56573,317.51,1.24,1.11,2025-08-16,2055,Aqua,MODIS,78,6.1NRT,293.74,18.61,D
59.36487,-111.58587,308.74,1.25,1.11,2025-08-16,2055,Aqua,MODIS,45,6.1NRT,295.64,8.59,D
59.48542,-111.73242,315.19,1.25,1.11,2025-08-16,2055,Aqua,MODIS,45,6.1NRT,297.32,12.31,D
59.48132,-111.7527,415.77,1.25,1.11,2025-08-16,2055,Aqua,MODIS,100,6.1NRT,308.34,496.69,D
59.45745,-102.52745,302.34,1.07,1.03,2025-08-16,2055,Aqua,MODIS,30,6.1NRT,290.32,3.25,D
62.42363,-118.03704,339.51,1.58,1.24,2025-08-16,2057,Aqua,MODIS,58,6.1NRT,289.4,66.95,D
62.13522,-112.86187,375.75,1.16,1.07,2025-08-16,2057,Aqua,MODIS,87,6.1NRT,305.6,159.61,D
62.1313,-112.88206,368.78,1.16,1.07,2025-08-16,2057,Aqua,MODIS,75,6.1NRT,303.26,128.9,D
62.12735,-112.9024,338,1.16,1.07,2025-08-16,2057,Aqua,MODIS,62,6.1NRT,299.63,41.25,D
62.10028,-113.22095,327.11,1.18,1.08,2025-08-16,2057,Aqua,MODIS,0,6.1NRT,298.41,26.96,D
62.09618,-113.24159,319.65,1.19,1.08,2025-08-16,2057,Aqua,MODIS,40,6.1NRT,297.72,17.61,D
62.46642,-116.87177,307.09,1.45,1.19,2025-08-16,2057,Aqua,MODIS,64,6.1NRT,293.04,8.4,D
62.41726,-118.06401,441.33,1.58,1.24,2025-08-16,2057,Aqua,MODIS,100,6.1NRT,305.06,1171.25,D
62.41086,-118.09101,348.8,1.58,1.24,2025-08-16,2057,Aqua,MODIS,95,6.1NRT,288.12,107.66,D
62.41528,-118.03149,349.49,1.58,1.24,2025-08-16,2057,Aqua,MODIS,84,6.1NRT,292.25,103.48,D
62.40881,-118.05831,345.02,1.58,1.24,2025-08-16,2057,Aqua,MODIS,91,6.1NRT,290.9,89,D
62.60943,-117.26173,325.26,1.47,1.2,2025-08-16,2057,Aqua,MODIS,0,6.1NRT,292.41,34.55,D
62.42504,-118.04234,352.53,1.58,1.24,2025-08-16,2057,Aqua,MODIS,89,6.1NRT,288.45,116.32,D
62.41857,-118.06921,441.69,1.58,1.24,2025-08-16,2057,Aqua,MODIS,100,6.1NRT,304.36,1178.68,D
62.56548,-117.50185,339.39,1.5,1.21,2025-08-16,2057,Aqua,MODIS,0,6.1NRT,294.15,72.87,D
62.55944,-117.52762,340.65,1.5,1.21,2025-08-16,2057,Aqua,MODIS,0,6.1NRT,295.56,78.11,D
62.42834,-118.0801,337.16,1.58,1.24,2025-08-16,2057,Aqua,MODIS,83,6.1NRT,284.83,64.37,D
62.45098,-118.03725,336.26,1.57,1.24,2025-08-16,2057,Aqua,MODIS,33,6.1NRT,287.36,61.8,D
62.4381,-118.09101,323.66,1.58,1.24,2025-08-16,2057,Aqua,MODIS,41,6.1NRT,283.72,33.27,D
62.43163,-118.11797,348.87,1.58,1.24,2025-08-16,2057,Aqua,MODIS,95,6.1NRT,287.94,109.7,D
62.62624,-117.34359,322.83,1.48,1.2,2025-08-16,2057,Aqua,MODIS,0,6.1NRT,292.34,33.09,D
62.4414,-118.12891,344.46,1.58,1.24,2025-08-16,2057,Aqua,MODIS,94,6.1NRT,286.41,91.27,D
62.43493,-118.1559,328.29,1.59,1.24,2025-08-16,2057,Aqua,MODIS,56,6.1NRT,284.7,44.38,D
62.53331,-117.79371,321.02,1.54,1.22,2025-08-16,2057,Aqua,MODIS,55,6.1NRT,291.47,28.58,D
62.45118,-118.13983,333.47,1.58,1.24,2025-08-16,2057,Aqua,MODIS,76,6.1NRT,279.91,57.34,D
62.44471,-118.16687,368.38,1.59,1.24,2025-08-16,2057,Aqua,MODIS,94,6.1NRT,288.06,211.94,D
62.54914,-117.77815,350.93,1.53,1.22,2025-08-16,2057,Aqua,MODIS,82,6.1NRT,289.73,110.29,D
62.97575,-117.43665,350.3,1.45,1.19,2025-08-16,2057,Aqua,MODIS,60,6.1NRT,297.42,95.42,D
62.95827,-117.5123,367.25,1.46,1.19,2025-08-16,2057,Aqua,MODIS,65,6.1NRT,287.8,178,D
62.98515,-117.4472,337.16,1.45,1.19,2025-08-16,2057,Aqua,MODIS,40,6.1NRT,292.01,56.98,D
65.40907,-121.32656,303.76,1.51,1.21,2025-08-16,2057,Aqua,MODIS,57,6.1NRT,281.03,12.34,D
62.24504,-117.82693,323.33,1.58,1.24,2025-08-16,2057,Aqua,MODIS,82,6.1NRT,296.9,34.55,D
62.2548,-117.83778,315.36,1.58,1.24,2025-08-16,2057,Aqua,MODIS,29,6.1NRT,296.63,17.98,D
62.46089,-117.02611,309.73,1.46,1.2,2025-08-16,2057,Aqua,MODIS,65,6.1NRT,295.59,9.12,D
62.29814,-117.82247,357.48,1.57,1.23,2025-08-16,2057,Aqua,MODIS,99,6.1NRT,301.02,139.89,D
62.29181,-117.84898,337.92,1.57,1.24,2025-08-16,2057,Aqua,MODIS,68,6.1NRT,299.99,63.37,D
62.30789,-117.83322,324.18,1.57,1.23,2025-08-16,2057,Aqua,MODIS,81,6.1NRT,298.6,29.93,D
62.29861,-117.92393,314.02,1.58,1.24,2025-08-16,2057,Aqua,MODIS,0,6.1NRT,290.4,17.25,D
62.52738,-117.09793,332.42,1.46,1.2,2025-08-16,2057,Aqua,MODIS,0,6.1NRT,298.26,48.84,D
62.53748,-117.08501,327.48,1.46,1.19,2025-08-16,2057,Aqua,MODIS,0,6.1NRT,295.41,37.81,D
62.55066,-117.13068,311.42,1.46,1.2,2025-08-16,2057,Aqua,MODIS,0,6.1NRT,293.64,13.31,D
62.40075,-117.97755,333.98,1.57,1.24,2025-08-16,2057,Aqua,MODIS,83,6.1NRT,294.39,56.65,D
62.39437,-118.00439,364.41,1.58,1.24,2025-08-16,2057,Aqua,MODIS,100,6.1NRT,297.65,183.57,D
62.58656,-117.23281,304.01,1.47,1.2,2025-08-16,2057,Aqua,MODIS,0,6.1NRT,291.55,5.23,D
62.58076,-117.25815,309.1,1.47,1.2,2025-08-16,2057,Aqua,MODIS,51,6.1NRT,293.47,10.4,D
62.4105,-117.9884,320.3,1.57,1.24,2025-08-16,2057,Aqua,MODIS,51,6.1NRT,293.07,25.74,D
62.40412,-118.01528,347.55,1.58,1.24,2025-08-16,2057,Aqua,MODIS,95,6.1NRT,294.14,103.42,D
62.41388,-118.02616,347.64,1.58,1.24,2025-08-16,2057,Aqua,MODIS,95,6.1NRT,292.12,98.89,D
62.40749,-118.05309,351.98,1.58,1.24,2025-08-16,2057,Aqua,MODIS,97,6.1NRT,289.84,118.52,D
62.60556,-117.25362,333.37,1.47,1.2,2025-08-16,2057,Aqua,MODIS,0,6.1NRT,293.78,53.27,D
62.25135,-117.80032,318.91,1.57,1.24,2025-08-16,2057,Aqua,MODIS,79,6.1NRT,296.52,24.53,D
62.10914,-113.22898,333,1.18,1.08,2025-08-16,2057,Aqua,MODIS,64,6.1NRT,299.83,36,D
62.10503,-113.24966,342.21,1.19,1.08,2025-08-16,2057,Aqua,MODIS,79,6.1NRT,299.61,53.06,D
62.11801,-113.23692,334.94,1.18,1.08,2025-08-16,2057,Aqua,MODIS,52,6.1NRT,299.08,36.33,D
62.22857,-112.83102,310.1,1.15,1.07,2025-08-16,2057,Aqua,MODIS,0,6.1NRT,294.99,6.31,D
62.30394,-112.73992,367.18,1.14,1.07,2025-08-16,2057,Aqua,MODIS,97,6.1NRT,299.52,0,D
62.26379,-113.15839,321.88,1.17,1.08,2025-08-16,2057,Aqua,MODIS,0,6.1NRT,297.91,20.46,D
61.67989,-117.48098,363.04,1.61,1.25,2025-08-16,2057,Aqua,MODIS,0,6.1NRT,267.8,194.51,D
62.15708,-115.65077,404.54,1.37,1.16,2025-08-16,2057,Aqua,MODIS,0,6.1NRT,296.35,433.49,D
62.15197,-115.67422,386.38,1.37,1.16,2025-08-16,2057,Aqua,MODIS,75,6.1NRT,295.18,271.89,D
62.15416,-115.65256,419.91,1.37,1.16,2025-08-16,2057,Aqua,MODIS,94,6.1NRT,305.26,609.95,D
62.14898,-115.67596,360.6,1.37,1.16,2025-08-16,2057,Aqua,MODIS,100,6.1NRT,297.42,122.25,D
62.16758,-115.69482,339.71,1.37,1.16,2025-08-16,2057,Aqua,MODIS,0,6.1NRT,294.09,54,D
62.18621,-115.71359,350.84,1.37,1.16,2025-08-16,2057,Aqua,MODIS,73,6.1NRT,294.77,91.54,D
62.18101,-115.73724,357.02,1.37,1.16,2025-08-16,2057,Aqua,MODIS,86,6.1NRT,296.71,111.29,D
62.15126,-116.02752,308.67,1.4,1.17,2025-08-16,2057,Aqua,MODIS,53,6.1NRT,292.44,5.15,D
62.08072,-116.34358,403.81,1.44,1.19,2025-08-16,2057,Aqua,MODIS,100,6.1NRT,308.18,0,D
62.20162,-115.90311,327.17,1.39,1.17,2025-08-16,2057,Aqua,MODIS,0,6.1NRT,296.65,29.58,D
62.10124,-116.49365,369.12,1.45,1.19,2025-08-16,2057,Aqua,MODIS,99,6.1NRT,303.58,0,D
62.27259,-115.77972,322.7,1.37,1.16,2025-08-16,2057,Aqua,MODIS,0,6.1NRT,292.14,28.73,D
62.12756,-116.42949,310.05,1.44,1.19,2025-08-16,2057,Aqua,MODIS,0,6.1NRT,290.9,8.62,D
62.13147,-116.464,314.51,1.45,1.19,2025-08-16,2057,Aqua,MODIS,0,6.1NRT,293.15,15,D
62.12587,-116.4887,319.65,1.45,1.19,2025-08-16,2057,Aqua,MODIS,0,6.1NRT,294.82,21.8,D
62.31491,-115.88577,311.22,1.37,1.16,2025-08-16,2057,Aqua,MODIS,53,6.1NRT,296.54,9.6,D
62.30967,-115.9094,311.19,1.37,1.16,2025-08-16,2057,Aqua,MODIS,63,6.1NRT,294.05,9.16,D
62.12243,-116.73643,316.02,1.47,1.2,2025-08-16,2057,Aqua,MODIS,0,6.1NRT,296.6,17.8,D
62.34924,-116.34061,310.87,1.41,1.18,2025-08-16,2057,Aqua,MODIS,37,6.1NRT,293.23,10.52,D
62.35864,-116.35037,356.91,1.41,1.18,2025-08-16,2057,Aqua,MODIS,93,6.1NRT,297.86,122.93,D
62.35324,-116.3745,333.75,1.41,1.18,2025-08-16,2057,Aqua,MODIS,88,6.1NRT,296.79,49.03,D
62.24688,-117.22845,352.79,1.51,1.21,2025-08-16,2057,Aqua,MODIS,0,6.1NRT,299.39,114.12,D
62.26844,-117.18742,343.31,1.5,1.21,2025-08-16,2057,Aqua,MODIS,0,6.1NRT,295.57,78.14,D
62.25051,-117.26462,384.31,1.51,1.21,2025-08-16,2057,Aqua,MODIS,75,6.1NRT,303.51,308.58,D
62.24449,-117.29044,416.68,1.52,1.22,2025-08-16,2057,Aqua,MODIS,0,6.1NRT,310.95,673.38,D
62.20797,-117.44658,328.89,1.54,1.22,2025-08-16,2057,Aqua,MODIS,24,6.1NRT,295.83,40.29,D
62.43752,-116.49753,306.07,1.42,1.18,2025-08-16,2057,Aqua,MODIS,61,6.1NRT,293.54,8.04,D
62.2721,-117.22346,347.25,1.51,1.21,2025-08-16,2057,Aqua,MODIS,82,6.1NRT,295.95,95.08,D
62.26612,-117.24923,335.87,1.51,1.21,2025-08-16,2057,Aqua,MODIS,78,6.1NRT,296.2,61.16,D
62.26013,-117.27503,384.97,1.51,1.21,2025-08-16,2057,Aqua,MODIS,94,6.1NRT,297.96,313.21,D
62.25412,-117.30088,400.75,1.52,1.22,2025-08-16,2057,Aqua,MODIS,94,6.1NRT,302.79,469.72,D
62.2481,-117.32678,319.87,1.52,1.22,2025-08-16,2057,Aqua,MODIS,60,6.1NRT,295.09,27.14,D
62.26376,-117.31132,381.52,1.52,1.22,2025-08-16,2057,Aqua,MODIS,100,6.1NRT,295.98,287.2,D
62.25774,-117.33723,370,1.52,1.22,2025-08-16,2057,Aqua,MODIS,94,6.1NRT,297.86,208.08,D
62.24315,-117.45194,357.04,1.54,1.22,2025-08-16,2057,Aqua,MODIS,93,6.1NRT,299.27,133.78,D
62.23704,-117.47816,369.24,1.54,1.22,2025-08-16,2057,Aqua,MODIS,94,6.1NRT,302.82,198.59,D
62.25283,-117.46245,342.06,1.54,1.22,2025-08-16,2057,Aqua,MODIS,93,6.1NRT,296.4,74.47,D
62.24673,-117.48869,341.46,1.54,1.22,2025-08-16,2057,Aqua,MODIS,92,6.1NRT,297.22,71.05,D
62.24575,-117.46224,368.64,1.54,1.22,2025-08-16,2057,Aqua,MODIS,100,6.1NRT,301.4,196.18,D
62.23956,-117.48838,345.4,1.54,1.22,2025-08-16,2057,Aqua,MODIS,94,6.1NRT,301.22,84.3,D
62.24925,-117.4989,330.5,1.54,1.22,2025-08-16,2057,Aqua,MODIS,82,6.1NRT,296.68,41.68,D
62.25894,-117.50942,333.98,1.54,1.22,2025-08-16,2057,Aqua,MODIS,84,6.1NRT,296.95,51.13,D
62.25274,-117.53562,319.07,1.54,1.22,2025-08-16,2057,Aqua,MODIS,70,6.1NRT,299.36,18.33,D
62.32103,-117.34838,365.46,1.51,1.21,2025-08-16,2057,Aqua,MODIS,0,6.1NRT,299.73,176.48,D
62.47207,-116.84683,304.98,1.45,1.19,2025-08-16,2057,Aqua,MODIS,60,6.1NRT,292.45,6.05,D
62.15299,-115.68848,381.08,2.86,1.61,2025-08-16,2233,Aqua,MODIS,0,6.1NRT,293.61,711.36,D
62.35222,-116.36452,330.09,2.7,1.57,2025-08-16,2233,Aqua,MODIS,63,6.1NRT,293.9,110.45,D
62.35633,-116.36893,332.52,2.7,1.57,2025-08-16,2233,Aqua,MODIS,77,6.1NRT,295.73,125.81,D
62.30019,-117.85741,315.08,2.37,1.49,2025-08-16,2233,Aqua,MODIS,57,6.1NRT,282.41,46.33,D
62.3382,-117.26058,338.62,2.5,1.52,2025-08-16,2233,Aqua,MODIS,0,6.1NRT,295.44,145.72,D
62.3755,-116.6278,359.28,2.64,1.56,2025-08-16,2233,Aqua,MODIS,75,6.1NRT,291.06,337.08,D
62.3875,-116.6802,417.81,2.63,1.56,2025-08-16,2233,Aqua,MODIS,71,6.1NRT,284.61,1537.26,D
62.39706,-118.02216,316.04,2.34,1.48,2025-08-16,2233,Aqua,MODIS,49,6.1NRT,287.15,42.64,D
62.42116,-118.07214,344.07,2.33,1.48,2025-08-16,2233,Aqua,MODIS,61,6.1NRT,289.48,152.87,D
62.45395,-118.21285,335.74,2.3,1.47,2025-08-16,2233,Aqua,MODIS,84,6.1NRT,278.99,121.03,D
62.46692,-118.21563,351.92,2.3,1.47,2025-08-16,2233,Aqua,MODIS,73,6.1NRT,279.4,218,D
62.54028,-117.68946,321.78,2.42,1.5,2025-08-16,2233,Aqua,MODIS,0,6.1NRT,286,65.14,D
62.53827,-117.73563,341.04,2.41,1.5,2025-08-16,2233,Aqua,MODIS,0,6.1NRT,289.15,156.16,D
62.54853,-117.74664,327.87,2.41,1.5,2025-08-16,2233,Aqua,MODIS,0,6.1NRT,284.55,86.06,D
62.60914,-117.23572,340.03,2.52,1.53,2025-08-16,2233,Aqua,MODIS,69,6.1NRT,291.24,159.37,D
62.60728,-117.28407,352.5,2.51,1.52,2025-08-16,2233,Aqua,MODIS,0,6.1NRT,291.27,249.65,D
62.61887,-117.33465,308.2,2.5,1.52,2025-08-16,2233,Aqua,MODIS,0,6.1NRT,287.42,25.27,D
62.91631,-117.51153,319.58,2.48,1.52,2025-08-16,2233,Aqua,MODIS,0,6.1NRT,284.1,56.54,D
62.97377,-117.42551,360.99,2.5,1.52,2025-08-16,2233,Aqua,MODIS,65,6.1NRT,284.43,335.07,D
62.97186,-117.47388,363.18,2.49,1.52,2025-08-16,2233,Aqua,MODIS,0,6.1NRT,289.47,355.34,D
62.98724,-117.42786,366.49,2.5,1.52,2025-08-16,2233,Aqua,MODIS,0,6.1NRT,283.51,396.87,D
62.26567,-117.52548,320.45,2.44,1.51,2025-08-16,2233,Aqua,MODIS,69,6.1NRT,285.11,54.34,D
62.16892,-115.63596,352.24,2.87,1.62,2025-08-16,2233,Aqua,MODIS,0,6.1NRT,288.69,301.92,D
62.16729,-115.69018,402.3,2.86,1.61,2025-08-16,2233,Aqua,MODIS,65,6.1NRT,295.26,1215.17,D
62.17992,-115.74589,352.91,2.84,1.61,2025-08-16,2233,Aqua,MODIS,63,6.1NRT,294.61,297.53,D
62.16919,-115.69408,381.06,2.86,1.61,2025-08-16,2233,Aqua,MODIS,0,6.1NRT,293.12,713.9,D
62.16774,-115.74785,338.74,2.84,1.61,2025-08-16,2233,Aqua,MODIS,0,6.1NRT,295.55,172.15,D
62.18201,-115.74994,341.31,2.84,1.61,2025-08-16,2233,Aqua,MODIS,60,6.1NRT,293.81,194.35,D
62.25037,-117.24061,347.28,2.5,1.52,2025-08-16,2233,Aqua,MODIS,0,6.1NRT,293.76,200.77,D
62.2485,-117.2877,363.72,2.49,1.52,2025-08-16,2233,Aqua,MODIS,0,6.1NRT,297.1,355.09,D
62.24096,-117.47405,353.42,2.45,1.51,2025-08-16,2233,Aqua,MODIS,97,6.1NRT,285.79,245.49,D
62.26194,-117.2902,397.33,2.49,1.52,2025-08-16,2233,Aqua,MODIS,89,6.1NRT,300.82,883.35,D
62.26491,-117.84653,303.4,2.37,1.49,2025-08-16,2233,Aqua,MODIS,49,6.1NRT,277.25,21.66,D
62.25237,-117.52279,342.73,2.44,1.51,2025-08-16,2233,Aqua,MODIS,91,6.1NRT,289.8,163.15,D
62.25429,-117.47672,367.14,2.45,1.51,2025-08-16,2233,Aqua,MODIS,100,6.1NRT,288.61,379.22,D
62.26383,-117.24309,349.84,2.5,1.52,2025-08-16,2233,Aqua,MODIS,62,6.1NRT,293.77,216.47,D
62.26004,-117.33711,342.43,2.48,1.52,2025-08-16,2233,Aqua,MODIS,68,6.1NRT,286.68,161.29,D
60.82158,-113.6751,312.88,3.35,1.73,2025-08-16,2233,Aqua,MODIS,53,6.1NRT,281.93,64.97,D
62.09798,-113.27031,318.27,3.53,1.77,2025-08-16,2233,Aqua,MODIS,0,6.1NRT,294.31,81.12,D
62.11281,-113.33766,321.38,3.51,1.76,2025-08-16,2233,Aqua,MODIS,50,6.1NRT,294.33,87.79,D
62.07083,-115.8826,331.45,2.8,1.6,2025-08-16,2233,Aqua,MODIS,0,6.1NRT,292.54,117.29,D
62.12521,-113.28094,335.74,3.53,1.77,2025-08-16,2233,Aqua,MODIS,0,6.1NRT,293.56,196.84,D
62.07558,-115.89217,322.55,2.8,1.6,2025-08-16,2233,Aqua,MODIS,0,6.1NRT,292.99,75.03,D
62.15459,-115.63406,364.63,2.87,1.62,2025-08-16,2233,Aqua,MODIS,0,6.1NRT,292.37,448.35,D
47.87064,-53.19568,308.61,1.65,1.26,2025-08-16,2346,Terra,MODIS,62,6.1NRT,281.39,23.73,N
47.30341,-66.09621,318.64,1.26,1.12,2025-08-17,0124,Terra,MODIS,97,6.1NRT,291.8,23.94,N
46.99021,-66.4798,322.33,1.21,1.09,2025-08-17,0124,Terra,MODIS,100,6.1NRT,293.54,27.5,N
47.00138,-66.46684,352.38,1.21,1.09,2025-08-17,0124,Terra,MODIS,100,6.1NRT,301.87,90.38,N
46.9998,-66.4821,347.35,1.21,1.09,2025-08-17,0124,Terra,MODIS,100,6.1NRT,295.54,76.39,N
47.3028,-66.09032,308.93,1.26,1.12,2025-08-17,0124,Terra,MODIS,76,6.1NRT,290.69,13.32,N
47.30111,-66.1067,316.18,1.26,1.12,2025-08-17,0124,Terra,MODIS,93,6.1NRT,291.21,20.75,N
47.29941,-66.12307,319.66,1.26,1.11,2025-08-17,0124,Terra,MODIS,99,6.1NRT,291.01,24.62,N
47.30179,-66.11263,312.43,1.26,1.12,2025-08-17,0124,Terra,MODIS,85,6.1NRT,290.92,16.21,N
48.95885,-64.7617,321.09,1.52,1.22,2025-08-17,0124,Terra,MODIS,100,6.1NRT,288.49,36.97,N
47.71904,-66.29693,323.65,1.25,1.11,2025-08-17,0124,Terra,MODIS,100,6.1NRT,289.56,30.56,N
47.72074,-66.28037,373.48,1.25,1.11,2025-08-17,0124,Terra,MODIS,100,6.1NRT,292.96,179.91,N
47.72244,-66.26375,311.12,1.26,1.11,2025-08-17,0124,Terra,MODIS,82,6.1NRT,289.7,15.65,N
47.70929,-66.29455,392.33,1.25,1.11,2025-08-17,0124,Terra,MODIS,100,6.1NRT,297.52,293.94,N
47.711,-66.27785,372.78,1.25,1.11,2025-08-17,0124,Terra,MODIS,100,6.1NRT,295.98,176.49,N
47.30016,-66.12903,314.89,1.26,1.11,2025-08-17,0124,Terra,MODIS,90,6.1NRT,290.85,18.94,N
44.67292,-65.17747,350.37,1.29,1.13,2025-08-17,0124,Terra,MODIS,100,6.1NRT,297.75,91.26,N
44.67134,-65.1933,327.93,1.28,1.12,2025-08-17,0124,Terra,MODIS,96,6.1NRT,292.84,37.04,N
44.68282,-65.17948,395.27,1.29,1.13,2025-08-17,0124,Terra,MODIS,100,6.1NRT,302.57,327.78,N
44.68123,-65.1953,333.56,1.28,1.12,2025-08-17,0124,Terra,MODIS,100,6.1NRT,292.84,49.2,N
44.67964,-65.21109,307.09,1.28,1.12,2025-08-17,0124,Terra,MODIS,9,6.1NRT,290.67,11.87,N
44.67806,-65.22678,342.98,1.28,1.12,2025-08-17,0124,Terra,MODIS,100,6.1NRT,295.83,71.63,N
44.67647,-65.24259,328.01,1.28,1.12,2025-08-17,0124,Terra,MODIS,100,6.1NRT,289.21,39.47,N
46.98939,-66.45767,315.08,1.21,1.09,2025-08-17,0124,Terra,MODIS,91,6.1NRT,292.59,18.39,N
46.98777,-66.47285,329.95,1.21,1.09,2025-08-17,0124,Terra,MODIS,100,6.1NRT,294.61,39.43,N
46.99179,-66.46449,329.48,1.21,1.09,2025-08-17,0124,Terra,MODIS,100,6.1NRT,295.9,38.23,N
62.55709,-117.80199,331.55,2.18,1.43,2025-08-17,0306,Terra,MODIS,100,6.1NRT,283.66,99.38,D
62.54615,-117.78798,328.89,2.18,1.43,2025-08-17,0306,Terra,MODIS,100,6.1NRT,286.31,87.85,D
62.55336,-117.65273,305.44,2.15,1.43,2025-08-17,0306,Terra,MODIS,10,6.1NRT,282.15,23.34,D
63.94679,-114.03778,303.87,1.47,1.2,2025-08-17,0306,Terra,MODIS,57,6.1NRT,281.75,15.2,D
62.56682,-117.76594,306.16,2.17,1.43,2025-08-17,0306,Terra,MODIS,25,6.1NRT,281.93,22.62,D
65.56384,-116.0465,306.89,1.46,1.19,2025-08-17,0308,Terra,MODIS,70,6.1NRT,283.8,16.93,D
65.65337,-116.87742,304.35,1.52,1.22,2025-08-17,0308,Terra,MODIS,47,6.1NRT,282.56,13.68,D
62.4699,-118.22466,321.46,1.55,1.23,2025-08-17,0444,Terra,MODIS,100,6.1NRT,280.62,41,N
62.08465,-116.36995,320.08,1.79,1.31,2025-08-17,0444,Terra,MODIS,90,6.1NRT,271.28,0,N
62.47183,-118.23019,321.66,1.55,1.23,2025-08-17,0444,Terra,MODIS,100,6.1NRT,281.24,40.51,N
66.15752,-126.31308,304.45,1.09,1.04,2025-08-17,0446,Terra,MODIS,45,6.1NRT,282.34,9.19,N
66.15119,-126.28383,303.91,1.09,1.04,2025-08-17,0446,Terra,MODIS,25,6.1NRT,282.13,9.72,N
65.71822,-123.89617,310.78,1.2,1.09,2025-08-17,0446,Terra,MODIS,47,6.1NRT,285.31,15.2,N
65.65982,-116.88142,307.41,1.9,1.35,2025-08-17,0446,Terra,MODIS,71,6.1NRT,283.49,28.28,N
44.68023,-65.189,305.87,2.35,1.48,2025-08-17,0707,Aqua,MODIS,30,6.1NRT,285.43,29.97,N
44.68229,-65.21809,308.81,2.36,1.48,2025-08-17,0707,Aqua,MODIS,26,6.1NRT,286,36.21,N
44.68095,-65.21345,307.84,2.36,1.48,2025-08-17,0707,Aqua,MODIS,38,6.1NRT,286.38,34.78,N
46.99752,-66.46284,311.08,2.94,1.63,2025-08-17,0707,Aqua,MODIS,82,6.1NRT,288.17,60.2,N
47.01192,-66.46082,300.83,2.94,1.63,2025-08-17,0707,Aqua,MODIS,34,6.1NRT,286.78,30.39,N
46.99869,-66.45392,312.37,2.94,1.63,2025-08-17,0707,Aqua,MODIS,85,6.1NRT,288.88,65.56,N
47.70908,-66.30251,305.85,3.35,1.73,2025-08-17,0843,Aqua,MODIS,38,6.1NRT,283.97,50.13,N
47.7219,-66.29092,341.15,3.35,1.73,2025-08-17,0843,Aqua,MODIS,100,6.1NRT,285.51,268.18,N
47.71055,-66.25046,333.04,3.37,1.73,2025-08-17,0843,Aqua,MODIS,100,6.1NRT,283.71,197.46,N
47.71199,-66.25308,334.39,3.37,1.73,2025-08-17,0843,Aqua,MODIS,100,6.1NRT,284.56,210.33,N
47.72322,-66.29398,334.76,3.35,1.73,2025-08-17,0843,Aqua,MODIS,100,6.1NRT,285.16,211.37,N
47.69796,-66.26217,306.05,3.37,1.73,2025-08-17,0843,Aqua,MODIS,41,6.1NRT,282.32,51.44,N
65.67595,-123.73326,310.75,1.16,1.07,2025-08-17,1157,Aqua,MODIS,61,6.1NRT,281.18,15.55,N
65.67868,-123.75747,307.07,1.16,1.07,2025-08-17,1157,Aqua,MODIS,35,6.1NRT,282.23,12.77,N
47.86945,-53.19397,354.26,1.04,1.02,2025-08-17,1316,Terra,MODIS,85,6.1NRT,298.37,71.1,D
47.86054,-53.19633,333.56,1.04,1.02,2025-08-17,1316,Terra,MODIS,0,6.1NRT,298.8,28.6,D
44.67751,-65.21008,325.24,3.21,1.7,2025-08-17,1457,Terra,MODIS,57,6.1NRT,290.52,111.19,D
44.67298,-65.2543,318.84,3.19,1.69,2025-08-17,1457,Terra,MODIS,48,6.1NRT,282.5,76.46,D
44.68213,-65.16602,337.57,3.23,1.7,2025-08-17,1457,Terra,MODIS,52,6.1NRT,294.44,191.61,D
44.66339,-65.21712,316.63,3.21,1.7,2025-08-17,1457,Terra,MODIS,25,6.1NRT,287.29,65.96,D
65.35631,-121.52464,314.08,1.19,1.08,2025-08-17,1809,Terra,MODIS,0,6.1NRT,280.95,16.12,D
65.66235,-116.88808,306.79,1.02,1.01,2025-08-17,1809,Terra,MODIS,0,6.1NRT,279.94,8.4,D
65.65955,-116.86722,318.46,1.02,1.01,2025-08-17,1809,Terra,MODIS,0,6.1NRT,288.14,16.55,D
65.4127,-115.90912,311.32,1,1,2025-08-17,1809,Terra,MODIS,61,6.1NRT,293.02,7.61,D
65.66901,-123.74604,311.54,1.36,1.16,2025-08-17,1809,Terra,MODIS,50,6.1NRT,290.45,12.91,D
65.65145,-123.66447,304.02,1.36,1.15,2025-08-17,1809,Terra,MODIS,15,6.1NRT,289.03,6.35,D
65.30315,-121.43092,304.61,1.18,1.08,2025-08-17,1809,Terra,MODIS,56,6.1NRT,276.36,9.74,D
44.68482,-65.1677,426.07,1.55,1.23,2025-08-17,1811,Aqua,MODIS,87,6.1NRT,313.09,844.05,D
44.66669,-65.20069,333.37,1.56,1.23,2025-08-17,1811,Aqua,MODIS,0,6.1NRT,299.7,53.1,D
44.67053,-65.18209,354.07,1.56,1.23,2025-08-17,1811,Aqua,MODIS,92,6.1NRT,300.1,126.42,D
44.67436,-65.16348,360.02,1.55,1.23,2025-08-17,1811,Aqua,MODIS,94,6.1NRT,297.93,154.26,D
44.65624,-65.19633,354.07,1.56,1.23,2025-08-17,1811,Aqua,MODIS,85,6.1NRT,299.5,126.56,D
44.66005,-65.17787,341.23,1.56,1.23,2025-08-17,1811,Aqua,MODIS,91,6.1NRT,298.59,77.45,D
44.66388,-65.15932,312.83,1.55,1.23,2025-08-17,1811,Aqua,MODIS,56,6.1NRT,296.11,13.61,D
56.08758,-116.84914,315.88,1.2,1.09,2025-08-17,1811,Terra,MODIS,76,6.1NRT,291.59,17.85,D
56.08424,-116.83126,317.52,1.2,1.09,2025-08-17,1811,Terra,MODIS,78,6.1NRT,292.03,19.62,D
44.64188,-65.21078,311.39,1.57,1.23,2025-08-17,1811,Aqua,MODIS,56,6.1NRT,296.08,12.38,D
44.7057,-65.17632,308.64,1.55,1.23,2025-08-17,1811,Aqua,MODIS,50,6.1NRT,293.07,8.32,D
44.67997,-65.24664,368.26,1.57,1.23,2025-08-17,1811,Aqua,MODIS,87,6.1NRT,302.6,204.58,D
44.6838,-65.22797,376.78,1.57,1.23,2025-08-17,1811,Aqua,MODIS,75,6.1NRT,301.75,260.93,D
44.66563,-65.26101,316.11,1.57,1.24,2025-08-17,1811,Aqua,MODIS,63,6.1NRT,295.95,19.64,D
44.67717,-65.20498,334.16,1.56,1.23,2025-08-17,1811,Aqua,MODIS,0,6.1NRT,299.44,54.87,D
47.84991,-53.21696,343.17,1.65,1.26,2025-08-17,1813,Aqua,MODIS,65,6.1NRT,296.77,93.62,D
47.84917,-53.22253,338.87,1.65,1.26,2025-08-17,1813,Aqua,MODIS,0,6.1NRT,295.82,79.16,D
66.76242,-112.87502,301.96,3.37,1.73,2025-08-17,1945,Terra,MODIS,0,6.1NRT,285.67,16.16,D
65.67518,-123.62406,310.81,2.06,1.4,2025-08-17,1947,Terra,MODIS,0,6.1NRT,292.3,21.77,D
65.67327,-123.74073,310.03,2.04,1.39,2025-08-17,1947,Terra,MODIS,13,6.1NRT,292.02,21.71,D
49.35886,-76.78263,300.62,1.96,1.37,2025-08-17,1951,Aqua,MODIS,33,6.1NRT,285.13,10.11,D
65.65647,-123.612,301.14,4.08,1.87,2025-08-17,2000,Aqua,MODIS,19,6.1NRT,288.12,23.81,D
50.20823,-119.32837,318.25,1.91,1.35,2025-08-17,2131,Aqua,MODIS,0,6.1NRT,300.23,27.46,D
55.59413,-110.21456,303.12,1.07,1.03,2025-08-17,2131,Aqua,MODIS,16,6.1NRT,290.63,3.28,D
53.83949,-113.12122,309.98,1.01,1,2025-08-17,2131,Aqua,MODIS,56,6.1NRT,299.32,5.41,D
62.39586,-116.71541,322.67,1,1,2025-08-17,2133,Aqua,MODIS,75,6.1NRT,293.31,17.29,D
62.35233,-116.35628,316.95,1.01,1,2025-08-17,2133,Aqua,MODIS,31,6.1NRT,288.47,12.78,D
62.39853,-116.69708,313.19,1,1,2025-08-17,2133,Aqua,MODIS,57,6.1NRT,292.57,8.95,D
62.48009,-117.10166,330.4,1,1,2025-08-17,2133,Aqua,MODIS,72,6.1NRT,292.21,26.87,D
62.47737,-117.11996,322.35,1,1,2025-08-17,2133,Aqua,MODIS,52,6.1NRT,290.2,17.95,D
62.53173,-117.08418,313.89,1,1,2025-08-17,2133,Aqua,MODIS,56,6.1NRT,296.04,9.71,D
56.03796,-116.86562,303.97,1.11,1.05,2025-08-17,2133,Aqua,MODIS,36,6.1NRT,293.04,3.33,D
57.04164,-111.61404,307.79,1.04,1.02,2025-08-17,2133,Aqua,MODIS,0,6.1NRT,295.09,4.54,D
65.72622,-123.8708,335.65,1.05,1.02,2025-08-17,2136,Aqua,MODIS,85,6.1NRT,292.76,36.64,D
65.30222,-121.42938,320.21,1.01,1,2025-08-17,2136,Aqua,MODIS,74,6.1NRT,284.15,17.4,D
65.66799,-123.7518,326.92,1.05,1.02,2025-08-17,2136,Aqua,MODIS,57,6.1NRT,298.31,19.17,D
65.70957,-123.85291,337.38,1.05,1.02,2025-08-17,2136,Aqua,MODIS,0,6.1NRT,295.24,37.18,D
65.72247,-123.8916,313.52,1.05,1.02,2025-08-17,2136,Aqua,MODIS,37,6.1NRT,292.6,10.09,D
65.65421,-123.6629,326.99,1.05,1.02,2025-08-17,2136,Aqua,MODIS,0,6.1NRT,296.5,20.26,D
65.55956,-116.05691,318.02,1.08,1.04,2025-08-17,2136,Aqua,MODIS,52,6.1NRT,289.95,15.76,D
65.49294,-115.90512,309.44,1.08,1.04,2025-08-17,2136,Aqua,MODIS,0,6.1NRT,288.38,8.07,D
65.44601,-115.89568,312.38,1.08,1.04,2025-08-17,2136,Aqua,MODIS,63,6.1NRT,296.99,10.16,D
65.7179,-123.86185,323.89,1.05,1.02,2025-08-17,2136,Aqua,MODIS,63,6.1NRT,294.68,20.92,D
