w_viirs,w_modis,w_landsat,p_85,r_85,f1_85,p_60,r_60,f1_60,p_40,r_40,f1_40
0.05,0.0,0.0,0.0,0.0,0.0,1.0,0.0006871414913957935,0.0013733393043737871,0.9999730079896351,0.0790575491668943,0.1465304475770089
0.05,0.0,0.05,1.0,0.005554749385413821,0.011048129182043712,1.0,0.011325030729308933,0.022396421299178123,0.9999769998619992,0.09277903919694072,0.16980350956675244
0.05,0.0,0.1,1.0,0.010191887462441956,0.020178121778513847,1.0,0.016820028680688336,0.0330835904216248,0.9999776840507911,0.09562363425293635,0.17455528525434394
0.05,0.0,0.15,1.0,0.013529431849221524,0.026697659533254165,1.0,0.020848982518437587,0.040846359991471175,0.9999782428963057,0.09807984498770828,0.17863847484307288
0.05,0.0,0.2,1.0,0.01631427547118274,0.03210478464177654,1.0,0.023527127151051624,0.04597264992191947,0.9999787730842709,0.10052965378311937,0.18269286703198262
0.05,0.0,0.25,1.0,0.01874701242829828,0.03680405871053828,1.0,0.025872370936902485,0.05043974605393442,0.9999792147325975,0.10266576754984977,0.1862133964495209
0.05,0.0,0.3,1.0,0.020859652417372303,0.040866836823214875,1.0,0.028230418601475005,0.054910685563790244,0.9999794888624524,0.10403791655285441,0.18846764934417296
0.05,0.0,0.35,1.0,0.022671401256487297,0.04433760683760684,1.0,0.029613237503414366,0.057523031804097534,0.9999798317971885,0.10580698579623053,0.19136573194053927
0.05,0.0,0.4,1.0,0.024299627833925155,0.04744632756591214,1.0,0.030789060366020214,0.05973881863877641,0.9999801054411619,0.10726236001092598,0.19374297756869216
0.05,0.0,0.45,1.0,0.0260302854411363,0.05073979942014035,1.0,0.0321484054903032,0.06229415328124581,0.9999801307397326,0.10739893471729035,0.1939657415061944
0.05,0.0,0.5,1.0,0.02748565965583174,0.05350081414282391,1.0,0.034004967904944006,0.06577331630010133,0.999980270296932,0.10815863152144223,0.1952038637147044
0.05,0.0,0.55,1.0,0.02878738732586725,0.05596372521769433,1.0,0.034226901802786126,0.06618838040883365,0.9999802718538539,0.10816716744059,0.19521776555612683
0.05,0.0,0.6,1.0,0.029666586998087954,0.05762367619323952,1.0,0.03597249726850587,0.06944681902917821,0.9999805110015396,0.10949450286806883,0.19737689909389736
0.05,0.0,0.65,1.0,0.030518044933078393,0.059228550306579496,1.0,0.03617095738869162,0.06981658215908296,0.9999805147990102,0.10951584266593826,0.1974115696566262
0.05,0.0,0.7,1.0,0.03130121551488664,0.06070237297113864,1.0,0.036205101065282706,0.06988018304110187,0.9999805166971905,0.10952651256487299,0.19742890443787098
0.05,0.0,0.75,1.0,0.03300199740508058,0.06389532157339906,1.0,0.03700107552581262,0.07136169170712033,0.999980518595001,0.1095371824638077,0.19744623888571544
0.05,0.0,0.8,1.0,0.033505616634799236,0.06483877028921618,1.0,0.03706722889920787,0.07148471741519165,0.9999805223895133,0.10955852226167714,0.19748090678124203
0.05,0.0,0.85,1.0,0.03482441614313029,0.0673049758004813,1.0,0.037120578393881457,0.07158392026386669,0.9999805223895133,0.10955852226167714,0.19748090678124203
0.05,0.0,0.9,1.0,0.03496525880906856,0.06756798551731674,1.0,0.038503397295820814,0.07415170214383614,0.9999805526924798,0.10972924064463262,0.19775820194642993
0.05,0.0,0.95,1.0,0.03543686834198306,0.06844814865193502,1.0,0.0385418089319858,0.0742229318078612,0.9999805542051531,0.10973777656378039,0.1977720644651397
0.05,0.05,0.0,0.0,0.0,0.0,1.0,0.004003346080305927,0.007974766410759983,0.9999132019789949,0.14750068287353182,0.2570787787270286
0.05,0.05,0.05,1.0,0.005904722070472548,0.011740121983558735,1.0,0.014905848811800055,0.029373855376340696,0.9999193743449165,0.15879370390603662,0.2740642252857138
0.05,0.05,0.1,1.0,0.010467170854957662,0.02071748822102033,1.0,0.020356033187653645,0.03989986343112056,0.9999207617437699,0.16157427956842393,0.278195723542196
0.05,0.05,0.15,1.0,0.0137983133023764,0.02722102240914047,1.0,0.024207866703086587,0.04727139380604727,0.9999219451274246,0.16402408836383503,0.28181939843476445
0.05,0.05,0.2,1.0,0.0165383433488118,0.032538552937076734,1.0,0.02679425020486206,0.0521901056604401,0.9999230818537274,0.16644828940180278,0.285390212087894
0.05,0.05,0.25,1.0,0.019013759901666212,0.03731796497723646,1.0,0.029034928981152692,0.05643137694052848,0.9999240073459565,0.16847557019939907,0.288364991790899
0.05,0.05,0.3,1.0,0.021045308658836383,0.04122306518695007,1.0,0.03132895725211691,0.06075453817488087,0.9999245909056632,0.16977943184922153,0.29027279659378225
0.05,0.05,0.35,1.0,0.022829315760721114,0.044639541336849525,1.0,0.032707508194482385,0.06334321758087347,0.9999253675647436,0.1715463671128107,0.2928513921625058
0.05,0.05,0.4,1.0,0.024470346216880635,0.047771702338176326,1.0,0.03387906309751434,0.06553776801710685,0.9999259853204219,0.17297826754984977,0.2949353524731977
0.05,0.05,0.45,1.0,0.026160458208139854,0.0509870712691867,1.0,0.03521493444414094,0.06803405413205252,0.9999260437081685,0.17311484225621415,0.2951338549160781
0.05,0.05,0.5,1.0,0.027539009150505327,0.05360187575413333,1.0,0.03708430073750341,0.07151646343721835,0.9999263677196083,0.17387667304015297,0.29624027893414584
0.05,0.05,0.55,1.0,0.028885550396066648,0.05614920023893277,1.0,0.03732117249385414,0.07195683166117049,0.9999263731409218,0.17388947691887463,0.2962588620250864
0.05,0.05,0.6,1.0,0.029692194755531275,0.05767198179564869,1.0,0.03906463397978694,0.07519192300899132,0.9999269308522298,0.17521681234635345,0.29818311235069594
0.05,0.05,0.65,1.0,0.030622609942638622,0.05942545728614083,1.0,0.03928229991805517,0.07559505231860966,0.9999269406392695,0.17524028612400983,0.29821710338766694
0.05,0.05,0.7,1.0,0.0313481630701994,0.06079065090275564,1.0,0.03931004165528544,0.07564641941239639,0.9999269459765496,0.17525309000273148,0.2982356433809845
0.05,0.05,0.75,1.0,0.03302333720295001,0.06393531687747761,1.0,0.04011241805517618,0.07713092807829218,0.9999269522023911,0.1752680278612401,0.2982572728626263
0.05,0.05,0.8,1.0,0.033529090412455616,0.0648827221671622,1.0,0.04016363357006283,0.07722560619085037,0.9999269673178748,0.17530430551761814,0.29830979931476875
0.05,0.05,0.85,1.0,0.034830818082491125,0.0673169323407502,1.0,0.04020631316580169,0.07730449749614832,0.9999269726512579,0.1753171093963398,0.29832833728840946
0.05,0.05,0.9,1.0,0.03499940248565966,0.0676317346688412,1.0,0.04160193594646271,0.0798806809218546,0.9999270383656594,0.17547502390057362,0.29855693909153785
0.05,0.1,0.0,0.0,0.0,0.0,1.0,0.013516627970499863,0.026672730564995303,0.9997995540076671,0.17030439087680962,0.2910344073081341
0.05,0.1,0.05,1.0,0.006224819038514067,0.012372620751815916,1.0,0.024376451106255123,0.04759275963427362,0.9998113185296996,0.18092520827642722,0.3064037860019841
0.05,0.1,0.1,1.0,0.010772329964490577,0.021315047207255897,1.0,0.029598299644905762,0.05749484950609147,0.9998141760449694,0.18370791791860147,0.3103850473489799
0.05,0.1,0.15,1.0,0.014092802512974597,0.027793910928175215,1.0,0.033260208959300736,0.0643791538102496,0.9998165810711666,0.18611718109806064,0.3138169257340242
0.05,0.1,0.2,1.0,0.016841368478557772,0.03312486883525709,1.0,0.03576976918874624,0.06906895770237138,0.9998188897944399,0.18849016662114176,0.3171835274853129
0.05,0.1,0.25,1.0,0.0192292918601475,0.03773300475902341,1.0,0.037978438268232724,0.07317770170948079,0.9998207644396648,0.19046196394427753,0.3199707461873248
0.05,0.1,0.3,1.0,0.02127151051625239,0.04165691551603089,1.0,0.0402361888828189,0.07735971755805056,0.9998219650606431,0.19174661977601748,0.3217816995476993
0.05,0.1,0.35,1.0,0.02302350792133297,0.045010711372828784,1.0,0.04158486410816717,0.07984920968254132,0.9998235903768551,0.19351355503960666,0.3242661441143131
0.05,0.1,0.4,1.0,0.024604786943458072,0.0480278586573027,1.0,0.04276068697077301,0.08201438260008266,0.9998248897352552,0.1949497234362196,0.3262800926463314
0.05,0.1,0.45,1.0,0.026243683419830646,0.05114513023335121,1.0,0.04410296025676045,0.08448009810433806,0.9998250161313254,0.1950905661021579,0.32647733664259126
0.05,0.1,0.5,1.0,0.027654244059000275,0.05382013302406519,1.0,0.04597232655012292,0.08790352360803101,0.9998257004662513,0.19585666484567057,0.3275494107822214
0.05,0.1,0.55,1.0,0.028945301830101064,0.05626208075126718,1.0,0.04618999248839115,0.08830134644765052,0.9998257175535101,0.19587587066375306,0.32757626964399467
0.05,0.1,0.6,1.0,0.029773285987435127,0.05782493368700265,1.0,0.04792491805517618,0.0914663202095034,0.9998268997749697,0.19721387599016663,0.3294453158420077
0.05,0.1,0.65,1.0,0.030686629336246926,0.05954599286110628,1.0,0.04811484225621415,0.09181215705836245,0.9998269185002489,0.19723521578803604,0.3294750913465823
0.05,0.1,0.7,1.0,0.031388708686151325,0.06086688446713027,1.0,0.048155387872166076,0.09188597116296872,0.9998269316055338,0.19725015364654466,0.3294959335682471
0.05,0.1,0.75,1.0,0.0330425430210325,0.06397131123835964,1.0,0.048955630292269875,0.09334166074999645,0.9998269465805726,0.19726722548484021,0.32951975261333355
0.05,0.1,0.8,1.0,0.03355256419011199,0.06492667204866093,1.0,0.049006845807156516,0.0934347492640971,0.9998269690382723,0.19729283324228353,0.3295554799073924
0.05,0.1,0.85,1.0,0.0348692297186561,0.06738866847579533,1.0,0.04904098948374761,0.09349680322383129,0.9998269727806556,0.19729710120185742,0.32956143430782475
0.05,0.15,0.0,1.0,0.0001066989893471729,0.00021337521177489766,1.0,0.034231169762360014,0.06619636066514116,0.9997845988152935,0.17828760925976508,0.30261168148388273
0.05,0.15,0.05,1.0,0.00667722275334608,0.013265866361977118,1.0,0.04457243580988801,0.08534101471925148,0.9997965366008048,0.18875051215514888,0.3175509266240154
0.05,0.15,0.1,1.0,0.01118845602294455,0.022129319131963424,1.0,0.049538206774105434,0.09440000650641898,0.9997994674747385,0.19150974801966675,0.3214469284648682
0.05,0.15,0.15,1.0,0.014485454793772194,0.02855724490740351,1.0,0.05299738800874078,0.1006600559740436,0.9998018777585771,0.193840053947009,0.32472326042387223
0.05,0.15,0.2,1.0,0.017253226577437858,0.03392120295452209,1.0,0.0554535987435127,0.10508012632583492,0.9998042222729794,0.19616182395520348,0.3279748960394185
0.05,0.15,0.25,1.0,0.019547254848402074,0.03834497078079737,1.0,0.057615320267686426,0.10895326337198628,0.9998061535479286,0.1981165494400437,0.33070271521822375
0.05,0.15,0.3,1.0,0.0215617317672767,0.04221327228061966,1.0,0.05988800874078121,0.1130081824624702,0.9998074062978141,0.19940547323135754,0.3324965440186169
0.05,0.15,0.35,1.0,0.023281719475553127,0.04550402696040608,1.0,0.06123028202676864,0.11539490167926465,0.9998090995863824,0.20117454247473368,0.33495233594718754
0.05,0.15,0.4,1.0,0.024871534416826005,0.04853590636796922,1.0,0.06236982723299645,0.11741641306858698,0.9998104504959878,0.20260857689155967,0.3369377362173288
0.05,0.15,0.45,1.0,0.026440009560229447,0.05151788572925459,1.0,0.06370143062004917,0.11977314082000726,0.9998105841374738,0.20275155353728488,0.33713542581484185
0.05,0.15,0.5,1.0,0.027807890603660203,0.054111066587215734,1.0,0.06554305517618138,0.12302281894248603,0.9998112970184929,0.2035176522807976,0.33819388789991417
0.05,0.15,0.55,1.0,0.029098948374760993,0.05655228473552807,1.0,0.06576498907402349,0.12341367890338108,0.9998113128433058,0.20353472411909315,0.3382174594506422
0.05,0.15,0.6,1.0,0.029909860693799507,0.05808248242938602,1.0,0.06748711076208685,0.12644107845743882,0.9998125371020319,0.20486419352635893,0.34005104254667246
0.05,0.15,0.65,1.0,0.030827472002185195,0.05981111842568325,1.0,0.06766849904397705,0.12675938103366258,0.9998125546715542,0.2048833993444414,0.3400775012574473
0.05,0.15,0.7,1.0,0.031510345534007105,0.06109554920206714,1.0,0.06769197282163343,0.12680056522807992,0.9998125644309769,0.20489406924337614,0.3400922001767495
0.05,0.15,0.75,1.0,0.033185519666757715,0.06423922719602444,1.0,0.06847727738322863,0.1281773208147842,0.9998125800439396,0.2049111410816717,0.3401157179061683
0.05,0.15,0.8,1.0,0.03369980879541109,0.06520231213872833,1.0,0.06851142105981972,0.128237133847134,0.9998126015075167,0.20493461485932804,0.34014805369602946
0.05,0.2,0.0,1.0,0.0011246073477192023,0.0022466880535453545,1.0,0.07080758331057088,0.13225080661393535,0.9997881993601391,0.19139237913138488,0.3212809972864781
0.05,0.2,0.05,1.0,0.008015228079759629,0.01590299006698224,1.0,0.07998369639442775,0.1481201922981926,0.9997991054907641,0.2017848606937995,0.33579729573763506
0.05,0.2,0.1,1.0,0.012511523490849495,0.02471383920197441,1.0,0.08462510243102978,0.15604489005713565,0.9998016804968426,0.20440538787216608,0.339418121127614
0.05,0.2,0.15,1.0,0.01582346012018574,0.03115395684662296,1.0,0.08803947009013931,0.1618313903315394,0.9998038669185428,0.2066844782846217,0.3425543917479102
0.05,0.2,0.2,1.0,0.018458925157060914,0.036248737580092956,1.0,0.09045726918874625,0.16590704055014022,0.9998060056564666,0.2089635686970773,0.34567883801754135
0.05,0.2,0.25,1.0,0.020680398115269054,0.04052276923012593,1.0,0.09257844509696804,0.16946782267657048,0.9998078148549002,0.21093109806063917,0.3483667006772152
0.05,0.2,0.3,1.0,0.022650061458617865,0.044296797726314736,1.0,0.09483832969134116,0.17324627229314882,0.9998089684295194,0.21220508399344443,0.3501024525232895
0.05,0.2,0.35,1.0,0.0243508433488118,0.04754395138525767,1.0,0.09614219134116361,0.17541919670755615,0.9998105361826032,0.21396134935809888,0.35248931693417546
0.05,0.2,0.4,1.0,0.025878772876263317,0.050451912176146946,1.0,0.09728600450696531,0.17732114345280117,0.9998118010638193,0.21539965173449876,0.35443891390798243
0.05,0.2,0.45,1.0,0.02746645383774925,0.05346442939359765,1.0,0.09859626809614859,0.1794949991356051,0.9998119202938003,0.21553622644086315,0.3546237989989976
0.05,0.2,0.5,1.0,0.028802325184375855,0.05599195196067247,1.0,0.1004229547937722,0.18251701194763287,0.999812582611612,0.21629805722480197,0.3556543494050732
0.05,0.2,0.55,1.0,0.03012752663206774,0.058492809585561995,1.0,0.10062568287353182,0.18285178047238843,0.9998125955516102,0.21631299508331056,0.35567454337158527
0.05,0.2,0.6,1.0,0.0308914913957935,0.0599316060974903,1.0,0.1023435366020213,0.18568356089335944,0.9998137400988157,0.21764246449057634,0.3574698220870078
0.05,0.2,0.65,1.0,0.031815504643540014,0.06166897958086272,1.0,0.10251638896476373,0.1859680091667828,0.9998137528794785,0.21765740234908496,0.3574899714873042
0.05,0.2,0.7,1.0,0.03248984225621415,0.06293493829482488,1.0,0.10252919284348538,0.1859890758612147,0.9998137674838027,0.2176744741873805,0.3575129987680305
0.05,0.2,0.75,1.0,0.03417568628789948,0.06609261219545914,1.0,0.10332303332422835,0.18729425599486293,0.9998137766103422,0.2176851440863152,0.35752739049061044
0.05,0.25,0.0,1.0,0.004376792543021033,0.008715439415797851,1.0,0.11023285987435127,0.19857610751464644,0.9997525928271712,0.21558104001638898,0.3546807195921749
0.05,0.25,0.05,1.0,0.011493615132477465,0.022726026067840525,1.0,0.1182331500956023,0.21146421939913707,0.9997634837891789,0.2255104479650369,0.3680109488097871
0.05,0.25,0.1,1.0,0.015904551352089593,0.031311113491758406,1.0,0.12273371346626605,0.21863370092868195,0.9997660906258479,0.22802427615405627,0.3713515683238718
0.05,0.25,0.15,1.0,0.01909911909314395,0.03748235816382512,1.0,0.1260797937721934,0.2239269267941405,0.9997683662407694,0.2302649549303469,0.37431769340042353
0.05,0.25,0.2,1.0,0.021664162797049986,0.04240955802489765,1.0,0.12848265501229172,0.22770869262654686,0.9997706590341994,0.2325675191204589,0.3773545054153624
0.05,0.25,0.25,1.0,0.023877099836110353,0.04664055840282453,1.0,0.13058675908221798,0.23100705546600428,0.9997725556556311,0.2345073067467905,0.3799040663756968
0.05,0.25,0.3,1.0,0.025789145725211692,0.050281572646158776,1.0,0.13279329418191751,0.23445282535472353,0.9997737802229623,0.23577702472002185,0.38156858682138417
0.05,0.25,0.35,1.0,0.027445114039879814,0.05342400029908467,1.0,0.1340651461349358,0.23643288322871034,0.9997754504464045,0.23753115610488937,0.3838625241834528
0.05,0.25,0.4,1.0,0.028919694072657744,0.0562137049941928,1.0,0.13518975348265502,0.2381800101135614,0.9997767996643067,0.23896732450150232,0.38573581461037
0.05,0.25,0.45,1.0,0.030537250751160885,0.05926471989033334,1.0,0.1364765432941819,0.2401748528809791,0.9997769271265537,0.2391038992078667,0.38591373202750573
0.05,0.25,0.5,1.0,0.031862452198852774,0.06175716953544595,1.0,0.1382968280524447,0.24298904230289736,0.9997776354644751,0.23986572999180553,0.38690545852580566
0.05,0.25,0.55,1.0,0.033183385686970775,0.06423522899549321,1.0,0.13850169011199126,0.2433051989555979,0.9997776433755514,0.2398742659109533,0.3869165634035523
0.05,0.25,0.6,1.0,0.033930278612400985,0.06563359118941277,1.0,0.14022167782026768,0.24595511653194638,0.9997788686922294,0.24120373531821906,0.3886442837175477
0.05,0.25,0.65,1.0,0.03488630155695165,0.06742054949314989,1.0,0.14039026222343623,0.24621441777258812,0.9997788823831172,0.24121867317672768,0.38866367527979784
0.05,0.25,0.7,1.0,0.03554143335154329,0.06864318936329371,1.0,0.14041160202130565,0.24624723524810727,0.9997788999831964,0.24123787899481017,0.38868860660261073
0.05,0.3,0.0,1.0,0.012295991532368206,0.024293273183380065,0.9999834795394096,0.1291697965036875,0.22878676491432307,0.9997046172023557,0.2311142788855504,0.37543461907782755
0.05,0.3,0.05,1.0,0.01941494810161158,0.03809037357705367,0.9999843867099675,0.13667500341436767,0.2404816617103722,0.9997163673751573,0.24069158016935263,0.3879744767211874
0.05,0.3,0.1,1.0,0.023706381453154877,0.04631480643796239,0.9999848727800805,0.1410667338158973,0.2472536720564638,0.9997192465278691,0.2431605947828462,0.3911759102074025
0.05,0.3,0.15,1.0,0.026798518164435948,0.05219820186796241,0.9999852241496499,0.14442135004097242,0.25239144784685785,0.9997218020273677,0.24539487161977602,0.394062032026921
0.05,0.3,0.2,1.0,0.029269666757716473,0.05687463199011454,0.9999854556032288,0.14671964627151052,0.25589406043959106,0.9997243660418964,0.24767822999180553,0.39700087565674264
0.05,0.3,0.25,1.0,0.03142285236274242,0.06093107650419069,0.9999856622602012,0.1488344202403715,0.25910460403377705,0.9997265004017025,0.2496116156787763,0.39948088318163966
0.05,0.3,0.3,1.0,0.033287950696531,0.06443112140055804,0.9999858681213081,0.15100254370390603,0.26238389231881637,0.9997278819007449,0.2508791996722207,0.4011026878015162
0.05,0.3,0.35,1.0,0.0349033733952472,0.06745242945868146,0.9999859845830413,0.1522573238186288,0.26427611036413945,0.9997297685298564,0.2526311970773013,0.4033388697244581
0.05,0.3,0.4,1.0,0.03641423108440317,0.07026964700456276,0.9999860857949882,0.15336485932805244,0.26594286158337915,0.9997312911460433,0.25406309751434036,0.40516185238626773
0.05,0.3,0.45,1.0,0.037997644086315216,0.07321335323407632,0.999986200805873,0.1546431132204316,0.2678625553526676,0.9997314354773734,0.2541996722207047,0.4053355110929631
0.05,0.3,0.5,1.0,0.03931217563507238,0.07565037061371989,0.9999863615285999,0.15646553195848129,0.2705921428966841,0.9997322377394171,0.25496150300464354,0.40630350763538553
0.05,0.3,0.55,1.0,0.04060536738596012,0.0780418180774184,0.9999863795475286,0.1566725279978148,0.27090163405144024,0.9997322489415466,0.25497217290357826,0.40631705666511364
0.05,0.3,0.6,1.0,0.04141414572521169,0.0795344405397375,0.99998652745032,0.15839251570609122,0.27346900427940085,0.9997336352134247,0.2562995083310571,0.4080007609419374
0.05,0.3,0.65,1.0,0.04233602499317127,0.0812329689812815,0.999986542317682,0.1585675020486206,0.27372977353729405,0.9997336596003229,0.25632298210871346,0.4080305050487894
0.05,0.35,0.0,1.0,0.026994844304834745,0.05257055467129897,0.9998993254807208,0.14836281070745697,0.25838677367743274,0.9996497495709432,0.24362366839661295,0.39176955862267765
0.05,0.35,0.05,1.0,0.03385345534007102,0.06548985287075414,0.9999038276591652,0.15530891491395793,0.26885780041891855,0.9996628171626064,0.2530686629336247,0.4038907563883809
0.05,0.35,0.1,1.0,0.037997644086315216,0.07321335323407632,0.9999064446285851,0.15965369776017482,0.2753436505161658,0.9996661018222494,0.2555590173449877,0.4070563642389171
0.05,0.35,0.15,1.0,0.040946804151871075,0.0786722318346194,0.999908328968046,0.16293575867249385,0.2802109481657638,0.9996690029541486,0.25779969612127834,0.40989388502939156
0.05,0.35,0.2,1.0,0.0433347275334608,0.08306965423437611,0.9999095805830761,0.16519137530729308,0.28354013094638525,0.999671848722261,0.26003610693799506,0.4127159387843923
0.05,0.35,0.25,1.0,0.0454217597650915,0.0868965263843329,0.9999107245341734,0.167308283255941,0.2866528828171702,0.9996742644484076,0.26196522466539196,0.41514219479985864
0.05,0.35,0.3,1.0,0.04731886779568424,0.09036191221356937,0.9999118421218341,0.1694294591641628,0.2897606069951151,0.9996758325026541,0.26323280865883636,0.4167324041682362
0.05,0.35,0.35,1.0,0.048883074979513795,0.0932097697933939,0.9999124978124453,0.17069917713739416,0.29161547631633633,0.9996779751074758,0.26498480606391694,0.41892507363087056
0.05,0.35,0.4,1.0,0.05038966470909587,0.09594470776338271,0.9999130531990212,0.17178964080852227,0.29320527319314466,0.9996797053289026,0.266416706500956,0.420712628455601
0.05,0.35,0.45,1.0,0.052005087407812074,0.0988685093452446,0.9999136985119158,0.17307429664026222,0.2950743925532863,0.9996798719487795,0.26655541518710735,0.42088557478797356
0.05,0.35,0.5,1.0,0.05328120732040426,0.10117185600596464,0.9999146018616795,0.1749052512974597,0.2977312891748111,0.9996807839945094,0.26731724597104617,0.42183477433639494
0.05,0.35,0.55,1.0,0.05456799713193117,0.10348881680524667,0.9999147017607993,0.17511011335700627,0.2980280493142028,0.9996807941840701,0.26732578189019396,0.42184540316103714
0.05,0.35,0.6,1.0,0.055370373531821906,0.10493069527150671,0.9999155252519157,0.17681729718656106,0.3004970324929779,0.9996823783509085,0.2686595192570336,0.42350440001076445
0.05,0.4,0.0,1.0,0.04979428434853865,0.09486484179029235,0.9998077741621013,0.1553900061458618,0.26897582183773244,0.9996703650104518,0.26533691272876264,0.4193643041680439
0.05,0.4,0.05,1.0,0.0561407402349085,0.1063129904872746,0.9998159855943008,0.16232544045342803,0.2793043369702711,0.9996815336098553,0.27464533255941,0.4309065037247845
0.05,0.4,0.1,1.0,0.0601035406992625,0.11339183087647679,0.9998207082025997,0.16660193594646272,0.28561185162422054,0.9996843944607379,0.277135686970773,0.433965952512627
0.05,0.4,0.15,1.0,0.06293319789674952,0.11841421082957403,0.9998241139741447,0.16982851338432123,0.29034029240886167,0.9996869105709683,0.279363561868342,0.4366928469330061
0.05,0.4,0.2,1.0,0.06526990576345261,0.12254153695757561,0.9998263867359466,0.17205212032231632,0.29358376104011497,0.9996894057043294,0.2816085086042065,0.4394310479460152
0.05,0.4,0.25,1.0,0.06734626809614859,0.12619385125368127,0.9998284755148797,0.17414768847309478,0.2966292216513488,0.9996915205778346,0.28353976031139033,0.4417789658829827
0.05,0.4,0.3,1.0,0.06920496449057635,0.12945125918593003,0.9998305310430814,0.1762603284621688,0.2996885085601186,0.9996928815946187,0.2847966744059,0.44330326669512227
0.05,0.4,0.35,1.0,0.07075209983611035,0.13215402490817377,0.9998317307692308,0.1775172425566785,0.3015034214799351,0.999694758784991,0.2865486718109806,0.44542300241488203
0.05,0.4,0.4,1.0,0.07224161772739689,0.13474876657093784,0.9998327779171295,0.17862904602567606,0.3031055765675893,0.9996962782979733,0.2879827062278066,0.44715374420145787
0.05,0.4,0.45,1.0,0.07381649481016116,0.13748437496894866,0.9998339599369048,0.17990089797869435,0.304934665641814,0.9996964222248549,0.288119280934171,0.447318375785205
0.05,0.4,0.5,1.0,0.07507127492488391,0.13965822857675964,0.9998356228719033,0.18172118273695712,0.30754562297527166,0.9996972225709496,0.2888811117181098,0.44823607126242304
0.05,0.4,0.55,1.0,0.07636660065555859,0.14189700908416833,0.9998358079422044,0.18192604479650368,0.30783896698527097,0.9996972382218284,0.2888960495766184,0.44825405444780697
0.05,0.45,0.0,1.0,0.07207089934444141,0.13445174081026154,0.9998277686194424,0.17343280524446872,0.2955915140008802,0.9996707012457131,0.2656079281617045,0.41970275578934946
0.05,0.45,0.05,1.0,0.0778646544659929,0.1444794652897667,0.999834229284581,0.1801932532095056,0.305354553377379,0.999681864738198,0.2749312858508604,0.43125841026705314
0.05,0.45,0.1,1.0,0.08156497541655286,0.15082769370400334,0.9998380360716806,0.18442920308658836,0.31141506935448715,0.9996847463361372,0.2774451140398798,0.4343452565888598
0.05,0.45,0.15,1.0,0.08436902485659656,0.1556094335463963,0.9998407625200468,0.1875874931712647,0.3159056074548045,0.999687237775574,0.2796559170991532,0.4370499818241848
0.05,0.45,0.2,1.0,0.08665024924883911,0.15948139580097132,0.9998426276683041,0.18981110010925978,0.3190528885214207,0.9996897159766001,0.28189019393608306,0.43977394734870867
0.05,0.45,0.25,1.0,0.08872020964217427,0.16298073436394392,0.9998443043183309,0.1918554527451516,0.3219360926150392,0.9996918150589685,0.28381077574433217,0.44210788754165664
0.05,0.45,0.3,1.0,0.09054049440043704,0.1660470103867438,0.9998460201713576,0.19399370049166895,0.3249411558650222,0.9996931734842022,0.28506768983884184,0.4436315452133224
0.05,0.45,0.35,1.0,0.09208336178639716,0.1686379721704943,0.9998469878464632,0.19522073886916144,0.32666076300115693,0.9996950471189391,0.2868196872439224,0.4457503876097536
0.05,0.45,0.4,1.0,0.09352379814258399,0.1710503206266563,0.9998478558542894,0.1963346763179459,0.32821881254169444,0.999696563769714,0.2882537216607484,0.44748040090968266
0.05,0.45,0.45,1.0,0.0950559956296094,0.17360937889748068,0.9998488365815472,0.19760866225075116,0.3299971669015703,0.9996967096697834,0.28839243034689976,0.4476475342502054
0.05,0.45,0.5,1.0,0.09633211554220159,0.17573527980535278,0.9998502193217075,0.19943321496858782,0.3325374770049708,0.9996975129663649,0.28915852909041245,0.4485699767111202
0.05,0.5,0.0,1.0,0.10471865610488937,0.1895842991809612,0.9998106844938768,0.18031915801693527,0.30553421210110593,0.9996662295863631,0.2684397193389784,0.4232298134556215
0.05,0.5,0.05,1.0,0.10956065624146408,0.19748475331234408,0.9998176180922852,0.1871756350723846,0.31532023812947574,0.9996774441287152,0.27777588090685607,0.4347497904204616
0.05,0.5,0.1,1.0,0.11317775198033324,0.20334174264440882,0.9998215958253424,0.191349699535646,0.32122258603024945,0.9996803409696324,0.28029397705544934,0.4378281260937536
0.05,0.5,0.15,1.0,0.11588577232996448,0.2077018548018504,0.9998244420549057,0.1944525061458618,0.3255833896088583,0.99968283455291,0.28249837817536194,0.44051305173942773
0.05,0.5,0.2,1.0,0.11817126468178094,0.211365232526184,0.9998264265567368,0.19667611308385688,0.3286946225668167,0.9996853107556288,0.284721985113357,0.4432120357498177
0.05,0.5,0.25,1.0,0.12014946394427752,0.21452398597095507,0.9998282082116475,0.19871619776017482,0.3315389216440229,0.9996874185985933,0.2866425669216061,0.44553570392040764
0.05,0.5,0.3,1.0,0.12195481084403169,0.21739701040594803,0.9998300186979432,0.20083310570882273,0.3344801114554605,0.9996887828445248,0.2878994810161158,0.4470526640179467
0.05,0.5,0.35,1.0,0.12350621414913958,0.21985853321278517,0.9998310632456974,0.20207508194482382,0.3362008670058475,0.9996906669809097,0.28965361240098336,0.44916476941811834
0.05,0.5,0.4,1.0,0.12495305244468724,0.22214803039672812,0.9998319804257196,0.2031783494946736,0.3377264625289314,0.9996921904315197,0.29108764681780935,0.4508871906071504
0.05,0.5,0.45,1.0,0.12646604411363016,0.224535918813498,0.9998330359285811,0.20446300532641354,0.33949935953879706,0.999692341500934,0.29123062346353457,0.4510587103778902
0.05,0.55,0.0,1.0,0.11761856391696258,0.21048069120244403,0.9998111247521012,0.1807395520349631,0.3061374972890913,0.9996662295863631,0.2684397193389784,0.4232298134556215
0.05,0.55,0.05,1.0,0.1222791757716471,0.21791222435820648,0.9998181466874283,0.18771979991805518,0.31609206760439895,0.9996774713755846,0.27779935468451245,0.43477854278934386
0.05,0.55,0.1,1.0,0.125830118137121,0.22353304661155896,0.9998220086325813,0.19179356733133024,0.3218478066248881,0.9996803920524157,0.28033879063097517,0.43788280037798805
0.05,0.55,0.15,1.0,0.1285018608303742,0.22773885500874577,0.9998248264687206,0.19487930210325047,0.32618145321155967,0.9996828561072852,0.2825175839934444,0.44053640356715024
0.05,0.55,0.2,1.0,0.13076174542474733,0.2312808086298133,0.9998267873381544,0.19708583720295,0.32926664052194377,0.999685322544392,0.2847326550122917,0.4432249642072954
0.05,0.55,0.25,1.0,0.13270793499043976,0.23431977633591813,0.9998285634690182,0.1991280558590549,0.33211196272891796,0.9996874185985933,0.2866425669216061,0.44553570392040764
0.05,0.55,0.3,1.0,0.13447060229445507,0.23706317646749006,0.99983036651435,0.20124496380770282,0.33505113433488065,0.9996887828445248,0.2878994810161158,0.4470526640179467
0.05,0.55,0.35,1.0,0.1360049337612674,0.2394442659874028,0.9998313979219794,0.20247627014476918,0.3367559529091083,0.9996906692591528,0.2896557463807703,0.44916733539052095
0.05,0.55,0.4,1.0,0.13747951379404535,0.24172657551516608,0.9998323062088627,0.20357313575525812,0.338271692493174,0.9996921904315197,0.29108764681780935,0.4508871906071504
0.05,0.6,0.0,1.0,0.12726628653373395,0.22579631459585117,0.9997452329159072,0.21772568970226713,0.35757769047176785,0.9996086360967973,0.2943291621141765,0.45475752035569506
0.05,0.6,0.05,1.0,0.13174977806610216,0.23282492405915375,0.9997528681551607,0.22445412797049985,0.3666024764079015,0.9996207359127973,0.30372294113630155,0.46589054794767165
0.05,0.6,0.1,1.0,0.1351833515432942,0.23817007421666458,0.9997572090243538,0.22846814394974052,0.37193935688279933,0.999623855895014,0.30624317126468176,0.4688501560024176
0.05,0.6,0.15,1.0,0.13781454862059547,0.24224430736568084,0.9997604238654688,0.23153467290357826,0.37599305532693506,0.9996264940239044,0.30840702676864246,0.4713821626135059
0.05,0.6,0.2,1.0,0.1399869400437039,0.24559393643288088,0.9997626676159962,0.23372413616498225,0.37887501535044854,0.9996291565371461,0.3106220977874898,0.47396543920602
0.05,0.6,0.25,1.0,0.1419566033870527,0.24861996150468108,0.9997647101409929,0.23575355094236547,0.3815371863721918,0.9996314219604256,0.31253200969680417,0.47618583131339237
0.05,0.6,0.3,1.0,0.1437235386506419,0.2513256635781162,0.9997668077778575,0.23787472685058728,0.3843103995145698,0.9996329002916403,0.3137910577711008,0.47764602318960153
0.05,0.6,0.35,1.0,0.14526213807702815,0.25367491554541916,0.9997680083516993,0.23910603318765364,0.3859158470829939,0.9996349402721723,0.3155451891559683,0.479675733014992
0.05,0.65,0.0,0.9999841947210368,0.13501476714012564,0.2379079412948082,0.9997469192282983,0.2191767959573887,0.35953246916907916,0.999608641769519,0.29433343007375035,0.4547626152139257
0.05,0.65,0.05,0.9999846952050078,0.13942997131931167,0.24473590075419474,0.9997543392197435,0.22579853523627424,0.3683938410117592,0.9996207758644906,0.3037549508331057,0.4659282099626189
0.05,0.65,0.1,0.999985046281758,0.14270349631248294,0.2497642306636463,0.9997585774641349,0.2297634696804152,0.37365413679956555,0.9996239135279696,0.3062901188199945,0.46890518007422505
0.05,0.65,0.15,0.9999853163590444,0.1453282914504234,0.25377530924464003,0.9997617302052786,0.23280439087680962,0.37766561426830625,0.9996265121072325,0.30842196462715105,0.47139961284493737
0.05,0.65,0.2,0.9999855290576523,0.1474644052171538,0.25702606599815514,0.9997639818084441,0.23502586383501775,0.38058361798921503,0.99962916163059,0.31062636574706365,0.473970408189846
0.05,0.65,0.25,0.9999857210172347,0.14944687243922425,0.26003219212796647,0.9997659660650794,0.23701900095602293,0.38319277285092535,0.9996314295074806,0.31253841163616497,0.4761932631031343
0.05,0.65,0.3,0.9999858858731705,0.151192467904944,0.2626705643987773,0.9997680393976162,0.2391380428844578,0.3859575406064447,0.9996329077782763,0.31379745971046163,0.47765344074320704
0.05,0.7,0.0,0.9999350893819211,0.1643676591095329,0.2823268949869602,0.9997478714532302,0.22000478011472274,0.3606457593619366,0.9996086474420762,0.2943376980333242,0.4547677100385598
0.05,0.7,0.05,0.9999364893873767,0.1679911567877629,0.2876556405126659,0.9997552457426879,0.22663505531275607,0.369506486186519,0.9996208371074085,0.3038040323682054,0.4659859547941417
0.05,0.7,0.1,0.999937690821858,0.17123053810434308,0.292391587547121,0.9997594062887495,0.2305551761813712,0.374700437335479,0.9996239344810296,0.3063071906582901,0.46892518784710874
0.05,0.7,0.15,0.9999386299755747,0.17385106528270963,0.29620365000790794,0.9997625245467415,0.23358329349904397,0.3786899339725615,0.9996265172735761,0.3084262325867249,0.4714045985521687
0.05,0.7,0.2,0.9999393711576471,0.17597650915050533,0.29928304030108316,0.9997647505903855,0.2357940965583174,0.38159028472067535,0.999629166723894,0.3106306337066375,0.47397537714131277
0.05,0.7,0.25,0.9999400328619916,0.17791843075662386,0.3020868245085482,0.9997667136230272,0.23777869776017482,0.3841850570373014,0.9996314370542265,0.3125448135755258,0.4762006948203856
0.05,0.75,0.0,0.9998068169469834,0.17670846421742692,0.3003349467113746,0.9997425531103399,0.22374564668123464,0.3656562345244157,0.9996086984876921,0.2943761096694892,0.4548135619484709
0.05,0.75,0.05,0.9998104063229492,0.1800545445233543,0.3051542588684609,0.9997499606419529,0.23037592187926795,0.3744630075738261,0.9996209355871286,0.30388298962032234,0.46607883953235674
0.05,0.75,0.1,0.9998138062654192,0.18334300737503414,0.30986403144948965,0.9997541207540297,0.23427470295001365,0.37959745374452386,0.9996240051803731,0.3063648081125376,0.4689927102202288
0.05,0.75,0.15,0.9998163979574273,0.18593152485659656,0.31355296327685145,0.9997572619143944,0.23730708822726032,0.3835685423022598,0.9996265766762558,0.30847531412182466,0.4714619318478318
0.05,0.75,0.2,0.9998184355957015,0.18801855708822726,0.3165155164702523,0.9997594783352337,0.23949441750887734,0.38642091780520055,0.9996292151033048,0.3106711793225895,0.4740225805663863
0.05,0.8,0.0,0.9998094557580088,0.17915613903305108,0.30386298404931067,0.999744252791907,0.22523303059273422,0.3676401692149339,0.999608820376112,0.29446787080032777,0.4549230860526299
0.05,0.8,0.05,0.9998130032841298,0.182555568833652,0.30873863843470695,0.999751552795031,0.23185263589183283,0.37641156936892306,0.9996211031511588,0.30401743034689976,0.46623696874790355
0.05,0.8,0.1,0.9998163094267706,0.18584189770554493,0.31342550354410836,0.999755609663375,0.23570233542747884,0.38146945104966956,0.9996241255699022,0.30646297118273697,0.4691077346216475
0.05,0.8,0.15,0.9998187810762139,0.18837706569243376,0.3170233740768074,0.9997586915720797,0.23871338090685604,0.3854035672818855,0.999626690263529,0.3085692092324501,0.4715716009522878
0.05,0.85,0.0,0.9998193488055768,0.20077975621414915,0.3344055218299947,0.9997457962227202,0.22660091163616497,0.3694604590638493,0.9996088628774654,0.29449988049713194,0.45496128848280853
0.05,0.85,0.05,0.9998224339088564,0.2042688131658017,0.3392310050376807,0.9997529892870539,0.2332013111171811,0.3781871036398087,0.999621206807054,0.30410065555859056,0.4663348419251071
0.05,0.85,0.1,0.9998252215573787,0.20752740030046435,0.34371255791925404,0.9997569494454847,0.23700192911772738,0.38316979934310397,0.9996241778891325,0.3065056507784758,0.46915773984023995
0.05,0.9,0.0,0.9998195635560839,0.2010187619502868,0.33473696928347046,0.999672868191045,0.2543255770281344,0.4054907404572101,0.9996104064759102,0.29566716744059,0.45635311438800824
0.05,0.9,0.05,0.9998227504952559,0.20463372370936903,0.33973407402421185,0.9996810911588657,0.2608854308931986,0.41378575055000844,0.9996226731510984,0.30528288036055723,0.46772379520041846
0.05,0.95,0.0,0.9997432200209374,0.21601850587271237,0.35527197812803807,0.9996762948207172,0.257018659519257,0.40890664892172307,0.9996113933706587,0.2964183283255941,0.4572474430761432
0.1,0.0,0.0,1.0,0.0014809819721387598,0.002957583815964986,1.0,0.032560263589183285,0.06306704748835422,0.9998198866345288,0.20137940453428024,0.3352368501917431
0.1,0.0,0.05,1.0,0.008540187107347719,0.016935739827764962,1.0,0.0432066887462442,0.08283437829213162,0.9998239946991345,0.2060805620049167,0.34172570223426924
0.1,0.0,0.1,1.0,0.013034348538650643,0.025733280529832574,1.0,0.04828129267959574,0.09211514698727488,0.9998263055183758,0.20882272603113902,0.34548731554985956
0.1,0.0,0.15,1.0,0.016337749248839115,0.03215023600356105,1.0,0.05147799440043704,0.09791549547318922,0.9998283937656465,0.2113642959573887,0.3489585535309122
0.1,0.0,0.2,1.0,0.01914179868888282,0.037564544430438586,1.0,0.05373787899481016,0.10199477510682678,0.9998298672964913,0.2131952506145862,0.3514502312982605
0.1,0.0,0.25,1.0,0.02148704247473368,0.04207012244164646,1.0,0.055771561731767276,0.10565081264414049,0.9998312253042908,0.2149109703632887,0.35377827426431585
0.1,0.0,0.3,1.0,0.023335068970226715,0.04560592063693975,1.0,0.057344304834744605,0.10846855574392508,0.9998320705698734,0.21599289811526906,0.35524295373621767
0.1,0.0,0.35,1.0,0.02523857894018028,0.049234547857670646,1.0,0.0585862810707457,0.11068777693110943,0.9998332483226743,0.21751869366293364,0.3573041033658396
0.1,0.0,0.4,1.0,0.027007648183556405,0.05259483360484059,1.0,0.06007793294181917,0.11334625705319057,0.9998343564259963,0.21897406787762907,0.3592653149825467
0.1,0.0,0.45,1.0,0.028499300054629882,0.05541919192967095,1.0,0.06106809956296094,0.11510684297853085,0.9998344661045006,0.21911917850314122,0.35946060429962223
0.1,0.0,0.5,1.0,0.02918217358645179,0.05670944238134042,1.0,0.06281582900846763,0.11820642352884483,0.9998350411426797,0.21988314326686698,0.36048797895267154
0.1,0.0,0.55,1.0,0.030955510789401803,0.060052078805416534,1.0,0.06353924815624147,0.11948641907930246,0.9998350587481929,0.21990661704452336,0.36051952595443215
0.1,0.0,0.6,1.0,0.03121372234362196,0.06053783355924136,1.0,0.06485804766457252,0.12181538714351274,0.9998360592501158,0.2212488903305108,0.3623214235790768
0.1,0.0,0.65,1.0,0.032782197487025405,0.0634832737566378,1.0,0.06506717768369298,0.12218417588494467,0.9998360766389925,0.22127236410816717,0.3623529000637761
0.1,0.0,0.7,1.0,0.032856886779568426,0.06362330967655293,1.0,0.0651269291177274,0.12228951749755072,0.9998361240444585,0.22133638350177548,0.3624387388725332
0.1,0.0,0.75,1.0,0.034487247336793224,0.0666750555419179,1.0,0.06596558317399617,0.12376681614349774,0.9998361998361999,0.22143881453154876,0.36257606225093597
0.1,0.0,0.8,1.0,0.034850023900573616,0.06735280107394952,1.0,0.06604454042611309,0.12390578052154208,0.999836201414449,0.2214409485113357,0.362578922909744
0.1,0.0,0.85,1.0,0.03617309136847856,0.06982055733700744,1.0,0.06610642583993444,0.12401468415848321,0.9998363023591719,0.22157752321770008,0.36276198428531004
0.1,0.0,0.9,1.0,0.036774873668396615,0.07094090453461112,1.0,0.06748711076208685,0.12644107845743882,0.9998364645560974,0.22179732313575526,0.3630565127558461
0.1,0.05,0.0,1.0,0.0034527792952745153,0.0068817972634435355,1.0,0.04729326003824092,0.0903152189416631,0.9997225597214117,0.22299661977601748,0.36465405183769967
0.1,0.05,0.05,1.0,0.010654961076208686,0.021085259532813483,1.0,0.057619588227260314,0.10896089457616791,0.9997276176879438,0.22713867454247474,0.37017368139167695
0.1,0.05,0.1,1.0,0.015155524446872438,0.029858527253999286,1.0,0.06252347377765638,0.11768864466657429,0.9997308684596395,0.22988297254848403,0.37381020955579997
0.1,0.05,0.15,1.0,0.018454657197487026,0.036240508238764936,1.0,0.06550677751980333,0.12295891288891558,0.9997337935339368,0.23240960461622506,0.377143985067856
0.1,0.05,0.2,1.0,0.021211759082217972,0.04154233222163711,1.0,0.06773038445779841,0.12686795364017373,0.9997358738023243,0.23424055927342255,0.37955131707249606
0.1,0.05,0.25,1.0,0.023503653373395248,0.04592783483660049,1.0,0.06973205749795137,0.13037294154024157,0.9997377132210625,0.23588372370936903,0.3817056704893521
0.1,0.05,0.3,1.0,0.025360215788036055,0.049465964053511814,1.0,0.07130053264135482,0.1331102346520059,0.9997388845869875,0.23694217768369297,0.38309037900874626
0.1,0.05,0.35,1.0,0.027203974323955202,0.05296703479337538,1.0,0.07255317877629062,0.135290594838512,0.9997405687805838,0.2384807771100792,0.3850990108392445
0.1,0.05,0.4,1.0,0.028872746517344988,0.056125009851951096,1.0,0.07397227533460803,0.13775453432736176,0.999742121363022,0.23991694550669215,0.38696942161276554
0.1,0.05,0.45,1.0,0.030355862469270693,0.05892306449642008,1.0,0.07498804971319312,0.13951420154521704,0.9997422794934459,0.24006419011199126,0.38716094250369537
0.1,0.05,0.5,1.0,0.03107287967768369,0.060272906581341094,1.0,0.0767400471182737,0.14254145617348668,0.9997431059377963,0.24083669079486478,0.3881649885209675
0.1,0.05,0.55,1.0,0.03280353728489484,0.0635232860862019,1.0,0.07742718860966949,0.14372607156792258,0.999743128692525,0.24085803059273422,0.38819270685548707
0.1,0.05,0.6,1.0,0.033104428434853866,0.06408728396413294,1.0,0.07874385413821361,0.14599175482880586,0.9997445654088715,0.2422131077574433,0.38995087092451985
0.1,0.05,0.65,1.0,0.034602482245288176,0.06689039092617306,1.0,0.07895725211690795,0.14635844369551115,0.9997446014020502,0.24224725143403442,0.38999512158253113
0.1,0.05,0.7,1.0,0.034683573477192024,0.06704189448109871,1.0,0.07902553947009014,0.1464757535005142,0.9997446598693362,0.24230273490849494,0.39006702371423363
0.1,0.05,0.75,1.0,0.03632033597377766,0.07009480507713724,1.0,0.07984925566785031,0.14788963412947162,0.9997447677386422,0.24240516593826822,0.39019974923999107
0.1,0.05,0.8,1.0,0.03668738049713193,0.07077809798270894,1.0,0.07991540904124556,0.1480030905609447,0.9997447812158975,0.2424179698169899,0.3902163383919922
0.1,0.05,0.85,1.0,0.03801898388418465,0.07325296449188362,1.0,0.07996449057634526,0.14808725893139424,0.9997449159102104,0.2425460086042065,0.39038221110912663
0.1,0.1,0.0,1.0,0.006419011199125922,0.012756140588953723,1.0,0.07222454588910134,0.1347190682511598,0.9997229122874068,0.22328043908768097,0.36503345730094827
0.1,0.1,0.05,1.0,0.013732159928981153,0.027092284277423304,1.0,0.08191494810161158,0.15142585513832513,0.9997281589801275,0.22759107825730673,0.37077429044235233
0.1,0.1,0.1,1.0,0.01817297186561049,0.03569721917153612,1.0,0.08654781821906583,0.15930788644152682,0.9997314043845918,0.23034177820267687,0.3744166000378093
0.1,0.1,0.15,1.0,0.021469970636438133,0.042037399539138744,1.0,0.08938174337612674,0.16409627556107526,0.9997342351011281,0.23279585495766184,0.3776524206069649
0.1,0.1,0.2,1.0,0.02418439292543021,0.047226638274287885,1.0,0.09158827847582628,0.16780736891698778,0.9997362365503379,0.234562790221251,0.37997424618229897
0.1,0.1,0.25,1.0,0.026401597924064463,0.051444966526674706,1.0,0.09356647773832286,0.1711217006794756,0.999738059108317,0.23619528475826276,0.382113512393841
0.1,0.1,0.3,1.0,0.028224016662114177,0.05489857502791418,1.0,0.09511574706364381,0.17370902996999102,0.9997392203587968,0.2372473367932259,0.3834891594358871
0.1,0.1,0.35,1.0,0.030035765501229172,0.058319849673595305,1.0,0.09634918738049714,0.17576368640488324,0.9997409048674147,0.238790204179186,0.38550236333319554
0.1,0.1,0.4,1.0,0.0317066716744059,0.061464508362532214,1.0,0.09777041791860147,0.17812543738239273,0.9997424580162163,0.24023064053537285,0.3873773896227016
0.1,0.1,0.45,1.0,0.033134304151871075,0.06414326582461503,1.0,0.09878192433761268,0.17980260168033282,0.9997426134497785,0.240375751160885,0.38756603971586795
0.1,0.1,0.5,1.0,0.03384491942092324,0.06547388062782268,1.0,0.1005211178639716,0.1826791257928344,0.9997434354872956,0.24114611786397158,0.388566811085895
0.1,0.1,0.55,1.0,0.03558197896749522,0.06871880679687276,1.0,0.10120185741600655,0.1838025548803175,0.9997434604531019,0.24116959164162796,0.3885972860013995
0.1,0.1,0.6,1.0,0.035855128380223984,0.06922807523536804,1.0,0.10250785304561595,0.18595396443198797,0.9997448777612584,0.24250973094782846,0.390335217309915
0.1,0.1,0.65,1.0,0.037355316170445234,0.07202029157829559,1.0,0.1027020452062278,0.1862734283530243,0.9997449114226906,0.2425417406446326,0.39037668256928626
0.1,0.1,0.7,1.0,0.037423603523627426,0.07214719888099229,1.0,0.10274472480196667,0.18634362512215652,0.9997449697481356,0.24259722411909315,0.3904485506250859
0.1,0.1,0.75,1.0,0.03906890193936083,0.0751998291286382,1.0,0.10356203906036603,0.1876868456775561,0.9997450840783031,0.24270605708822726,0.39058950394164543
0.1,0.1,0.8,1.0,0.03944448238186288,0.07589531341101885,1.0,0.10362605845397432,0.18779197475481854,0.9997450952816258,0.24271672698716198,0.39060332156544914
0.1,0.15,0.0,1.0,0.011946018847309479,0.023609992281835322,0.9999791083441274,0.10214294250204863,0.18535298969551228,0.9997328469305033,0.2315858884184649,0.3760586319218241
0.1,0.15,0.05,1.0,0.01928477533460803,0.037839818275078776,0.9999807792107944,0.11102243239552034,0.19985594514391078,0.9997378057049862,0.23596694892105982,0.38181463468534027
0.1,0.15,0.1,1.0,0.023680773695711553,0.04626593427210472,0.999981506481978,0.11538855503960667,0.20690248928122507,0.9997407589505207,0.23865576345260858,0.3853271383854202
0.1,0.15,0.15,1.0,0.026896681234635345,0.0523843960665985,0.9999819484809647,0.1182139442775198,0.21143309701243307,0.9997433469329958,0.24106289265228079,0.3884587543694044
0.1,0.15,0.2,1.0,0.029538548210871346,0.057382112135972635,0.9999822764170004,0.12040127355913685,0.21492486143648937,0.9997451893506721,0.2428063541382136,0.390719380238935
0.1,0.15,0.25,1.0,0.0317066716744059,0.061464508362532214,0.9999825616880286,0.12237093690248566,0.21805750703960242,0.9997468641708056,0.24441324091778202,0.3927973098799495
0.1,0.15,0.3,1.0,0.03349281275607757,0.06481479569608281,0.99998277762469,0.12390526836929801,0.22049017225142026,0.9997479378710311,0.24545462305381044,0.3941410995118725
0.1,0.15,0.35,1.0,0.035255480060092874,0.06810971927054454,0.9999829462123537,0.12513017276700356,0.2224274816688984,0.9997495076529731,0.24699322248019667,0.3961223861186215
0.1,0.15,0.4,1.0,0.036905046435400164,0.0711830780692403,0.9999831311887452,0.1265023217700082,0.2245926700499537,0.9997509553866633,0.24842939087680962,0.39796736364055907
0.1,0.15,0.45,1.0,0.038324142993717565,0.07381922736231598,0.9999832613571692,0.12748608645178913,0.226141762089524,0.9997511071440832,0.2485809034416826,0.3981617571660024
0.1,0.15,0.5,1.0,0.039045428161704455,0.07515634466682412,0.9999834852688598,0.12921461007921334,0.22885705646685314,0.9997518759037278,0.24935127014476918,0.3991494231278342
0.1,0.15,0.55,1.0,0.04076328189019394,0.07833343585327346,0.9999835680365446,0.1298654739142311,0.22987732900191699,0.999751895008812,0.24937047596285167,0.39917403081841996
0.1,0.15,0.6,1.0,0.04105563712100519,0.0788730893087382,0.9999837324310256,0.1311778714832013,0.23193102927859943,0.9997532250927533,0.25071488322862606,0.40089469122574745
0.1,0.15,0.65,1.0,0.04250887735591369,0.08155110863655718,0.9999837541020892,0.13135285782573067,0.2322044959842463,0.9997532502892927,0.2507404909860694,0.4009274298115113
0.1,0.15,0.7,1.0,0.04261130838568697,0.08173958606235263,0.9999837596427121,0.1313976714012565,0.2322745165348568,0.9997533111596928,0.2508023763998907,0.40100654252642165
0.1,0.15,0.75,1.0,0.044243802922698715,0.08473845437026531,0.9999838615970563,0.1322277895383775,0.23357056158259387,0.999753416038161,0.2509090753892379,0.401142925377208
0.1,0.2,0.0,1.0,0.01950670923245015,0.03826695607944758,0.9999835418038183,0.12965847787489757,0.2295529763793807,0.9997527011009065,0.2501835222616771,0.4002150629400469
0.1,0.2,0.05,1.0,0.02688174337612674,0.05235606446317058,0.9999845194049259,0.13784655831739961,0.24229330182575182,0.9997568521577275,0.25445574979513796,0.40566308938774615
0.1,0.2,0.1,1.0,0.03112196121278339,0.0603652378350635,0.9999849818280119,0.14209104411363016,0.2488256594804875,0.9997593141282607,0.25705920513520897,0.40896490730728563
0.1,0.2,0.15,1.0,0.034284519257033595,0.06629610831197877,0.9999852713749171,0.14488442365473914,0.25309830513529286,0.9997615347295886,0.25945353045615954,0.4119894479845617
0.1,0.2,0.2,1.0,0.0368431610215788,0.07106795397151107,0.9999854870544526,0.14703760925976508,0.25637753203649405,0.9997630970566852,0.26116498224528817,0.41414433666485634
0.1,0.2,0.25,1.0,0.03894513111171811,0.07497052528663388,0.999985675609861,0.1489731289265228,0.25931477158124067,0.9997645473219288,0.26277400300464354,0.41616492754847706
0.1,0.2,0.3,1.0,0.040692860557224805,0.07820340102157781,0.9999858176145228,0.1504647807975963,0.26157167818548066,0.9997654746308248,0.263813251160885,0.4174672695530019
0.1,0.2,0.35,1.0,0.04245766184102704,0.08145685603393217,0.9999859317408064,0.15168541723572795,0.26341418221571644,0.9997668210472147,0.26533691272876264,0.4193727908043495
0.1,0.2,0.4,1.0,0.04403467290357826,0.08435480936875948,0.9999860574711041,0.1530532982791587,0.2654743111167044,0.9997680760710487,0.26677308112537557,0.4211646949628484
0.1,0.2,0.45,1.0,0.045466573340617315,0.08697853092583596,0.9999861440190658,0.15400932122370936,0.2669112521011356,0.9997682039804971,0.2669203257306747,0.42134818213360553
0.1,0.2,0.5,1.0,0.04617078667030866,0.08826625109129331,0.999986298179028,0.15574211281070746,0.2695096484247338,0.9997688672102272,0.2676864244741874,0.42230215948437655
0.1,0.2,0.55,1.0,0.04790571223709369,0.09143134096449089,0.9999863552013972,0.1563929766457252,0.2704836352362815,0.9997688911557036,0.26771416621141764,0.4223366829941591
0.1,0.2,0.6,1.0,0.048161789811526905,0.09189762549956533,0.9999864683833778,0.15770110625512154,0.27243787660665536,0.999770042026802,0.26905430551761816,0.4240026365437065
0.1,0.2,0.65,1.0,0.04962783392515706,0.09456272465559586,0.9999864837467054,0.1578803605572248,0.272705324248562,0.9997700675525674,0.26908418123463534,0.42403973554474955
0.1,0.2,0.7,1.0,0.049728130975143406,0.09474478106812005,0.9999864888600651,0.1579401119912592,0.272794455061636,0.9997701204093442,0.2691460666484567,0.42411657791953405
0.1,0.25,0.0,1.0,0.0325069140945097,0.06296696642078699,0.9999275089164033,0.14717845192570336,0.25658969236321155,0.9997361325274381,0.2587258433488118,0.4110693512759354
0.1,0.25,0.05,1.0,0.039598128926522806,0.07617968486998218,0.9999311180911445,0.15489065487571702,0.26823184206830797,0.999740217567787,0.262795342802513,0.4161895814041515
0.1,0.25,0.1,1.0,0.04377219338978421,0.08387307818122343,0.9999329309188464,0.15907752321770008,0.27448734990555235,0.9997427383890599,0.26537105640535374,0.41941331714432667
0.1,0.25,0.15,1.0,0.04683018642447419,0.08947045477247106,0.9999340760762081,0.16184102704179187,0.27859154050028195,0.9997449914731524,0.26771630019120457,0.4223372058967099
0.1,0.25,0.2,1.0,0.04926719134116361,0.09390780870254935,0.9999349305709192,0.16396647090958755,0.28173486430445377,0.9997466069081292,0.26942348402075933,0.4244588111495493
0.1,0.25,0.25,1.0,0.05131581193662934,0.09762206818158753,0.9999356764266969,0.16586784689975417,0.2845371014386646,0.9997480969511859,0.2710175669216061,0.4264347148701987
0.1,0.25,0.3,1.0,0.053048603523627426,0.10075243126693376,0.9999362407549095,0.16733602499317127,0.2866946481715744,0.9997490589711417,0.27205681507784757,0.4277202211605561
0.1,0.25,0.35,1.0,0.05475792133296913,0.10383031068165448,0.9999366976426202,0.16854385755258125,0.28846554198913793,0.9997504581432526,0.27358261062551215,0.4296037651442674
0.1,0.25,0.4,1.0,0.056369076072111446,0.1067223139126869,0.999937208805837,0.16991600655558592,0.29047291591045477,0.9997517628714829,0.27502091300191206,0.4313751742628243
0.1,0.25,0.45,1.0,0.05777323477192024,0.10923557691337776,0.9999375546396903,0.17085709164162796,0.29184694848344567,0.9997518956721301,0.27516815760721114,0.431556294826184
0.1,0.25,0.5,1.0,0.05847958208139852,0.11049732667758037,0.9999381830769991,0.17259415118819996,0.2943773521725521,0.9997525881597972,0.27593852431029775,0.4325032151678996
0.1,0.25,0.55,1.0,0.060214507648183556,0.11358929200422685,0.9999384115096571,0.17323434512428298,0.29530804376928005,0.9997526053746483,0.2759577301283802,0.4325268079925613
0.1,0.25,0.6,1.0,0.06045778134389511,0.11402204294692105,0.99993887605286,0.1745510106528271,0.29721897716062057,0.9997538063841082,0.27730427137394154,0.43417915858513473
0.1,0.25,0.65,1.0,0.061936629336246926,0.1166484470452061,0.9999389439749915,0.17474520281343894,0.29750045413260673,0.9997538328986946,0.27733414709095877,0.4342157797932179
0.1,0.3,0.0,1.0,0.04862699740508058,0.0927441264156127,0.9998107212870952,0.15780993922425568,0.2725937339307337,0.9996965680246579,0.26716573340617317,0.4216475089333526
0.1,0.3,0.05,1.0,0.0553554356733133,0.10490387181830682,0.9998192918823332,0.16529594031685332,0.2836905147771118,0.9997010039971045,0.27113066785031414,0.4265704213530301
0.1,0.3,0.1,1.0,0.0593865234908495,0.11211493099829385,0.9998237397391349,0.16946787080032777,0.2898130779729799,0.9997037637593938,0.27365729991805515,0.4296915313528256
0.1,0.3,0.15,1.0,0.06229727192024037,0.1172878318846286,0.9998265480585772,0.17221216880633708,0.29381674136480973,0.9997062733821848,0.27599614176454523,0.4325696511589017
0.1,0.3,0.2,1.0,0.0646851953018301,0.1215104625992143,0.9998286057074299,0.17427999521988527,0.29682113645325836,0.9997080807848018,0.2777054595738869,0.4346664306315665
0.1,0.3,0.25,1.0,0.0667423518164436,0.12513303086316027,0.9998304325181983,0.17615789743239552,0.2995404330053649,0.9997097397587784,0.27929314053537285,0.4366089821108377
0.1,0.3,0.3,1.0,0.0684367317672767,0.12810628787364334,0.9998318176903763,0.17760900368751706,0.30163576762568156,0.9997108132995441,0.2803302547118274,0.437875305619397
0.1,0.3,0.35,1.0,0.07015245151597924,0.13110739767329635,0.9998329435349148,0.17880616634799235,0.3033605352526737,0.9997123783284639,0.28185605025949195,0.43973458781541
0.1,0.3,0.4,1.0,0.07176574023490849,0.1339205715218681,0.9998342194697392,0.18018258331057088,0.3053392326649875,0.9997138338730326,0.28329008467631794,0.4414780228733717
0.1,0.3,0.45,1.0,0.07312295137940454,0.13628065877337067,0.9998350826353795,0.18112580237639989,0.3066925143496194,0.9997139867982328,0.28344159724119095,0.441661997542683
0.1,0.3,0.5,1.0,0.07382289674952199,0.13749547895278635,0.9998366375336936,0.1828500580442502,0.309160807999899,0.9997147575439124,0.28420769598470363,0.4425915710136451
0.1,0.3,0.55,1.0,0.07554075047801147,0.14047027124623268,0.9998372093023256,0.18349238596012019,0.31007846983815596,0.9997147832352588,0.28423330374214695,0.4426226239532101
0.1,0.3,0.6,1.0,0.07578615815350997,0.1408944660221137,0.9998383707774365,0.18481118546845124,0.3119594543483194,0.9997161276827802,0.2855798449877083,0.4442537483131968
0.1,0.35,0.0,1.0,0.06943970226714012,0.12986183722173888,0.9998192708871217,0.16527673449877084,0.2836622276915865,0.9996861366561,0.2718775607757443,0.42749290330373857
0.1,0.35,0.05,1.0,0.07574988049713192,0.14083177115878634,0.9998271626276218,0.17282462100518983,0.2947076921957246,0.9996906801942529,0.2758723709369025,0.43241615991330007
0.1,0.35,0.1,1.0,0.07958250819448238,0.14743200744809756,0.9998311727464576,0.17693039811526906,0.30065653369789297,0.9996934912874899,0.2784032709642174,0.4355193537080002
0.1,0.35,0.15,1.0,0.08238869161431303,0.1522349452698653,0.999833695639262,0.17961494468724393,0.3045237711901967,0.9996960486322188,0.28074638077028136,0.4383813611281423
0.1,0.35,0.2,1.0,0.08474887325867249,0.15625528700312005,0.999835564951844,0.1816571633433488,0.30745393211352456,0.9996978441177804,0.28241515296367115,0.44041331802525835
0.1,0.35,0.25,1.0,0.08675054629882546,0.15965125868907828,0.9998372395833334,0.1835265296367113,0.3101272213247173,0.9996995327734627,0.28400283392515707,0.4423416326815503
0.1,0.35,0.3,1.0,0.08845559614859327,0.16253413820754067,0.9998385068807604,0.1849669659928981,0.3121813653545207,0.9997006279329107,0.28504208208139853,0.44360126930146904
0.1,0.35,0.35,1.0,0.09014997609942639,0.16539004371120458,0.9998395213150082,0.18613638691614312,0.31384535672586156,0.999702221428146,0.2865678776290631,0.44544694627622167
0.1,0.35,0.4,1.0,0.09175686287899482,0.1680902882296142,0.9998407009159698,0.18751493785850862,0.3158027144995535,0.9997037080932134,0.28800618000546296,0.4471827835854277
0.1,0.35,0.45,1.0,0.09309486820540835,0.17033264159083855,0.9998415016585719,0.1884624248839115,0.31714538628247,0.999703857259199,0.28815129063097517,0.44735769731545627
0.1,0.35,0.5,1.0,0.09376280387872166,0.17144997717278057,0.9998429348740674,0.19018241259218793,0.3195772963533384,0.9997046510082476,0.28892592529363564,0.448290761719817
0.1,0.35,0.55,1.0,0.09552333720295002,0.17438850266181768,0.9998434844826044,0.19085034826550124,0.32051980446406814,0.9997046771752371,0.28895153305107896,0.4483215876752537
0.1,0.4,0.0,1.0,0.0921345773012838,0.1687238536645414,0.9998375512003806,0.18387863630155696,0.31062980700770926,0.9997020955038219,0.29360787694618956,0.4539057396789369
0.1,0.4,0.05,1.0,0.09786217904944004,0.17827771266184225,0.9998438371444507,0.1912814121824638,0.3211275073532309,0.9997059688326962,0.29747678229991803,0.4585156788350939
0.1,0.4,0.1,1.0,0.10155823204042612,0.1843901286131899,0.9998470697471189,0.19532530387872166,0.32680714019205465,0.9997084340776561,0.29999274446872437,0.46149881489360295
0.1,0.4,0.15,1.0,0.1042982620868615,0.18889509413835814,0.9998490891451978,0.19793942911772738,0.3304582651974249,0.9997106930665124,0.3023358542747883,0.4642666378296189
0.1,0.4,0.2,1.0,0.10662216607484294,0.19269841024968568,0.9998506093006381,0.199953906036602,0.3332610141520339,0.9997122726251965,0.3039960905490303,0.46622178876263287
0.1,0.4,0.25,1.0,0.10867292065009561,0.19604144491302766,0.9998519943757863,0.20182540630975143,0.3358564201996097,0.9997137770951866,0.30559444140945097,0.4680993637360608
0.1,0.4,0.3,1.0,0.11030968314668123,0.19870074956755718,0.9998530461435109,0.20327011062551215,0.3378544218941753,0.9997147369666103,0.3066230196667577,0.4693052005846473
0.1,0.4,0.35,1.0,0.11195498156241464,0.20136603265198025,0.9998538896658248,0.20444379950833105,0.33947408517679906,0.9997161490425223,0.3081488152144223,0.47109044939238237
0.1,0.4,0.4,1.0,0.11353839456432668,0.2039236278130288,0.9998548576049431,0.20580741259218793,0.3413518798722271,0.999717467405386,0.3095871175908222,0.4727695185457958
0.1,0.4,0.45,1.0,0.11490627560775744,0.20612723799607238,0.999855533082924,0.20676983747609942,0.34267465465168095,0.9997176094607718,0.30974289811526906,0.47295115486064615
0.1,0.4,0.5,1.0,0.1155571394427752,0.20717386023004863,0.9998567188619384,0.20848128926522808,0.34502170158815365,0.9997183117944913,0.3105153987981426,0.4738512339638433
0.1,0.45,0.0,1.0,0.11259730947828463,0.20240442524723232,0.9998409488536957,0.18780729308931987,0.31621723586583544,0.9997023377377668,0.2938468826823272,0.45419132247488236
0.1,0.45,0.05,1.0,0.11786397159246108,0.21087354917532072,0.9998469326394279,0.1951503175361923,0.3265621680108415,0.9997062279670975,0.2977392618137121,0.45882743697506617
0.1,0.45,0.1,1.0,0.12148533529090412,0.21665077815643805,0.9998499817835023,0.19911738596012019,0.33209830405922447,0.9997087075139252,0.30027442980060093,0.4618320861231456
0.1,0.45,0.15,1.0,0.1241549440043704,0.22088582124118245,0.9998518926009775,0.20168669762360011,0.3356643356643357,0.99971092356396,0.3025769939907129,0.46455092154990096
0.1,0.45,0.2,1.0,0.1264639101338432,0.22453255536401007,0.9998533693625756,0.20371824638077027,0.33847321153157495,0.9997125086773295,0.3042457661841027,0.4665153847789915
0.1,0.45,0.25,1.0,0.1284570472548484,0.22766847451985991,0.999854673794571,0.20554706705818082,0.3409936931690454,0.999714002706511,0.30583558112537557,0.4683822303853482
0.1,0.45,0.3,1.0,0.13007673791313848,0.23020868149776325,0.9998557132403715,0.20702804903031957,0.3430291865631138,0.9997149610678532,0.3068641593826823,0.4695876221328178
0.1,0.45,0.35,1.0,0.13174124214695437,0.2328115955146009,0.9998565103312561,0.2081782641354821,0.34460662408862264,0.9997163748555933,0.3083942228899208,0.47137719863332056
0.1,0.45,0.4,1.0,0.1333225211690795,0.23527728193656747,0.9998574352603334,0.20952907334061732,0.3464553315137904,0.9997176950142185,0.3098367932258946,0.47306061341617783
0.1,0.45,0.45,1.0,0.13469253619229718,0.23740798832481388,0.9998580826972397,0.21048509628516798,0.3477612440216692,0.9997178348990056,0.3099904397705545,0.47323969357221624
0.1,0.5,0.0,0.9999828787645316,0.12463722343621961,0.2216483401800708,0.9998253961325243,0.19551522807975963,0.3270717758690856,0.9996979916444355,0.29668080783938816,0.45756874128854647
0.1,0.5,0.05,0.9999835477608503,0.12970542543021032,0.22962655131377624,0.9998317525079392,0.2029030661021579,0.3373460633734607,0.9997019500979307,0.3006222685058727,0.46224266804916625
0.1,0.5,0.1,0.9999839843687439,0.13324142993717564,0.23515056106145032,0.9998349222070901,0.20679971319311663,0.342714470622352,0.9997044085355554,0.30312329281617045,0.46519381165096874
0.1,0.5,0.15,0.9999842999340597,0.13591957456978968,0.23931151864918787,0.9998369526449338,0.2093754267959574,0.3462440382609985,0.9997066301584198,0.3054194550669216,0.4678932674264268
0.1,0.5,0.2,0.9999845586078041,0.13819653100245835,0.2428337604922671,0.9998385012919897,0.2113835017754712,0.34898534385569335,0.9997082158091454,0.30707969134116364,0.46983919680026126
0.1,0.5,0.25,0.9999847723465813,0.14013631862878995,0.24582333541714235,0.9998398911259656,0.21321872439224257,0.35148274527737716,0.9997097202255889,0.30867164026222343,0.4717004513318202
0.1,0.5,0.3,0.9999849488260084,0.14177948306473642,0.24834781178511092,0.9998409685018239,0.21466342870800328,0.3534434143744828,0.9997106880114622,0.3097044864791041,0.47290560135553456
0.1,0.5,0.35,0.9999851174973584,0.14338636984430483,0.2508095356298327,0.999841822208162,0.21582217973231357,0.35501263689974727,0.9997121138384136,0.3112388179459164,0.4746923916881883
0.1,0.5,0.4,0.9999852780967523,0.14495057702813438,0.25319923807251726,0.9998428120916798,0.21718152485659656,0.3568497029262076,0.9997134396790525,0.31267925430210325,0.47636603627591545
0.1,0.55,0.0,0.9999843488332055,0.13634423654739142,0.2399695024046903,0.9997472628567384,0.21103352909041245,0.3485027091317563,0.9996980698033859,0.2967576311117181,0.4576601125860398
0.1,0.55,0.05,0.9999848910645756,0.14123745219885278,0.2475158659222056,0.99975546534944,0.21811407402349084,0.3581019649886221,0.9997020642689934,0.30073750341436767,0.46237889162666634
0.1,0.55,0.1,0.9999852520425921,0.14469449945370116,0.25280846510344623,0.9997596939462099,0.22195310366020213,0.36326011714125056,0.999704516673702,0.3032342597650915,0.46532448734993814
0.1,0.55,0.15,0.9999855154333058,0.14732569653100247,0.25681534538461115,0.999762416132895,0.22449680756623874,0.3666600445424984,0.9997067100549569,0.3055026802786124,0.4679909318400617
0.1,0.55,0.2,0.9999857303899884,0.14954503550942366,0.2601807728792416,0.9997645108419209,0.22649421264681782,0.369319901873793,0.9997083029482238,0.30717145247200217,0.46994660402583777
0.1,0.55,0.25,0.9999859146994197,0.1515018949740508,0.263137411879823,0.9997664031694418,0.22832943526358918,0.371756162812918,0.9997097984481127,0.30875486547391423,0.4717976309846984
0.1,0.55,0.3,0.9999860615521855,0.1530981118546845,0.26554172095226813,0.9997678801890384,0.22978267549849768,0.37368018309558554,0.999710769696928,0.30979197965036875,0.47300760319376495
0.1,0.55,0.35,0.9999862080379555,0.15472420445233542,0.26798419556692304,0.999769059517981,0.2309563643813166,0.3752307748313719,0.9997121927486278,0.31132417713739413,0.47479167310780923
0.1,0.6,0.0,0.999940959409594,0.1445685946462715,0.2526148579866432,0.9997459695344891,0.23515390262223437,0.380750167147233,0.9996430153305083,0.32268548552308113,0.48788223432143574
0.1,0.6,0.05,0.9999428383611758,0.1493209676317946,0.2598401366543814,0.9997533756705099,0.2422173757170172,0.38995707225569065,0.9996474045053869,0.32670376946189567,0.4924616973163192
0.1,0.6,0.1,0.9999441075370986,0.15271186151324775,0.26495906874451564,0.9997571447157292,0.24597744810161157,0.3948155772448506,0.9996500369405452,0.3291621141764545,0.4952497150471176
0.1,0.6,0.15,0.9999450458866846,0.15531958481289265,0.26887527798506083,0.9997596236392982,0.24851475006828735,0.3980775672885632,0.9996524336083827,0.33143266866976234,0.49781561411212644
0.1,0.6,0.2,0.9999458148765257,0.15752398593280525,0.27217202620066405,0.9997615357100275,0.25050788718929257,0.4006306887407726,0.9996541786743516,0.33310570882272605,0.4997006841048855
0.1,0.6,0.25,0.9999464682422847,0.1594467017208413,0.2750372701673017,0.9997632855959285,0.25236018164435947,0.40299611173397587,0.9996558185781483,0.334693389784212,0.5014852070816721
0.1,0.6,0.3,0.9999469931886248,0.16102584676317946,0.27738342492693957,0.9997646406146242,0.253813421879268,0.4048470408033017,0.9996568792532676,0.3357283699808795,0.5026462210876583
0.1,0.65,0.0,0.999826801266825,0.1724639784211964,0.29418316831683167,0.9997472171314561,0.2363147876263316,0.3822705501618123,0.9996439028250376,0.3234899959027588,0.48880132591269354
0.1,0.65,0.05,0.999830903578805,0.1766487127833925,0.3002497275122823,0.9997544764209677,0.24330357142857142,0.3913635973569038,0.9996482886638226,0.3275253516798689,0.4933946054202972
0.1,0.65,0.1,0.9998340445708866,0.1799926591095329,0.3050664776261917,0.9997581599426494,0.24701029431849222,0.3961450203375503,0.9996509147326912,0.32999009833378856,0.4961864148449056
0.1,0.65,0.15,0.999836400817996,0.18258544455066922,0.3087824779901224,0.9997606080555389,0.24953692638623326,0.399387947832116,0.9996532883036168,0.3322499829281617,0.4987371007292302
0.1,0.65,0.2,0.9998383147780293,0.18474716607484293,0.31186824112565653,0.9997625307437876,0.25155780524446875,0.40197231798512584,0.999655013799448,0.33391235318219065,0.5006078677279824
0.1,0.65,0.25,0.9998399963427735,0.18668908768096149,0.3146306639381701,0.9997642561861703,0.25339942980060093,0.4043201942180629,0.9996566458110789,0.3355000341436766,0.5023902345497538
0.1,0.7,0.0,0.9998279041180086,0.1735693799508331,0.295789860316606,0.9997509207038269,0.2398294523354275,0.38685626361824516,0.999644545083532,0.3240747063643813,0.4894686121129493
0.1,0.7,0.05,0.9998319509296715,0.17774984635345534,0.30183886345229444,0.9997578524975785,0.24669659928981152,0.39574147610571,0.9996489197781693,0.3281143301010653,0.49406268124848374
0.1,0.7,0.1,0.9998350612629595,0.1811023285987435,0.30665886161940276,0.9997614158266516,0.2503819823818629,0.4004696510213032,0.9996515229736707,0.33056627287626333,0.49683755420419273
0.1,0.7,0.15,0.9998373605947956,0.18366310434307567,0.31032219914618664,0.9997638027753174,0.2529128824091778,0.4037005686763075,0.9996538905268555,0.33282829145042336,0.4993884359971055
0.1,0.7,0.2,0.9998392393725742,0.1858098880087408,0.31338110542852726,0.9997656766505151,0.25493589524720023,0.4062737522976496,0.999655612244898,0.3344927956842393,0.5012599774866967
0.1,0.75,0.0,0.9998094602962893,0.17916040699262498,0.30386912302291075,0.9997308093087878,0.24568295889101338,0.3944340902550328,0.999645599527466,0.32503926522807974,0.4905681038619725
0.1,0.75,0.05,0.9998138539218652,0.1833899549303469,0.30993108074480397,0.9997379875755399,0.25241566511882,0.4030647972561988,0.999649950733807,0.32908102294455066,0.49515791366444467
0.1,0.75,0.1,0.9998172055295327,0.1867531070745698,0.3147204470832779,0.999741741991919,0.25608611035236273,0.4077310016427614,0.9996525387194122,0.3315329657197487,0.4979287556027762
0.1,0.75,0.15,0.9998196288864338,0.1892626673040153,0.31827659093437455,0.999744285608229,0.25863408221797324,0.4109542127740375,0.9996548903318165,0.3337928503141218,0.5004735393869585
0.1,0.8,0.0,0.9998107539091146,0.1803853113903305,0.30562917379247007,0.9997358127167827,0.25033716880633705,0.40041027461434353,0.999645599527466,0.32503926522807974,0.4905681038619725
0.1,0.8,0.05,0.9998151912770282,0.18471729035782572,0.31182454825787487,0.9997425527144079,0.2568927547118274,0.4087528288465097,0.9996499802303649,0.3291087646817809,0.49518932066111715
0.1,0.8,0.1,0.9998184603165599,0.18804416484567057,0.31655180217802464,0.9997461721116843,0.2605567980060093,0.41337784263074323,0.9996525566043198,0.33155003755804424,0.49794801203149214
0.1,0.85,0.0,0.999821402307062,0.20308872234362196,0.3376020319478391,0.9997278032017148,0.25080664435946465,0.40100994592012557,0.9996162259661512,0.3335026290630975,0.5001424113929114
0.1,0.85,0.05,0.9998251730272832,0.2074697828462169,0.3436335263772716,0.9997347370166204,0.25736436424474185,0.40934894432347946,0.9996206061449158,0.33735446257853047,0.5044618710660466
0.1,0.9,0.0,0.9997450605481198,0.21757844509696805,0.3573790775561565,0.9996583143507972,0.280949108850041,0.43862483924918544,0.9995907661972879,0.34402101543294183,0.5118743897695611
0.15,0.0,0.0,1.0,0.015328376809614859,0.03019392968761494,0.9999763766506815,0.09033136438131659,0.1656949264002161,0.9993544908451614,0.28081893608303743,0.43843694766003594
0.15,0.0,0.05,1.0,0.022825047801147226,0.044631382170814346,0.9999785495184367,0.09948186970773013,0.18096101330093337,0.9993601132223192,0.283287950696531,0.4414409321566098
0.15,0.0,0.1,1.0,0.027265859737776565,0.053084329590660284,0.9999794098873721,0.10363886233269598,0.18781263595494757,0.9993670131959131,0.28637795342802513,0.44518421209768916
0.15,0.0,0.15,1.0,0.030494571155422017,0.05918434120663162,0.9999798934352065,0.10613135072384594,0.19189609968688687,0.9993721098586139,0.2887039913957935,0.44799017189253987
0.15,0.0,0.2,1.0,0.03307455271783666,0.06403129886574663,0.9999802273850716,0.10792389374487844,0.19482147913163567,0.999375312343828,0.29018497336793225,0.44977144784975753
0.15,0.0,0.25,1.0,0.03536858098880087,0.06832075386143756,0.9999805934522308,0.1099597104616225,0.1981324151137104,0.999378632259951,0.29173637667304014,0.451633044434864
0.15,0.0,0.3,1.0,0.03719740166621142,0.07172675443740112,0.9999808425448763,0.11138947691887463,0.2004504547749934,0.9993804213135068,0.2925792986888828,0.4526426300516014
0.15,0.0,0.35,1.0,0.03858875648729855,0.07430998313098043,0.9999810189051704,0.1124244571155422,0.20212472088579914,0.9993836515383332,0.29411363015569514,0.4544769561281876
0.15,0.0,0.4,1.0,0.03992889579349904,0.07679158826148785,0.9999812047739874,0.11353626058453975,0.20391979502235477,0.9993867332361727,0.29559247814804696,0.45624083924836545
0.15,0.0,0.45,1.0,0.04133945643266867,0.07939669658592566,0.9999813794130791,0.11460111649822453,0.20563571198823694,0.9993870472262084,0.29574399071291996,0.45642132719449485
0.15,0.0,0.5,1.0,0.04268386369844305,0.08187306850044003,0.9999817070939889,0.11665400505326413,0.2089345161425945,0.9993886343529953,0.29651222343621964,0.4573358282275226
0.15,0.0,0.55,1.0,0.043744451652553945,0.08382214934564419,0.9999817454957011,0.11689941272876263,0.2093280523664043,0.9993888014035996,0.29659331466812344,0.4574322956692595
0.15,0.0,0.6,1.0,0.0444443970226714,0.0851062960352243,0.9999819527161162,0.11824168601475007,0.2114774683312405,0.9993915141276102,0.2979163821360284,0.45900453559844745
0.15,0.0,0.65,1.0,0.04531932873531822,0.08670906102950934,0.9999819865259214,0.11846361991259219,0.21183235964145752,0.9993919972532582,0.2981532538923791,0.45928567906510415
0.15,0.0,0.7,1.0,0.04551778885550396,0.08707224179385963,0.9999820001439989,0.11855324706364381,0.2119756412115292,0.9993919972532582,0.2981532538923791,0.45928567906510415
0.15,0.0,0.75,1.0,0.047212168806337065,0.09016734184850386,0.9999821147517528,0.11931294386779569,0.21318920155570809,0.9993924318451487,0.2983666518710735,0.45953887364217516
0.15,0.0,0.8,1.0,0.047431968724392246,0.09056811352083695,0.999982132647227,0.11943244673586452,0.2133799487586165,0.9993924361879302,0.2983687858508604,0.4595414051676962
0.15,0.0,0.85,1.0,0.04917756419011199,0.09374497867398347,0.9999821332856887,0.1194367146954384,0.21338676040550691,0.9993924361879302,0.2983687858508604,0.4595414051676962
0.15,0.05,0.0,1.0,0.02211229855230811,0.043267845585318494,0.9999810727940341,0.11274455408358372,0.2026419045646496,0.9993548582965223,0.28097898456705817,0.4386320253447087
0.15,0.05,0.05,1.0,0.029474528817263042,0.05726130757431284,0.9999824101598916,0.1213167508877356,0.21638224866259784,0.999360863811357,0.2836208515432942,0.4418450797872341
0.15,0.05,0.1,1.0,0.03385132136028408,0.0654858598347476,0.9999829682869503,0.12529235523081125,0.2226836733532832,0.9993677147724145,0.28669591641627973,0.44556837760616613
0.15,0.05,0.15,1.0,0.037077898798142585,0.07150455880143956,0.999983289049314,0.12769735045069652,0.22647407791480348,0.9993726520580702,0.2889536670308659,0.44829076028929027
0.15,0.05,0.2,1.0,0.03958105708822726,0.0761480921922341,0.9999835179324894,0.12947068765364655,0.22925861547763,0.9993758444457499,0.2904325150232177,0.4500687839786241
0.15,0.05,0.25,1.0,0.04182813780387872,0.08029757747194337,0.9999837651795571,0.1314424849767823,0.23234453153880388,0.9993790226547147,0.2919198989347173,0.4518529651240568
0.15,0.05,0.3,1.0,0.04360787694618957,0.08357138329349362,0.9999839421918908,0.1328914572521169,0.2346053650239318,0.9993807914214115,0.2927542850314122,0.45285204991087347
0.15,0.05,0.35,1.0,0.04495441819175089,0.08604091701826112,0.9999840662842575,0.1339264374487845,0.23621670857108445,0.9993840490441891,0.2943035543567331,0.4547037121294547
0.15,0.05,0.4,1.0,0.046318031275607754,0.08853528256440274,0.9999841964694913,0.13502970499863426,0.23793113172960323,0.9993871046825202,0.29577173245015026,0.45645436971219866
0.15,0.05,0.45,1.0,0.047688046298825455,0.09103481989184345,0.9999843206121233,0.13609882887189292,0.23958932053059245,0.9993874315364658,0.29592964695438406,0.4566424309479591
0.15,0.05,0.5,1.0,0.04900471182736957,0.09343087075748822,0.9999845504967015,0.13812397568970228,0.2427217414945578,0.9993890430257465,0.29671068355640534,0.4575718982317922
0.15,0.05,0.55,1.0,0.05009304151871073,0.09540686308379498,0.9999845764698624,0.13835657948647911,0.24308081073177318,0.9993891922966369,0.2967832388691614,0.45765818536020325
0.15,0.05,0.6,1.0,0.050758843212237094,0.09661368741292543,0.9999847253620089,0.13970525471182738,0.2451598648881433,0.9993919233107987,0.2981169762360011,0.4592426277093918
0.15,0.05,0.65,1.0,0.05162097104616225,0.09817409973254762,0.9999847467968274,0.13990158085222618,0.2454621018106663,0.9993923493205036,0.29832610625512157,0.4594907730763479
0.15,0.05,0.7,1.0,0.0518151632067741,0.09852522576076966,0.9999847549355896,0.13997627014476918,0.24557705591320153,0.9993923666959761,0.2983346421742693,0.4595008997608854
0.15,0.05,0.75,1.0,0.05351167713739415,0.10158725014381668,0.9999848388368355,0.14075090480742966,0.24676840652042964,0.9993927573815699,0.2985267003550942,0.45972871496997136
0.15,0.05,0.8,1.0,0.053750682873531824,0.10201783732553524,0.9999848484848485,0.14084053195848129,0.24690614431508695,0.9993927660577658,0.29853096831466813,0.4597337767648668
0.15,0.1,0.0,1.0,0.030008023763998908,0.05826755340087431,0.9999686490892561,0.13613083856869707,0.23963846867592534,0.999364837398374,0.28539632272603116,0.4439969988314034
0.15,0.1,0.05,1.0,0.03736385208959301,0.0720361559048542,0.9999703918636842,0.14414393266866976,0.2519672409387549,0.9993709481661289,0.2881704964490576,0.4473474985589632
0.15,0.1,0.1,1.0,0.041644615542201585,0.07995935450695828,0.9999711599469343,0.14798296230538105,0.25781290663176915,0.9993774262066945,0.29117087202950015,0.45095498877941886
0.15,0.1,0.15,1.0,0.04480930756623873,0.08577509262549886,0.9999716030100809,0.15029192843485387,0.26130996330499895,0.9993821821327072,0.2934136847855777,0.4536406962185061
0.15,0.1,0.2,1.0,0.04727192024037148,0.0902763061374195,0.9999719353390211,0.1520716675771647,0.2639959101416632,0.999385207365939,0.29485838910133844,0.4553657644356415
0.15,0.1,0.25,1.0,0.04943577574433215,0.09421400887399496,0.9999722922612285,0.1540306610215788,0.26694280589507946,0.9993882823688586,0.2963415050532641,0.45713269943264956
0.15,0.1,0.3,1.0,0.05117283529090413,0.09736331376322606,0.9999725470817548,0.15546042747883093,0.2690872825324123,0.9993899725846502,0.29716308727123736,0.45810976632793043
0.15,0.1,0.35,1.0,0.05251084061731767,0.09978204231420375,0.9999727260330015,0.1564804698169899,0.27061398167318035,0.9993931302342517,0.2987102226167714,0.4599463421125699
0.15,0.1,0.4,1.0,0.05385951584266594,0.10221384355883502,0.9999729155099333,0.15757520144769188,0.2722494750677942,0.9993960709083805,0.3001655968314668,0.4616700008041317
0.15,0.1,0.45,1.0,0.055195387189292545,0.10461643001741248,0.9999730911537168,0.15860377970499864,0.2737833213306246,0.999396379698474,0.30031924337612675,0.4618517454978053
0.15,0.1,0.5,1.0,0.05650138281890194,0.10695941101023056,0.9999734304009352,0.16062892652280797,0.27679533428206854,0.9993979189244707,0.3010874760994264,0.46275982518428627
0.15,0.1,0.55,1.0,0.05758117659109533,0.10889221152119388,0.9999734667073511,0.16084872644086315,0.2771216118091491,0.9993980766779498,0.3011664333515433,0.4628530948375099
0.15,0.1,0.6,1.0,0.058221370527178365,0.11003627813370277,0.9999736855954949,0.1621867317672767,0.279105124382129,0.99940071209504,0.3024916347992352,0.4644168251581229
0.15,0.1,0.65,1.0,0.05909843621961213,0.11160140398386467,0.999973717064196,0.16238092392788855,0.2793926231359108,0.9994011511987544,0.30271356869707733,0.46467839494748153
0.15,0.1,0.7,1.0,0.0593032982791587,0.11196660743999776,0.9999737308727917,0.16246628311936628,0.279518965824251,0.9994011511987544,0.30271356869707733,0.46467839494748153
0.15,0.1,0.75,1.0,0.06099981220977875,0.11498552875844993,0.9999738534748732,0.1632281139033051,0.28064575307283063,0.9994015391006189,0.3029098948374761,0.464909709337268
0.15,0.15,0.0,1.0,0.038458583720295,0.07406859420915274,0.9999193656766564,0.15877663206774106,0.27403879797723096,0.9994117647058823,0.3081786909314395,0.4710915532010673
0.15,0.15,0.05,1.0,0.04575466061185469,0.08750553516076964,0.9999229761996457,0.16621995356459984,0.2850545099230384,0.9994166495092993,0.31076080647364107,0.4741029890056941
0.15,0.15,0.1,1.0,0.04992659109532915,0.09510491784619639,0.999924668541583,0.1699544181917509,0.29052851222786436,0.9994221657228707,0.31372917235727943,0.477550271313234
0.15,0.15,0.15,1.0,0.05301659382682327,0.1006946977618897,0.999925685550794,0.17228045615951926,0.2939204071750772,0.9994261487152483,0.3159079657197487,0.48007069544208975
0.15,0.15,0.2,1.0,0.05535756965310024,0.10490770378668239,0.9999264453488942,0.1740601953018301,0.29650659784070665,0.9994287404061992,0.3173420001365747,0.4817250349043249
0.15,0.15,0.25,1.0,0.05751288923791314,0.10877009599260633,0.9999272489178277,0.17598291108986616,0.29929175565842414,0.9994313544468082,0.318801642310844,0.48340522192704566
0.15,0.15,0.3,1.0,0.05917952745151598,0.11174598057782972,0.9999278282311902,0.17739560570882273,0.30133232320120057,0.9994328039503536,0.31961682258945645,0.48434195463629487
0.15,0.15,0.35,1.0,0.06052180073750341,0.11413589177594577,0.9999282322404699,0.17839430824911226,0.3027719476794197,0.9994355309993094,0.3211618239552035,0.4861141616816754
0.15,0.15,0.4,1.0,0.06185127014476919,0.11649704979179731,0.9999286453316208,0.1794271544659929,0.30425822560363314,0.9994380759721285,0.3226171981698989,0.48777977459935407
0.15,0.15,0.45,1.0,0.06317860557224803,0.11884852693822334,0.9999290620825008,0.18048134048074296,0.305772529822538,0.9994383395997013,0.3227687107347719,0.4879529635693489
0.15,0.15,0.5,1.0,0.06449527110079213,0.12117530786979958,0.9999298401524808,0.18248301352089594,0.3086404380223306,0.9994396983599642,0.3235518813165802,0.4888475476856808
0.15,0.15,0.55,1.0,0.06557506487298552,0.12307920302320877,0.9999299253705196,0.18270494741873805,0.30895781722783455,0.9994398202152408,0.3236223026495493,0.4889279352618301
0.15,0.15,0.6,1.0,0.06619605299098608,0.12417238425388491,0.9999304355891526,0.18404508672493855,0.31087177102651303,0.999442114451861,0.324953906036602,0.49044638299174353
0.15,0.15,0.65,1.0,0.06707952062278066,0.12572543906311873,0.9999305064918519,0.18423287694618956,0.3111396223423138,0.999442476715204,0.32516517003550943,0.4906870101180547
0.15,0.15,0.7,1.0,0.06726517686424474,0.12605147871849062,0.9999305362600722,0.18431183419830646,0.31125221628010896,0.999442476715204,0.32516517003550943,0.4906870101180547
0.15,0.2,0.0,1.0,0.053402844168260036,0.10139111445142443,0.9998893383663884,0.173535236274242,0.2957429669216656,0.9994051642557794,0.3155131794591642,0.47961229296015884
0.15,0.2,0.05,1.0,0.060336144496039336,0.11380569229716513,0.999893689905266,0.1806392549849768,0.3059974768013939,0.9994098237519113,0.31800566785031414,0.48248709763062636
0.15,0.2,0.1,1.0,0.06443338568697077,0.12106607431405647,0.999895808008891,0.18431183419830646,0.3112505337962871,0.9994152241087152,0.32094415801693527,0.4858623825499562
0.15,0.2,0.15,1.0,0.0674102874897569,0.12630623534327476,0.9998971005213574,0.18662720226714014,0.3145455984117165,0.9994191380801194,0.3231080135208959,0.48833830290578883
0.15,0.2,0.2,1.0,0.06967230606391696,0.13026850497848408,0.9998980470343015,0.1883599938541382,0.31700318199122257,0.9994216195965797,0.3244951003824092,0.4899211768856413
0.15,0.2,0.25,1.0,0.07179348197213876,0.13396887213763636,0.9998990556091433,0.19024216402622235,0.31966451881254865,0.9994242307264507,0.32596754643540016,0.49159783537453716
0.15,0.2,0.3,1.0,0.07344945028680688,0.13684752508314663,0.9998998040612754,0.19166339456432668,0.32166852902412474,0.9994256736912865,0.32678699467358646,0.4925293206675126
0.15,0.2,0.35,1.0,0.07480666143130292,0.1392002191941834,0.9999003178752202,0.1926514272056815,0.32305889299421175,0.9994283635607754,0.3283255940999727,0.49427517701332585
0.15,0.2,0.4,1.0,0.07611052308112537,0.1414548439935432,0.9999008603121798,0.1937056132204316,0.324539810400276,0.9994308774834437,0.3297767003550942,0.4959180529882933
0.15,0.2,0.45,1.0,0.07742078667030866,0.14371504175183406,0.9999013871540333,0.19474059341709915,0.325991205164019,0.9994311497239783,0.32993461485932807,0.4960966202796058
0.15,0.2,0.5,1.0,0.07871611240098333,0.14594407461992698,0.9999023956446768,0.19675293635618685,0.32880600980355446,0.9994324740905075,0.3307049815624146,0.496967131498059
0.15,0.2,0.55,1.0,0.0798087100518984,0.14782008944540292,0.9999025024374391,0.19696846831466813,0.3291069282854178,0.9994326131388744,0.3307860727943185,0.4970587056380822
0.15,0.2,0.6,1.0,0.08040409041245561,0.14884077379188837,0.9999031643730969,0.19831500956022943,0.33098447330508995,0.999434872236172,0.33210914026222343,0.49855123533416085
0.15,0.2,0.65,1.0,0.08127688814531549,0.15033501416039236,0.9999032549339983,0.19850066580169354,0.3312430114878676,0.999435227673844,0.3323182702813439,0.49878688004766
0.15,0.25,0.0,1.0,0.06948664982245288,0.12994393120098968,0.9998125410066548,0.18210529909860693,0.30809444725250923,0.9993819652191065,0.3243670615951926,0.48977046993489637
0.15,0.25,0.05,1.0,0.07617240849494673,0.14156171983906501,0.999819435510264,0.18905993922425568,0.317989874717122,0.9993863388584597,0.3266802956842393,0.4924033471269101
0.15,0.25,0.1,1.0,0.08010533324228353,0.14832874308993846,0.999822852081488,0.19270691068014204,0.32313285432112904,0.9993917393020532,0.32958250819448237,0.4956936324815813
0.15,0.25,0.15,1.0,0.0829862059546572,0.15325440988697447,0.9998249146458899,0.19497746517344988,0.3263189474135345,0.9993956305373745,0.3317058180824911,0.4980917803961278
0.15,0.25,0.2,1.0,0.08520767891286533,0.1570347880291896,0.9998264566792485,0.19671025676044795,0.3287423056896884,0.9993981534836669,0.33309717290357826,0.4996590876352846
0.15,0.25,0.25,1.0,0.08729897910406993,0.16057952924043753,0.9998281011624659,0.1985924269325321,0.33136663545112394,0.9994007777140307,0.33455681507784757,0.5012998059084413
0.15,0.25,0.3,1.0,0.08898482313575526,0.16342711348266828,0.9998292859886475,0.19997097787489757,0.333283540684151,0.9994022371592275,0.33537412933624694,0.5022169459352795
0.15,0.25,0.35,1.0,0.09026094304834745,0.16557677063250506,0.9998301233729004,0.20095687653646543,0.3346517553492041,0.9994049691406868,0.3369148627424201,0.5039428136416085
0.15,0.25,0.4,1.0,0.09155413479923519,0.16775005816101707,0.9998310043621998,0.20200466061185468,0.3361033934864234,0.999407541865991,0.33837877287626333,0.5055789461937382
0.15,0.25,0.45,1.0,0.09289000614586179,0.16998967073263602,0.999831860360029,0.20303323886916144,0.33752596374033955,0.9994077994077994,0.3385260174815624,0.5057433154057303
0.15,0.25,0.5,1.0,0.09414692024037148,0.17209191654021835,0.9998335050312699,0.20503917986888828,0.34029328483620713,0.9994091543364301,0.3393027861240098,0.5066098244071231
0.15,0.25,0.55,1.0,0.0952629916689429,0.17395455227384757,0.999833678104762,0.20525257784758263,0.3405871386154917,0.999409273154607,0.33937107347719203,0.5066859529673396
0.15,0.25,0.6,1.0,0.09582849631248293,0.17489688693979133,0.9998347517144509,0.20658631521442228,0.34242136985526106,0.999411565860804,0.340694140945097,0.5081594133243363
0.15,0.3,0.0,1.0,0.08673987639989074,0.15963318965940443,0.999820345834269,0.19001809614859327,0.3193441258956942,0.9993833518109121,0.3250968826823272,0.49060213028041444
0.15,0.3,0.05,1.0,0.09303084881180006,0.17022547700813934,0.999826751702706,0.1970452915869981,0.3292100520357031,0.9993878335167662,0.32747840412455614,0.4933096095705131
0.15,0.3,0.1,1.0,0.09684000273149412,0.17657999797660645,0.9998298216317978,0.2006005019120459,0.3341574435638532,0.9993930667562001,0.3303037933624693,0.49650913815087777
0.15,0.3,0.15,1.0,0.0996035065555859,0.18116258444388814,0.999831734814067,0.20288172630428844,0.3373165677954075,0.9993969294728265,0.3324207013111172,0.49889747740909585
0.15,0.3,0.2,1.0,0.10180150573613767,0.18479100855488823,0.9998331108144193,0.20455476645725212,0.3396258503401361,0.9993994646291056,0.333824860010926,0.5004774968606781
0.15,0.3,0.25,1.0,0.10387146612947282,0.1881948565872066,0.9998346133570387,0.20641346285167986,0.34218388222537854,0.9994020660526182,0.3352781002458345,0.5021092461682028
0.15,0.3,0.3,1.0,0.10551463056541928,0.19088780491571325,0.9998357154591753,0.20779841573340618,0.3440848056537103,0.9994035230214732,0.33609754848402074,0.5030277866496327
0.15,0.3,0.35,1.0,0.10681849221524174,0.19301898724415037,0.9998364777303109,0.2087672425566785,0.34541198402694656,0.9994062432886542,0.33763828189019396,0.5047517873036838
0.15,0.3,0.4,1.0,0.1081180859054903,0.19513820283357694,0.999837294202589,0.20981502663206775,0.34684493204808226,0.9994087827213606,0.3390893881453155,0.5063718726199087
0.15,0.3,0.45,1.0,0.10939847377765638,0.1972212444193101,0.9998380730695273,0.210824399071292,0.34822300314759136,0.9994090540464081,0.33924516866976234,0.5065455848966424
0.15,0.3,0.5,1.0,0.11066819175088774,0.1992821844954925,0.9998396022134894,0.21283460803059273,0.35096065873741994,0.9994103884536496,0.340013401393062,0.5074016575509327
0.15,0.3,0.55,1.0,0.11177145930073751,0.2010691286697314,0.9998397548248821,0.21303733611035236,0.35123624561310923,0.9994105067760365,0.34008168874624417,0.5074777054040412
0.15,0.35,0.0,0.9999800669749641,0.10705536397159246,0.19340524619488947,0.9998163902319603,0.20916416279705,0.34595388269842337,0.9993806171891634,0.3305470670581808,0.4967823977190543
0.15,0.35,0.05,0.9999811053377421,0.11293874624419557,0.20295551767577508,0.9998221800723134,0.2159758262769735,0.35521923928723104,0.9993851356544462,0.33297767003550943,0.49952300156865254
0.15,0.35,0.1,0.99998169939425,0.11660492351816444,0.20885578813991756,0.9998250303766707,0.21949475894564327,0.3599652133134319,0.999390243902439,0.3357689155968315,0.5026579431609078
0.15,0.35,0.15,0.9999821150716292,0.11931507784758263,0.21319260811292592,0.9998267731690886,0.22170342802512974,0.36293007381427306,0.9993940847523952,0.337898627424201,0.5050410974633439
0.15,0.35,0.2,0.9999824339516582,0.12148106733133024,0.21664357912683435,0.9998280638074315,0.22336793225894563,0.36515738760644545,0.9993965300477747,0.3392686424474187,0.5065701431284333
0.15,0.35,0.25,0.9999827267545299,0.12354035782573067,0.2199122128922832,0.9998294776331496,0.22522022671401257,0.36762887387967935,0.9993991099315862,0.3407261506419011,0.5081934080344255
0.15,0.35,0.3,0.9999829555138913,0.12519846012018573,0.222535360853288,0.9998305068785959,0.2265881077574433,0.3694492238264322,0.9994005544870994,0.34154773285987433,0.5091068713459593
0.15,0.35,0.35,0.9999831243566161,0.12645110625512154,0.22451194907788924,0.9998312394524658,0.22757187243922425,0.3707558911672473,0.9994032337272405,0.3430820643266867,0.5108098018189762
0.15,0.35,0.4,0.9999832937953156,0.12773362810707456,0.22653112972263117,0.9998320096314478,0.2286153885550396,0.37213963529753,0.999405756731662,0.34453957252116907,0.5124238682996963
0.15,0.35,0.45,0.9999834615066567,0.12902895383774926,0.2285658122792129,0.9998327495052173,0.2296268949740508,0.3734786917052363,0.9994060104319418,0.3446868171264682,0.5125867346210174
0.15,0.35,0.5,0.99998361998362,0.13027733201311117,0.2305223370552319,0.9998341961275584,0.23163070199399072,0.37612488521579435,0.99940733057989,0.3454550498497678,0.5134358938576279
0.15,0.4,0.0,0.9999825774866282,0.12248190385140673,0.21823366698035193,0.9998186379711634,0.21175694823818628,0.3494929181114259,0.9994127298375622,0.3522645793499044,0.5209197527844879
0.15,0.4,0.05,0.9999833322221482,0.12802811731767277,0.22699412036231278,0.9998243508299424,0.21864543499043976,0.3588222418729261,0.9994165659190289,0.354582081398525,0.5234498672946216
0.15,0.4,0.1,0.9999837838714385,0.1315939975416553,0.23258120786384423,0.9998270544490243,0.2220640706091232,0.3634131733390142,0.999421078703455,0.3573477192024037,0.5264579249592477
0.15,0.4,0.15,0.999984109580334,0.13429134799235182,0.23678413060941905,0.9998287410564773,0.22425139989074022,0.3663371168809437,0.9994244962859244,0.35947102909041245,0.5287590480196372
0.15,0.4,0.2,0.9999843574020774,0.13641892583993445,0.2400851773401235,0.9998300010388825,0.22591377014476918,0.3685523358938608,0.9994266834524295,0.3608431780934171,0.530242286362945
0.15,0.4,0.25,0.9999845890674844,0.13846968041518712,0.24325535101415754,0.9998313959478826,0.22778313643813167,0.3710362255742856,0.999429008712032,0.3623134901666211,0.5318283194045933
0.15,0.4,0.3,0.9999847663152763,0.14008083515432943,0.24573796635295703,0.9998323991135776,0.22914674952198852,0.3728433384374468,0.9994302730577891,0.36311800054629884,0.5326947007583762
0.15,0.4,0.35,0.9999848992781855,0.14131427547118275,0.24763382757137783,0.9998331015299027,0.23011130838568697,0.3741191899496581,0.9994326788669954,0.364658733952472,0.5343510734270709
0.15,0.4,0.4,0.9999850348687558,0.1425946633433488,0.24959751975048092,0.9998338548445158,0.23115482450150232,0.375497229381555,0.9994349229281478,0.3661077062278066,0.5359053893225627
0.15,0.4,0.45,0.9999851720047449,0.14391346285167986,0.2516155269677342,0.9998345770687057,0.23216419694072657,0.3768279588514426,0.999435149976416,0.3662549508331057,0.5360631544425964
0.15,0.45,0.0,0.9999841191697502,0.13437243922425568,0.23691017481945234,0.9998246553991526,0.2190252833925157,0.35933361691550125,0.9994132413876539,0.3525718724392243,0.5212557361067512
0.15,0.45,0.05,0.9999847351549381,0.139794881862879,0.24529785553005143,0.9998298708909095,0.22574091778202676,0.36832227851186433,0.9994171163483841,0.3549171162250751,0.5238149229475514
0.15,0.45,0.1,0.9999851073018898,0.14328820677410545,0.2506593498894084,0.9998323647742512,0.22909980196667576,0.3727811883663435,0.9994216137572447,0.35767848606937996,0.5268168645767197
0.15,0.45,0.15,0.9999853807581539,0.14596848538650642,0.2547508337818033,0.9998339498713111,0.2312871312482928,0.37567178328240985,0.9994250011855645,0.3597868580988801,0.5291007117482395
0.15,0.45,0.2,0.9999855899475474,0.14808752731494126,0.25797205968728854,0.9998351331299975,0.23294736752253484,0.3778589687895366,0.99942720143613,0.3611696770008194,0.5305947782905297
0.15,0.45,0.25,0.9999857835401829,0.15010413821360283,0.26102655353289456,0.9998364171725617,0.23477618819994536,0.3802614388121194,0.9994294956624026,0.3626229172357279,0.532161664054316
0.15,0.45,0.3,0.9999859321366271,0.15168968519530182,0.26342061768564295,0.9998373763382572,0.2361611410816717,0.3820760823969908,0.9994307678765294,0.36343382955476644,0.5330345392034278
0.15,0.45,0.35,0.9999860481339379,0.15295086724938542,0.2653202118149192,0.9998380173321455,0.2370958242283529,0.38329846083787134,0.9994331562677139,0.3649660270417919,0.5346809831007096
0.15,0.45,0.4,0.9999861616594938,0.15420564736410816,0.2672060435852541,0.9998387197935613,0.23812867044523353,0.3846470704824935,0.9994353965611577,0.36641499931712646,0.536234599709561
0.15,0.5,0.0,0.9999417766844733,0.14659800942365475,0.2557076095877791,0.9997394710363663,0.23747567263042885,0.38378741895433854,0.9994125545485062,0.35578991395793497,0.5247642548691284
0.15,0.5,0.05,0.9999437522850634,0.1517473026495493,0.2635060271769541,0.9997463394153561,0.24390748770827642,0.392143879066927,0.9994164096089945,0.3581415596831467,0.5273182579406599
0.15,0.5,0.1,0.9999450088673202,0.1552150198033324,0.26871858530665177,0.9997497713427788,0.24725356801420376,0.3964571549797947,0.9994208756596403,0.36090506350723844,0.530308280118966
0.15,0.5,0.15,0.999945916711736,0.15782060912319038,0.272614676869996,0.9997519353321073,0.2494110215788036,0.3992259779031379,0.9994242406439104,0.3630155695165255,0.5325836153646265
0.15,0.5,0.2,0.999946632511474,0.1599375170718383,0.27576716461844136,0.9997535710947392,0.2510669898934717,0.40134472930585424,0.9994264007819679,0.3643834505599563,0.5340545680020142
0.15,0.5,0.25,0.9999472879658426,0.1619263862332696,0.27871851193405967,0.9997553754143856,0.25291928434853866,0.4037080372029968,0.9994286880228525,0.3658430927342256,0.5356209471946112
0.15,0.5,0.3,0.9999478004410862,0.16351620117454246,0.28107043359126394,0.9997566848733502,0.2542807634526086,0.40544067234324893,0.9994299375839825,0.3666454691341164,0.5364805727855068
0.15,0.5,0.35,0.9999481939101942,0.16475817741054358,0.28290330677385733,0.9997575737310239,0.25521331261950286,0.4066252771015517,0.9994323085924149,0.36817766662114176,0.5381192913072702
0.15,0.55,0.0,0.9999038778424695,0.1553900061458618,0.26897929933952924,0.9997400199019247,0.23797715788036056,0.3844420887521438,0.9994135529118893,0.3563959642174269,0.5254233022292973
0.15,0.55,0.05,0.9999068703102549,0.16038351884730948,0.27642835600214793,0.999746873008807,0.2444217768369298,0.3928083336905731,0.9994174157036192,0.35876041382136026,0.5279888948908961
0.15,0.55,0.1,0.9999088090461427,0.16379361854684513,0.2814786291875241,0.9997502734075624,0.2477507853045616,0.39709612046482595,0.9994218732486594,0.361528185605026,0.5309808014467476
0.15,0.55,0.15,0.9999102426014259,0.16640987776563781,0.2853332260023857,0.9997524224185769,0.2499018369298006,0.3998545437162715,0.999425189599451,0.3636152178366566,0.5332288111857474
0.15,0.55,0.2,0.9999113463949645,0.1684819721387599,0.2883738428356713,0.9997540330104663,0.25153859942638623,0.4019471108761999,0.9994273593670568,0.3649937687790221,0.5347099234851386
0.15,0.55,0.25,0.9999123685528293,0.17044736752253484,0.2912479397908432,0.9997558285411177,0.2533887599016662,0.4043059227719165,0.9994296091076292,0.36643420513520897,0.5362543330939071
0.15,0.55,0.3,0.9999131718329426,0.17202437858508604,0.2935471125782235,0.9997571250303594,0.2547417030865884,0.4060264178731351,0.999430854647246,0.3672365815350997,0.5371132154382986
0.15,0.6,0.0,0.9998305946129087,0.17632648183556404,0.29978412698412693,0.9997497356077791,0.26426778885550395,0.4180347929117924,0.9993863387856202,0.382285406992625,0.5530268885252987
0.15,0.6,0.05,0.9998349971124495,0.18103190726577437,0.3065578954025169,0.9997556072371793,0.2706185127014477,0.42594125816815104,0.9993901458660206,0.3846733303742147,0.5555218273626727
0.15,0.6,0.1,0.9998380529335554,0.18444840890467085,0.3114424490501859,0.9997585161988892,0.2738792338158973,0.42997013305281073,0.9993944631916194,0.387417628380224,0.5583785072239779
0.15,0.6,0.15,0.9998402738163149,0.18701345260857688,0.3150911986883784,0.9997604272123775,0.2760644291177274,0.43265858981112193,0.9993977189975854,0.38951319653100247,0.560552294290799
0.15,0.6,0.2,0.9998420007222825,0.18905780524446872,0.3179879974731522,0.9997618151224347,0.27767344987708276,0.4346322978026217,0.9993998286783682,0.3908832115542202,0.5619699059195662
0.15,0.6,0.25,0.9998436156071624,0.191010396749522,0.3207454880664217,0.9997633930956579,0.27952574433214966,0.43689827175894347,0.9994020309204374,0.39232364791040697,0.5634573773606879
0.15,0.65,0.0,0.999832321272442,0.17814249863425294,0.3024048136120021,0.9997425003218746,0.2651256487298552,0.4191067332343813,0.9993678301861086,0.3913270793499044,0.5624234208399593
0.15,0.65,0.05,0.9998366851756801,0.18290340753892378,0.3092370637091129,0.9997483821760224,0.271324860010926,0.42681504233909884,0.999371236225466,0.3934482552581262,0.5646113823827088
0.15,0.65,0.1,0.9998396389585695,0.1862729616225075,0.31403947754226846,0.9997513829324383,0.2746005189838842,0.4308578316480278,0.9993756526044975,0.3962330988800874,0.5674738157890715
0.15,0.65,0.15,0.999841802546979,0.188820933488118,0.31765286615629007,0.9997533224384076,0.276760106528271,0.4335118295528235,0.9993788853133149,0.3982966573340617,0.5695875148198953
0.15,0.65,0.2,0.9998434617319841,0.19082260652827096,0.3204806798042445,0.9997547779974558,0.2784032709642174,0.435525169336774,0.9993809965954813,0.3996560024583447,0.570976484971174
0.15,0.7,0.0,0.9998343136442714,0.18028501434034416,0.30548630006960703,0.9997079600615651,0.2702856118546845,0.4255244808106125,0.9993678301861086,0.3913270793499044,0.5624234208399593
0.15,0.7,0.05,0.999838534818813,0.18499897568970228,0.3122269562805908,0.9997142790952687,0.2762650232177001,0.43290057765776907,0.9993712566736226,0.39346105913684787,0.5646245691720907
0.15,0.7,0.1,0.9998414208690136,0.18836639579349904,0.31700940218211066,0.9997176197635638,0.27953428025129745,0.4369043271179063,0.9993756526044975,0.3962330988800874,0.5674738157890715
0.15,0.7,0.15,0.9998435072266127,0.19087809000273148,0.32055892730110436,0.9997197840064829,0.2816938677956842,0.4395378998383415,0.9993788853133149,0.3982966573340617,0.5695875148198953
0.15,0.75,0.0,0.9998170424918813,0.1865866566511882,0.3144840484839766,0.9997031783351429,0.27311740303195847,0.4290256456670873,0.999352544711564,0.4018454657197487,0.573202767572043
0.15,0.75,0.05,0.999821647530933,0.19140518301010653,0.3213007640806852,0.9997095689391623,0.2791288240917782,0.43640816217586836,0.9993557177409985,0.40382579896203225,0.5752151326968262
0.15,0.75,0.1,0.9998246844319776,0.19472138759901667,0.32596021947873804,0.9997129193832299,0.28238741122644084,0.44038104746453677,0.9993600973491246,0.406591436765911,0.5780160239783274
0.15,0.8,0.0,0.9998185097380868,0.18809538036055723,0.31662436890117407,0.9996796363109358,0.27967725689702266,0.4370753148610409,0.9993525481475978,0.40184759969953565,0.5732049391284232
0.15,0.8,0.05,0.9998230656094836,0.19293951447691887,0.32345980677486463,0.9996861549497847,0.2854880838568697,0.4441397535323488,0.9993557381550876,0.4038386028407539,0.5752281252089755
0.15,0.85,0.0,0.9997518420952163,0.22352584676317946,0.3653632843838292,0.9996796363109358,0.27967725689702266,0.4370753148610409,0.9993525481475978,0.40184759969953565,0.5732049391284232
0.2,0.0,0.0,1.0,0.04433556405353729,0.08490673990159057,0.999916224518291,0.1528228284621688,0.26512509533011985,0.9969493125626955,0.3605422869434581,0.5295684853575895
0.2,0.0,0.05,1.0,0.051354223572794316,0.09769157230049139,0.99992,0.1600356801420377,0.27591205427440363,0.9969807398063468,0.3643066272876263,0.5336223630208707
0.2,0.0,0.1,1.0,0.05544079486479104,0.10505713846676426,0.9999214546597023,0.16299977806610216,0.28030613012548694,0.9970080152782198,0.3676377697350451,0.5371911263277533
0.2,0.0,0.15,1.0,0.05873565965583174,0.11095434279586884,0.9999224295078152,0.16504839866156787,0.283330005842951,0.9970178181042091,0.36884987025402893,0.5384853832961302
0.2,0.0,0.2,1.0,0.0610318219065829,0.11504239674341524,0.9999232167080443,0.16674064463261404,0.2858198445358939,0.9970284111483437,0.37016866976236,0.5398909723011132
0.2,0.0,0.25,1.0,0.0628926522807976,0.11834243495020881,0.9999239456972279,0.1683389954930347,0.2881649098902464,0.9970390818290112,0.37150667508877355,0.5413142707892838
0.2,0.0,0.3,1.0,0.0646702574433215,0.12148410644741668,0.9999245975393664,0.16979436970773013,0.29029462896379116,0.9970459506096655,0.3723730708822726,0.5422344170957487
0.2,0.0,0.35,1.0,0.06602320062824366,0.12386822461149802,0.999925,0.170705579076755,0.2916253499766682,0.9970583884292818,0.37395221592461075,0.5439085483004895
0.2,0.0,0.4,1.0,0.0674593690248566,0.12639238734956618,0.9999255213505461,0.1719006077574433,0.2933674212627101,0.9970698752571652,0.3754225279978148,0.5454638470446522
0.2,0.0,0.45,1.0,0.06836204247473368,0.12797542360524364,0.9999260919908354,0.17322794318492216,0.2952982047690937,0.9970719993656942,0.37569567741054355,0.5457524190960958
0.2,0.0,0.5,1.0,0.06939702267140126,0.1297872000766271,0.9999267426101608,0.1747665426113084,0.2975308395290921,0.9970786504156001,0.3765535372848948,0.5466579716565388
0.2,0.0,0.55,1.0,0.07065180278612401,0.1319790479075812,0.9999268729661543,0.17507810366020213,0.29798222850158995,0.9970803002151655,0.3767669352635892,0.5468830583523442
0.2,0.0,0.6,1.0,0.07102524924883911,0.13263039185799308,0.9999274064753424,0.17636489347172904,0.2998439937597504,0.9970904875262391,0.3780900027314941,0.5482770411928807
0.2,0.0,0.65,1.0,0.07195566443594646,0.13425119493875504,0.999927473165071,0.17652707593553674,0.30007835512282893,0.9970904875262391,0.3780900027314941,0.5482770411928807
0.2,0.0,0.7,1.0,0.07222454588910134,0.1347190682511598,0.999927473165071,0.17652707593553674,0.30007835512282893,0.9970904875262391,0.3780900027314941,0.5482770411928807
0.2,0.0,0.75,1.0,0.07373753755804426,0.13734741494786967,0.9999277856678622,0.1772910406992625,0.30118145203681745,0.9970904875262391,0.3780900027314941,0.5482770411928807
0.2,0.0,0.8,1.0,0.07441187517071839,0.13851647936950573,0.9999277874061236,0.1772953086588364,0.3011876105681389,0.9970905038999629,0.37809213671128106,0.5482792873919623
0.2,0.05,0.0,1.0,0.05193893403441682,0.09874895272716945,0.9999011747847464,0.1727307258945643,0.29457437690948557,0.9969897231360447,0.36539709095875444,0.5347925284960015
0.2,0.05,0.05,1.0,0.05893198579623054,0.11130457212871607,0.9999048988956384,0.1794954418191751,0.304355298889691,0.9970216148953821,0.36932147978694346,0.5389883399357202
0.2,0.05,0.1,1.0,0.06290545615951926,0.11836510160895909,0.9999064119511938,0.18239765432941818,0.30851722376730095,0.9970471822579632,0.3725288514067195,0.5423997390068277
0.2,0.05,0.15,1.0,0.06611922971865611,0.12403721436692342,0.9999074149085143,0.18437371961212784,0.31133933317117557,0.9970566802541388,0.37373454998634253,0.5436780181914134
0.2,0.05,0.2,1.0,0.06835990849494673,0.12797168435728526,0.9999082716077694,0.18609584130019122,0.3137911057856652,0.9970671325973746,0.37507042133296914,0.5450916906243893
0.2,0.05,0.25,1.0,0.07017379131384867,0.13114466432166413,0.9999090288833296,0.18764511062551215,0.3159907141881742,0.9970771640010628,0.3763614791040699,0.5464553340015584
0.2,0.05,0.3,1.0,0.07189164504233816,0.13413976193367672,0.9999097279425869,0.18909835086042065,0.31804877348451,0.9970838409819052,0.37722574091778205,0.5473667587351524
0.2,0.05,0.35,1.0,0.07321684649003005,0.1364437144822814,0.9999101628298709,0.1900138281890194,0.3193426795634601,0.9970960113688065,0.37881128789948104,0.5490358608126017
0.2,0.05,0.4,1.0,0.07465088090685605,0.13893047915963383,0.9999107083063598,0.19117471319311663,0.3209805769237659,0.9971071096836286,0.3802687960939634,0.5505667967410346
0.2,0.05,0.45,1.0,0.07557916211417645,0.1405366797281881,0.999911305254055,0.19246150300464354,0.3227923873265271,0.9971090508516278,0.3805248736683966,0.5508354416302927
0.2,0.05,0.5,1.0,0.07660560639169625,0.14230950672539078,0.9999120153973055,0.19401504028953837,0.32497457701333077,0.9971155348255931,0.3813827335427479,0.5517346768666531
0.2,0.05,0.55,1.0,0.07785398456705818,0.14446109710923377,0.9999121371539027,0.19428392174269327,0.3253516873667716,0.9971169664017845,0.38157265774378585,0.5519336104195959
0.2,0.05,0.6,1.0,0.07819115337339524,0.14504135584632527,0.9999127199729432,0.19558138145315487,0.3271690104896416,0.9971268998860763,0.3828957252116908,0.553317924672309
0.2,0.05,0.65,1.0,0.07912370254028954,0.14664436033427858,0.9999127865778543,0.19573076003824091,0.32737798860328693,0.9971268998860763,0.3828957252116908,0.553317924672309
0.2,0.05,0.7,1.0,0.07940538787216607,0.14712801837815181,0.9999127865778543,0.19573076003824091,0.32737798860328693,0.9971268998860763,0.3828957252116908,0.553317924672309
0.2,0.05,0.75,1.0,0.08093971933897842,0.1497580630832496,0.9999131265745809,0.19649685878175363,0.32844892776121104,0.9971269158525335,0.38289785919147773,0.5533201552993274
0.2,0.1,0.0,1.0,0.06182779636711281,0.11645541127977153,0.9999002294722139,0.19248070882272603,0.32281882197149325,0.9971050524394273,0.3799977806610216,0.5502823723916285
0.2,0.1,0.05,1.0,0.06872055107894018,0.1286034052766413,0.9999033909767172,0.1987802171537831,0.331632153544085,0.9971338126943824,0.3838218724392243,0.5542853708934078
0.2,0.1,0.1,1.0,0.07264067194755532,0.13544269548471297,0.9999047316608447,0.201577864654466,0.3355165714163935,0.9971570913250044,0.38697376058453975,0.5575681359767797
0.2,0.1,0.15,1.0,0.07573921059819722,0.1408133306883555,0.9999056623550869,0.2035667338158973,0.33826705200262414,0.9971657877136624,0.3881645213056542,0.5588044643652595
0.2,0.1,0.2,1.0,0.0779329418191751,0.14459701303432002,0.9999064439339286,0.20526751570609122,0.3406119258436953,0.9971752955831894,0.3894747848948375,0.5601624219656374
0.2,0.1,0.25,1.0,0.07971268096148593,0.14765535751696768,0.9999071437414881,0.20681465105162525,0.3427392260738561,0.9971844639045006,0.39074663684785577,0.5614781243483914
0.2,0.1,0.3,1.0,0.08141132887189292,0.15056496394728844,0.9999077793261743,0.20824014954930348,0.3446944542564465,0.9971904922344553,0.3915874248839115,0.5623465813498083
0.2,0.1,0.35,1.0,0.08275360215788036,0.15285768062642519,0.9999081707615705,0.20912788514067196,0.3459097519307609,0.9972018055660796,0.39317510584539744,0.5639836539786033
0.2,0.1,0.4,1.0,0.0841556268779022,0.1552463959814504,0.9999086739456915,0.21028023422562142,0.34748464267326806,0.9972120362381364,0.3946219441409451,0.5654722589167768
0.2,0.1,0.45,1.0,0.08506256828735319,0.1567883194452366,0.9999092266107233,0.21156062209778748,0.34923100768640053,0.9972138842333871,0.39488442365473914,0.5657419848938581
0.2,0.1,0.5,1.0,0.08608261062551216,0.158519452909635,0.9999098837500375,0.2131034894837476,0.3513304801056855,0.9972198471722565,0.3957337476099426,0.5666140620774892
0.2,0.1,0.55,1.0,0.0873224528817263,0.16061923976700004,0.999909998199964,0.21337450491668944,0.35169871580672735,0.9972211771029293,0.3959236718109806,0.5668089292424441
0.2,0.1,0.6,1.0,0.0876468178093417,0.1611677915554858,0.9999105385578816,0.21466342870800328,0.3534477609318178,0.9972304214366452,0.3972488732586725,0.5681671471235915
0.2,0.1,0.65,1.0,0.08860710871346626,0.16278987709015347,0.9999106007628735,0.21481280729308933,0.3536502248454188,0.9972304511096944,0.3972531412182464,0.5681715172574819
0.2,0.1,0.7,1.0,0.08886105230811253,0.1632183502564434,0.9999106016508895,0.21481494127287626,0.3536531168263125,0.9972304511096944,0.3972531412182464,0.5681715172574819
0.2,0.15,0.0,1.0,0.07546392720568151,0.14033744005111404,0.9998153334769628,0.2079670001365747,0.34431468288107175,0.9972047068436303,0.3958681883365201,0.5667494099765519
0.2,0.15,0.05,1.0,0.08208139852499317,0.15171021077874544,0.9998204327570555,0.2138738561868342,0.3523711916519147,0.9972300644542694,0.39950235591368477,0.5704682648269641
0.2,0.15,0.1,1.0,0.08592683010106528,0.15825528519830054,0.9998227247210376,0.21663949399071292,0.35611642652307746,0.9972515856236787,0.40263930620049165,0.5736628317077324
0.2,0.15,0.15,1.0,0.08894427751980333,0.16335873075596527,0.9998243182572372,0.21860488937448785,0.3587676380663531,0.9972594798281905,0.40380232518437587,0.5748435869510734
0.2,0.15,0.2,1.0,0.09104197965036875,0.16688996637790918,0.9998256844307144,0.22031847514340344,0.361072203599076,0.9972681758244067,0.4050912489756897,0.5761498853491198
0.2,0.15,0.25,1.0,0.09278330715651462,0.1698109891483283,0.9998268631449347,0.2218186629336247,0.3630844679795729,0.9972766314025349,0.4063524310297733,0.5774257521817973
0.2,0.15,0.3,1.0,0.09446061526905217,0.17261583276951603,0.9998279767195161,0.22325483133023763,0.365006236425961,0.9972822252303576,0.40719108508604207,0.5782729062143435
0.2,0.15,0.35,1.0,0.09579221865610489,0.174836464477884,0.9998286481289328,0.22412976304288446,0.36617479146873994,0.9972927101013151,0.40877236410816714,0.57986747028071
0.2,0.15,0.4,1.0,0.09718784143676591,0.17715807223947827,0.9998295050911674,0.2252565043703906,0.36767720395762327,0.9973022749085627,0.41022560434307564,0.5813297689770973
0.2,0.15,0.45,1.0,0.09807771100792133,0.17863528241165402,0.9998304637757601,0.22653049030319586,0.36937262952781935,0.9973039673157884,0.4104838158972958,0.5815892750240369
0.2,0.15,0.5,1.0,0.09909988732586725,0.1803291738423872,0.9998316073082428,0.2280690897295821,0.37141551448216426,0.9973095469691012,0.41133740781207323,0.5824464709828309
0.2,0.15,0.55,1.0,0.10033759560229445,0.18237601987483198,0.999831800852209,0.22833156924337614,0.3717635122927466,0.9973107992097887,0.41152946599289814,0.5826391973098641
0.2,0.15,0.6,1.0,0.10068116634799235,0.18294337983822812,0.9998327510592433,0.22962902895383774,0.37348151439003735,0.9973193941830854,0.4128525334608031,0.5839654449029119
0.2,0.15,0.65,1.0,0.10162011745424747,0.1844921236352929,0.9998328566653047,0.22977413957934992,0.37367343397536007,0.9973194080015672,0.41285466744059,0.5839675820071084
0.2,0.2,0.0,0.9999763866915393,0.09036977601748156,0.1657595453237748,0.9998163265306123,0.2090916074842939,0.3458546296557761,0.9972285303307322,0.4038876843758536,0.5749249315384743
0.2,0.2,0.05,0.9999779366340129,0.09671836588363834,0.17637741958080055,0.9998214657660607,0.2151115644632614,0.3540494073888053,0.997252905078992,0.40748130633706636,0.5785605749579977
0.2,0.2,0.1,0.9999787582046434,0.10045923245015023,0.18257657290787982,0.9998236901648497,0.21782598675225348,0.35771796439816994,0.9972734105694218,0.41055423723026496,0.5816547572797922
0.2,0.2,0.15,0.999979353773098,0.10335717700081945,0.18734998829884555,0.9998252647724074,0.21978924815624146,0.3603611483832819,0.9972810073712614,0.41170445233542746,0.5828094649745793
0.2,0.2,0.2,0.9999797595433753,0.10542927137394155,0.1907477404085604,0.9998265862540704,0.22146442228899207,0.3626097560123409,0.997289288567085,0.41296563438951106,0.5840734139889203
0.2,0.2,0.25,0.9999800816651728,0.10713432122370938,0.1935340864627525,0.9998277462510885,0.22295607416006555,0.36460683469870264,0.9972976166622997,0.41424175430210325,0.5853500409347291
0.2,0.2,0.3,0.9999803933101974,0.10883723709369025,0.19630839223957922,0.9998288436486731,0.22438584061731767,0.36651649165613703,0.9973030343427299,0.41507614039879814,0.5861835146057663
0.2,0.2,0.35,0.9999806212817084,0.11011762496585632,0.19838873072657054,0.9998295131653723,0.22526717426932533,0.3676914181417933,0.9973132147946857,0.41665315146134935,0.58775612186381
0.2,0.2,0.4,0.9999808634415187,0.1115111137667304,0.2006473858819193,0.9998303567221148,0.22638751365747065,0.36918253110683075,0.9973224875414225,0.41809998975689705,0.5891958457821036
0.2,0.2,0.45,0.9999810181845792,0.11242018915596831,0.20211782309271228,0.9998313011368429,0.22765509765091504,0.3708663374511348,0.9973241084600906,0.4183539333515433,0.5894482379152648
0.2,0.2,0.5,0.9999811867404147,0.11342742761540563,0.2037442358776607,0.999832430318941,0.22918942911772738,0.37289983438247576,0.9973295290121795,0.4192053912865337,0.5902938352737549
0.2,0.2,0.55,0.9999813887699838,0.114658733952472,0.20572846369886225,0.9998326204203087,0.2294497746517345,0.37324437470927607,0.9973307622044048,0.41939958344714556,0.5904865488501775
0.2,0.2,0.6,0.9999814395486099,0.11497242898115269,0.20623327706388303,0.9998335614158376,0.23074723436219613,0.3749592548668761,0.9973391339538649,0.4207226509150505,0.5917981413442835
0.2,0.25,0.0,0.9999802234747355,0.10790255394700901,0.19478670886197857,0.9998148346668486,0.21892925430210325,0.3592037379709009,0.9972390190644159,0.40542628380223983,0.5764837965772545
0.2,0.25,0.05,0.9999812635839017,0.1138926352089593,0.20449442507375765,0.9998197411862927,0.22488945984703632,0.3671874455586294,0.9972629256514861,0.40897722616771376,0.5800685246616141
0.2,0.25,0.1,0.999981842282062,0.11752253482655012,0.21032651556959292,0.9998218421521468,0.22754199672220704,0.37071559569234513,0.9972830297833656,0.41201174542474733,0.5831176401301106
0.2,0.25,0.15,0.9999822657302972,0.12032871824638076,0.21480925568956713,0.999823329768934,0.22945831057088228,0.3732550208017662,0.9972904196243677,0.4131384867522535,0.584246469926094
0.2,0.25,0.2,0.9999825577339008,0.1223431951652554,0.2180134616115907,0.9998246197016689,0.23114628858235456,0.37548531573254945,0.997298685291701,0.4144060707456979,0.5855142553909982
0.2,0.25,0.25,0.9999827992500473,0.12406104889374488,0.22073678914844944,0.9998257392325189,0.2326315385140672,0.3774426978741085,0.9973068179490856,0.41566085086042065,0.5867670006446599
0.2,0.25,0.3,0.999983029850493,0.1257468929254302,0.2234012909096079,0.999826781416381,0.2340314292543021,0.37928327361766284,0.9973122400384258,0.41650163889647634,0.5876051843265945
0.2,0.25,0.35,0.999983202311362,0.127037950696531,0.22543643730828944,0.9998274139340539,0.23488928912865337,0.38040912531233906,0.9973223103472851,0.41807224801966675,0.589168268059653
0.2,0.25,0.4,0.9999833818030743,0.12841009969953565,0.22759430617096238,0.9998282284019817,0.23600322657743786,0.3818687200027623,0.9973315340635257,0.4195212202950014,0.5906072327162116
0.2,0.25,0.45,0.9999834958987308,0.12929783529090413,0.22898758312090536,0.9998291305442641,0.23724947077301284,0.38349856158287976,0.9973331440507818,0.41977516388964764,0.5908591201542704
0.2,0.25,0.5,0.9999836207884952,0.130283733952472,0.23053235937703553,0.9998302298152185,0.23878593621961214,0.38550344171817186,0.9973385146280498,0.4206244878448511,0.5917009134818879
0.2,0.25,0.55,0.9999837772947017,0.1315406480469817,0.2324978783592645,0.9998304131670788,0.2390441477738323,0.38583988495552357,0.9973397126282729,0.4208144120458891,0.5918890161196162
0.2,0.3,0.0,0.9999830537197085,0.12592401324774652,0.22368076904123818,0.9998235791154814,0.22978267549849768,0.3736840735374498,0.99724644812748,0.40652314941272877,0.5775930288614596
0.2,0.3,0.05,0.9999837820304898,0.13157905968314668,0.23255787639457784,0.999827996704779,0.2356852635891833,0.3814523607640514,0.9972704959290951,0.4101146373941546,0.5812129432632156
0.2,0.3,0.1,0.999984203958488,0.13509372439224257,0.23803051239389753,0.9998298954304541,0.23831646066648457,0.384891367283355,0.9972901962804596,0.4131043430756624,0.5842122893900574
0.2,0.3,0.15,0.999984521082286,0.13786149617590823,0.242316376975762,0.9998312476130419,0.24022637257579896,0.38737850546886693,0.997297533356967,0.4142289504233816,0.5853372434017595
0.2,0.3,0.2,0.9999847412109375,0.13985036533733952,0.24538326743350106,0.9998323923782639,0.24186740303195847,0.3895093888323756,0.997305769545976,0.4154986683966129,0.5866052060737527
0.2,0.3,0.25,0.9999849286370966,0.14158955886369845,0.24805639310676145,0.9998334195460244,0.24335905490303195,0.3914414236605128,0.9973138733843664,0.41675558249112266,0.5878581458666013
0.2,0.3,0.3,0.9999851013110846,0.14323058931985796,0.2505711853776543,0.9998343533678575,0.24473120390603662,0.39321458572628626,0.9973191988175933,0.41758570062824363,0.588684421901934
0.2,0.3,0.35,0.9999852346218586,0.1445237810707457,0.2525478526440613,0.9998349204142629,0.24557199194209234,0.3942991653303729,0.9973292035847572,0.4191541757716471,0.5902430009330587
0.2,0.3,0.4,0.9999853715623171,0.14587672425566786,0.25461107552032897,0.9998356699907456,0.24669233133023763,0.39574208058826243,0.9973383530173766,0.4205988800874078,0.5916755474836017
0.2,0.3,0.45,0.9999854564493376,0.14672818219065828,0.2559070430450697,0.9998364916266501,0.24793217358645178,0.3973358868692396,0.9973399547893457,0.42085282368205407,0.5919270532408692
0.2,0.3,0.5,0.9999855560209726,0.1477396886096695,0.2574441145245528,0.999837499893092,0.24947077301283802,0.3993093448510839,0.9973452979978702,0.4217021476372576,0.5927675715076334
0.2,0.35,0.0,0.9999689932095129,0.13764169625785305,0.2419763275871772,0.9998312251279136,0.24019436287899482,0.3873368847043277,0.9972681271148732,0.4113160680142038,0.5824180140871033
0.2,0.35,0.05,0.999970162613755,0.1430363971592461,0.2502735056138661,0.9998352567826517,0.24607347719202405,0.39494536244367995,0.9972918493898968,0.41492889579349906,0.5860347360886109
0.2,0.35,0.1,0.9999708633198333,0.14647637257579896,0.2555234993020009,0.9998369602526258,0.2486449228352909,0.39825068701037697,0.9973111023970911,0.4179079315760721,0.589003129459781
0.2,0.35,0.15,0.9999714003803749,0.14922707252116907,0.259698926168764,0.9998381973481397,0.25054629882545754,0.4006859658552817,0.9973183812774257,0.419045342802513,0.5901331922873491
0.2,0.35,0.2,0.9999717721447524,0.151192467904944,0.2626700774848923,0.9998392405384596,0.25217239142310843,0.40276279531081455,0.9973262844468751,0.4202873190385141,0.5913650789837949
0.2,0.35,0.25,0.9999720884795199,0.1529060536738596,0.26525229379024656,0.9998401736219181,0.25364483747609945,0.4046387409423528,0.9973341680887803,0.421533563234089,0.592599037004815
0.2,0.35,0.3,0.9999723878948531,0.15456415596831466,0.26774360490906396,0.9998410267995348,0.25500631658016937,0.4063693942614241,0.9973393936034588,0.42236368137121005,0.593419772463905
0.2,0.35,0.35,0.9999726109939471,0.1558232040426113,0.26963055960711185,0.9998415557556957,0.2558577745151598,0.407449823626564,0.9973492112899501,0.42393215651461347,0.5949679092654321
0.2,0.35,0.4,0.999972845272362,0.1571676113083857,0.27164091026444875,0.9998422372419749,0.2569631760447965,0.4088503026948842,0.9973581903603969,0.42537686083037424,0.5963908681154456
0.2,0.35,0.45,0.9999729930457093,0.1580276051625239,0.272924448506716,0.9998429946700822,0.25820301830101067,0.4104181824657451,0.9973597623786141,0.4256308044250205,0.5966406916047204
0.2,0.4,0.0,0.999943407705041,0.15082328940180278,0.2621117805110062,0.9997926995698516,0.24700816033870526,0.39614498735416215,0.997399967561032,0.43304851816443596,0.6038981232525924
0.2,0.4,0.05,0.9999452766947123,0.1559747166074843,0.26985636040413286,0.9997973897040201,0.25272722616771376,0.4034667547891024,0.9974206571716945,0.4365311731767277,0.6072801058039272
0.2,0.4,0.1,0.9999464488921614,0.15938908426659382,0.27495154637467484,0.9997993931643221,0.25525172425566783,0.406677489821418,0.9974379837077073,0.43949100314121825,0.6101415227096991
0.2,0.4,0.15,0.9999473434784898,0.16209710461622506,0.27897137568585967,0.9998008827531278,0.2571616361649822,0.4090980072648267,0.9974446419600418,0.4406390842665938,0.6112482682675571
0.2,0.4,0.2,0.9999479816895547,0.16408597377765638,0.2819117733325512,0.9998020993955786,0.25874291518710735,0.4110964753907992,0.9974517445193238,0.4418703906036602,0.612433285369291
0.2,0.4,0.25,0.9999485100083672,0.16576968382955476,0.28439317362660693,0.9998032254626251,0.2602238971592461,0.41296363713330225,0.9974589541843195,0.4431273046981699,0.6136408634879357
0.2,0.4,0.3,0.9999490062594817,0.16738297254848403,0.28676407415057886,0.9998042398388242,0.26157257238459436,0.4146601782455214,0.9974636326150954,0.44394675293635616,0.6144270158039145
0.2,0.4,0.35,0.9999493779819533,0.16861214490576346,0.2885660808034695,0.9998048669436472,0.2624133604206501,0.4157159977755277,0.9974725395483061,0.44551522807975963,0.6159292766433253
0.2,0.4,0.4,0.9999497916352864,0.17000136574706365,0.2905981658872539,0.9998056853235744,0.2635187619502868,0.41710196767879426,0.997480688453076,0.44695993239552034,0.617310112498637
0.2,0.45,0.0,0.9999321113374067,0.15715694140945097,0.2716234707463975,0.9997239318598873,0.2627441272876263,0.41612394088203775,0.9974222085168303,0.4417487537558044,0.6123108777638098
0.2,0.45,0.05,0.999934251186766,0.16227209095875444,0.2792299712662144,0.9997293984687137,0.2680534689975417,0.42275525280435644,0.9974408770855656,0.4449795991532368,0.6154111772205695
0.2,0.45,0.1,0.9999355844423545,0.16563097514340344,0.28418849969518273,0.9997319436450934,0.2705993068833652,0.4259153207590265,0.9974579371754119,0.4479735727943185,0.6182718347379567
0.2,0.45,0.15,0.9999366198075778,0.16833686151324775,0.2881623095651666,0.9997337864184095,0.27247294113630155,0.42823292667588975,0.9974642146174992,0.449085376263316,0.6193311241516919
0.2,0.45,0.2,0.9999373362910604,0.17026171128107073,0.29097791936163264,0.9997353385331528,0.2740712919967222,0.43020463125173763,0.9974711904784413,0.4503273524993171,0.6205125189290913
0.2,0.45,0.25,0.9999379529435124,0.1719539572521169,0.2934456437821381,0.9997367157614335,0.2755053264135482,0.4319694318322498,0.9974781518388279,0.4515735966948921,0.6216959430278779
0.2,0.45,0.3,0.9999385175347991,0.17353310229445507,0.2957420190132598,0.999738026259015,0.2768838773559137,0.43366221473549116,0.9974827083235308,0.4523930449330784,0.6224729790438942
0.2,0.45,0.35,0.9999389596278979,0.17479001638896477,0.29756539714198005,0.9997387910635813,0.2776947896749522,0.4346562631519176,0.9974913839589243,0.45396152007648183,0.6239578337901632
0.2,0.5,0.0,0.9999095980989772,0.16522338500409725,0.2835872829829317,0.9997123727648967,0.26701635482108715,0.42146285598800887,0.9974371479664534,0.445160987435127,0.6155839173736629
0.2,0.5,0.05,0.9999122883957547,0.17029158699808794,0.2910204863105495,0.9997180296538813,0.27237477806610216,0.4281102366166288,0.9974555432130413,0.44838756487298553,0.6186655517311436
0.2,0.5,0.1,0.9999139541744517,0.1735885857689156,0.2958215142919485,0.9997206205328387,0.2749014101338432,0.4312252600570745,0.9974723300306999,0.4513730025949194,0.6215046844170593
0.2,0.5,0.15,0.9999152593668664,0.17626246244195576,0.2996953990562632,0.9997225091340743,0.27677291040699264,0.4335246397545217,0.9974785607097664,0.4524912080032778,0.6225650887791129
0.2,0.5,0.2,0.9999161797107002,0.17819798210871346,0.30248858943707885,0.999724072385011,0.27834138555039606,0.4354465285764601,0.9974853979498487,0.4537246483201311,0.6237328807811512
0.2,0.5,0.25,0.9999169445070657,0.17983901256487297,0.30484961719260106,0.9997255156112996,0.2798052956842393,0.4372360415697534,0.9974922686079751,0.4549708925157061,0.6249107858611527
0.2,0.5,0.3,0.9999176799868288,0.1814458993444414,0.3071551652511912,0.9997268381516048,0.28116037284894835,0.4388888703826461,0.9974967658775563,0.45579034075389235,0.6256842006588247
0.2,0.55,0.0,0.9998337114418405,0.17963201652553948,0.30454830779361036,0.9996881213208062,0.27360821838295546,0.4296295799873672,0.9974682006941428,0.4556793738049713,0.6255740202289489
0.2,0.55,0.05,0.9998380398190674,0.18443347104616226,0.3114211538080422,0.9996939204958488,0.2787937892652281,0.43599708322973907,0.9974850705061875,0.4587437687790221,0.6284590006738574
0.2,0.55,0.1,0.999840842172277,0.18768138828189018,0.31603874438301666,0.9996966479599575,0.2813012155148866,0.4390575351226043,0.9975013829983403,0.4617462783392516,0.6312739961022744
0.2,0.55,0.15,0.9998430721979981,0.19034886301556952,0.31981226952732156,0.9996986249764551,0.28314710803059273,0.44130290537855066,0.9975073124965507,0.4628474119093144,0.6323034674160841
0.2,0.55,0.2,0.9998446308873796,0.1922587749248839,0.32250374071979326,0.9997002779921623,0.28470918123463534,0.4431979935721227,0.9975139439307207,0.4640851201857416,0.6334587780211586
0.2,0.55,0.25,0.9998459354469523,0.19388700150232177,0.32479145776695817,0.9997018107541952,0.28617309136847857,0.4449698134055357,0.997520528831858,0.46532069448238184,0.634610151585485
0.2,0.6,0.0,0.9998414962751625,0.18845602294455066,0.3171363213594429,0.9997041484164725,0.29564582764272057,0.45633746218241045,0.997551067319126,0.48156881658016937,0.6495612589572398
0.2,0.6,0.05,0.9998454387882401,0.19326387940453427,0.32391668618905656,0.9997093064477248,0.30089328393881454,0.46256376609530064,0.9975665572935197,0.4846417474733679,0.6523541906935394
0.2,0.6,0.1,0.9998479946146663,0.19651393062004915,0.3284692621854435,0.9997116473376609,0.3033366907948648,0.46544585335505373,0.9975814725078035,0.48763785509423657,0.6550661986346039
0.2,0.6,0.15,0.9998500042855918,0.1991472616771374,0.332139857352334,0.9997134049587932,0.3051975211690795,0.4676335326247779,0.9975868978133984,0.48873685468451245,0.6560582536508792
0.2,0.6,0.2,0.9998514131669161,0.20103583378858236,0.33476242340035783,0.999714873849064,0.30677026427205684,0.46947766507077027,0.9975929787973583,0.4899745629609396,0.6571737686900373
0.2,0.65,0.0,0.99984374476824,0.1911683112537558,0.32096810311623863,0.9997045364465103,0.2960342119639443,0.4568000223915123,0.997551067319126,0.48156881658016937,0.6495612589572398
0.2,0.65,0.05,0.9998476008011844,0.19600604343075662,0.3277594598838122,0.9997095535625735,0.3011493615132477,0.46286632664775246,0.9975665679823598,0.4846438814531549,0.652356126215405
0.2,0.65,0.1,0.9998500492695257,0.1992070131111718,0.3322229577274312,0.9997119046615232,0.3036077062278066,0.46576486032586806,0.9975816203143894,0.48766773081125375,0.6550931864862037
0.2,0.65,0.15,0.9998519693365054,0.20179126263316033,0.335809141966288,0.999713637157325,0.30544506282436495,0.46792408419325154,0.9975869503669664,0.48874752458344717,0.6560678780795569
0.2,0.7,0.0,0.99984627547435,0.1943159314394974,0.32539308176100634,0.9997045364465103,0.2960342119639443,0.4568000223915123,0.997551067319126,0.48156881658016937,0.6495612589572398
0.2,0.7,0.05,0.9998499930353909,0.1991323238186288,0.33211908096459214,0.9997095659072878,0.3011621653919694,0.46288145154942145,0.9975665893597583,0.48464814941272877,0.652359997242457
0.2,0.7,0.1,0.9998523191172902,0.2022692741054357,0.3364707928726481,0.9997119046615232,0.3036077062278066,0.46576486032586806,0.9975816203143894,0.48766773081125375,0.6550931864862037
0.2,0.75,0.0,0.9998291018232699,0.19975544591641628,0.33298412929916704,0.9997002012934173,0.2988681371210052,0.46016605826824947,0.9975510781444775,0.4815709505599563,0.6495632025099665
0.2,0.75,0.05,0.9998331804153807,0.20464012564872985,0.3397434989017218,0.9997052714309774,0.3040110284075389,0.4662385945620443,0.9975666748655961,0.4846652212510243,0.6523754811282817
0.2,0.8,0.0,0.9997522422080174,0.21527588090685604,0.35426759354044596,0.9997002012934173,0.2988681371210052,0.46016605826824947,0.9975510781444775,0.4815709505599563,0.6495632025099665
0.25,0.0,0.0,1.0,0.08341726987161978,0.15398918254552904,0.9996696866742167,0.2260418089319858,0.36871179738516596,0.9952082565425728,0.40908392515706093,0.5798276245366596
0.25,0.0,0.05,1.0,0.08975518983884184,0.16472541847149225,0.9996776065510349,0.23159655831739961,0.3760687907050077,0.9952715890636926,0.414589593007375,0.5853473353108039
0.25,0.0,0.1,1.0,0.09363476509150505,0.1712358971757277,0.9996807268481355,0.23386071087134663,0.3790485479876589,0.9952939136996568,0.4165656582900847,0.5873179919276346
0.25,0.0,0.15,1.0,0.09649429800600928,0.17600510678712247,0.9996831977117824,0.2356852635891833,0.38144182134981447,0.9953027750777358,0.41735523081125375,0.5881038690015291
0.25,0.0,0.2,1.0,0.09857919625785305,0.17946670862446412,0.9996856899106461,0.23755462988254575,0.38388655828044205,0.9953170979198377,0.4186377526632068,0.5893785263208494
0.25,0.0,0.25,1.0,0.10035039948101612,0.18239717008027026,0.9996875446364805,0.2389651905217154,0.38572639091735794,0.9953319239756026,0.4199736240098334,0.5907037611768272
0.25,0.0,0.3,1.0,0.10166493102977328,0.18456597494619845,0.9996891265343826,0.24018155900027316,0.3873095730513392,0.9953412778930261,0.42082081398524995,0.5915429161085956
0.25,0.0,0.35,1.0,0.1030306780934171,0.1868138033504292,0.9996901942039761,0.2410095431576072,0.3883854727278354,0.9953588704405805,0.42242343280524447,0.5931276049391594
0.25,0.0,0.4,1.0,0.10406992624965856,0.1885205343889164,0.9996916571227205,0.2421533563234089,0.3898694079207308,0.9953770253687612,0.4240900710188473,0.5947718188796925
0.25,0.0,0.45,1.0,0.10543780729308933,0.19076207923678182,0.9996926805282382,0.24296000068287354,0.3909142723726858,0.9953785068020569,0.4242266457252117,0.5949063856465473
0.25,0.0,0.5,1.0,0.10621670991532368,0.1920359889039357,0.9996946165256085,0.2445007340890467,0.3929062546080539,0.9953867069184402,0.42498420854957664,0.5956523429672101
0.25,0.0,0.55,1.0,0.10736692502048621,0.19391390982442414,0.9996948614671061,0.2446970602294455,0.3931597263890556,0.9953867069184402,0.42498420854957664,0.5956523429672101
0.25,0.0,0.6,1.0,0.1075824569789675,0.19426536832735417,0.9996964598546476,0.24598598402075936,0.39482184020249556,0.9954009586734033,0.4263072760174816,0.5969532438271512
0.25,0.0,0.65,1.0,0.10861103523627424,0.1959407434783948,0.9996966597909552,0.24614816648456705,0.3950307368276854,0.9954009586734033,0.4263072760174816,0.5969532438271512
0.25,0.0,0.7,1.0,0.10887564872985524,0.19637125020206764,0.9996966650488802,0.24615243444414095,0.39503623337305993,0.9954009586734033,0.4263072760174816,0.5969532438271512
0.25,0.0,0.75,1.0,0.11063831603387053,0.19923374592182982,0.9996976294146106,0.24693773900573615,0.3960469573550551,0.9954009586734033,0.4263072760174816,0.5969532438271512
0.25,0.05,0.0,0.999976875939415,0.0922818219065829,0.16897038798248717,0.9996729686491838,0.241357381862879,0.388835696617258,0.9953396783721693,0.42067570335973775,0.5913992526958898
0.25,0.05,0.05,0.9999783460730604,0.0985471865610489,0.17941331302727914,0.9996798754109708,0.24656642652280797,0.3955678651393044,0.9953991017531266,0.42613442365473914,0.5967834243097571
0.25,0.05,0.1,0.9999791484215355,0.10233926864244741,0.18567617690672636,0.9996827111900045,0.24877082764272057,0.3983999207137133,0.9954192866395033,0.42802086178639714,0.598634542347841
0.25,0.05,0.15,0.9999797036736351,0.10513905012291723,0.19027261246857366,0.9996850688592683,0.2506337919967222,0.40078553952096424,0.9954280223100623,0.4288424440043704,0.5994392160956912
0.25,0.05,0.2,0.9999800884074709,0.10717059888008741,0.19359327718135036,0.9996873679763414,0.25247755053264137,0.40313957727810174,0.9954416151399617,0.43012709983611036,0.600695582721892
0.25,0.05,0.25,0.9999804040681155,0.10889698852772467,0.1964055815672034,0.9996890756302521,0.2538646373941546,0.40490599174960173,0.9954549707256782,0.4313968178093417,0.601935127522194
0.25,0.05,0.3,0.999980635541527,0.11019871619776017,0.19852032392181435,0.9996905241851167,0.2550532641354821,0.40641656677973015,0.9954637716060608,0.43223760584539744,0.6027547274807651
0.25,0.05,0.35,0.9999808678350042,0.11153672152417372,0.20068883957026237,0.9996915227105982,0.25587911431302923,0.4074644211556498,0.9954806077431928,0.43385516252390055,0.6043288216051685
0.25,0.05,0.4,0.9999810469656192,0.11259090753892378,0.20239369353817827,0.9996928568463869,0.25699091778202676,0.4088729240688335,0.9954973413337236,0.43547485318219065,0.6059014427002456
0.25,0.05,0.45,0.9999812674446922,0.11391610898661568,0.20453226205049513,0.9996938251990136,0.2578039640808522,0.40990136634919766,0.9954987466716084,0.43561142788855506,0.6060338864296932
0.25,0.05,0.5,0.9999813946565453,0.11469501160885004,0.20578685800488558,0.9996956460939878,0.25934683146681237,0.4118493265579648,0.995506526004216,0.43636899071291996,0.6067680785499475
0.25,0.05,0.55,0.9999815800622593,0.11584949467358645,0.20764318785535202,0.999695858746938,0.25952821974870255,0.4120780263679519,0.995506526004216,0.43636899071291996,0.6067680785499475
0.25,0.05,0.6,0.9999816135912334,0.11606075867249385,0.20798247022921781,0.9996973761696002,0.26082994741873805,0.4137173533354094,0.9955200481485617,0.4376920581808249,0.6080484764399224
0.25,0.05,0.65,0.9999817747726403,0.11708720295001365,0.20962907634910416,0.999697554276746,0.260983593963398,0.4139106243569611,0.9955200481485617,0.4376920581808249,0.6080484764399224
0.25,0.05,0.7,0.9999818142140103,0.11734114654465994,0.21003598194027456,0.9996975592211741,0.26098786192297185,0.41391599232417176,0.9955200481485617,0.4376920581808249,0.6080484764399224
0.25,0.1,0.0,0.9999795672340165,0.10443697077301284,0.1891221893965596,0.9995961727062198,0.258830408358372,0.41118947973292513,0.995521095832104,0.4392178537284895,0.6095194379252393
0.25,0.1,0.05,0.9999806871511616,0.11049320540835837,0.19899805337181753,0.9996033769618675,0.26353369980879543,0.4171030699939712,0.995573148227825,0.44440555859054903,0.6145066436898962
0.25,0.1,0.1,0.9999813160943164,0.11421273217700081,0.20501024649033764,0.9996066279181786,0.26571249317126466,0.41982763852643074,0.9955921553693831,0.446330408358372,0.616348012636145
0.25,0.1,0.15,0.9999817474948437,0.1169122166074843,0.20934857994440148,0.9996093127092968,0.26753917986888825,0.4221046819341848,0.9955999885960828,0.44712851679868887,0.6171100724234312
0.25,0.1,0.2,0.9999820486123577,0.11887334403168533,0.21248717371651338,0.9996119949005045,0.2693893403441683,0.4244043066423487,0.9956121646338574,0.4483747609942639,0.6182983494348528
0.25,0.1,0.25,0.9999823011982089,0.12056985796230538,0.21519341698580674,0.9996139482848274,0.27075295342802513,0.42609489970345943,0.9956245009048683,0.4496444789674952,0.6195069100509967
0.25,0.1,0.3,0.9999824908514698,0.12187585359191477,0.21727113811318172,0.999615595826469,0.27191383843212236,0.4275312962397538,0.9956325492988968,0.45047673108440317,0.6202979294213751
0.25,0.1,0.35,0.9999826797838437,0.12320532299918055,0.2193812411654735,0.9996167383652718,0.27272475075116087,0.4285331071089666,0.9956479849606392,0.4520814838841847,0.6218206207081773
0.25,0.1,0.4,0.9999828273114438,0.1242637769735045,0.22105762660390252,0.9996183116913466,0.2738493580988801,0.4299203497575316,0.9956634540635215,0.4537011745424747,0.6233540817014639
0.25,0.1,0.45,0.9999830050475009,0.12556337066375306,0.22311161837447788,0.9996194263434638,0.27465173449877084,0.43090861304973044,0.9956647534152941,0.45383774924883913,0.6234832294057807
0.25,0.1,0.5,0.9999831083934393,0.1263316033870527,0.22432357159502775,0.9996215544073465,0.2761967358645179,0.43280804567912584,0.9956719466424869,0.454595312073204,0.6241991558263658
0.25,0.1,0.55,0.9999832633182145,0.12750102431029772,0.22616526325950068,0.9996218114459924,0.2763845260857689,0.4330386025447487,0.9956719466424869,0.454595312073204,0.6241991558263658
0.25,0.1,0.6,0.999983289049314,0.12769735045069652,0.22647407791480348,0.999623566286904,0.27767344987708276,0.4346192322016377,0.9956844724896772,0.4559205135208959,0.6254497337459125
0.25,0.1,0.65,0.9999834228499437,0.12872806268779022,0.22809359237104201,0.9996237743874816,0.2778270964217427,0.43480743893702756,0.9956845127134442,0.45592478148046983,0.6254537576992436
0.25,0.15,0.0,0.9999819168173598,0.11800694823818629,0.2111019491971873,0.9995993425947882,0.26087902895383774,0.41377069488092033,0.9955715629721845,0.447124248839115,0.6171005469276919
0.25,0.15,0.05,0.9999827731743871,0.12387325867249385,0.22043948907922994,0.9996065963357259,0.2656911533733953,0.4198009987153595,0.9956212678590725,0.4522223265501229,0.6219486246340551
0.25,0.15,0.1,0.9999832630380934,0.1274988903305108,0.22616190598762959,0.9996097514355572,0.2678400710188473,0.42247912630918133,0.9956396232859088,0.4541343724392243,0.623758153794748
0.25,0.15,0.15,0.9999836003739114,0.1301215514886643,0.23027842555963632,0.9996124337578106,0.26969449945370116,0.4247829550381656,0.9956470566256281,0.4549132750614586,0.6244939330556191
0.25,0.15,0.2,0.9999838368164994,0.13202506145861787,0.2332542221434671,0.9996149917498232,0.27148704247473365,0.42700351414215654,0.9956587962941399,0.4561488493580989,0.6256594882151926
0.25,0.15,0.25,0.9999840398365679,0.13370450355094238,0.23587143115287312,0.9996169031703217,0.27284211963944277,0.42867800031181214,0.9956707141463595,0.45741003141218245,0.6268471645859105
0.25,0.15,0.3,0.999984191222967,0.13498489142310843,0.23786155859392624,0.9996185345498708,0.27400940658290085,0.4301175761230027,0.9956784227170294,0.45822947965036875,0.6276177532260657
0.25,0.15,0.35,0.9999843444227006,0.13630582491122645,0.23991000651663993,0.9996196567596308,0.27481818492215243,0.43111346932490185,0.9956934394262849,0.45983423245015026,0.6291243200948291
0.25,0.15,0.4,0.999984463123223,0.13734720704725484,0.2415215837259438,0.9996211447613599,0.2758979786943458,0.43244111080450537,0.9957084904661261,0.4614539231084403,0.6306415604981765
0.25,0.15,0.45,0.999984608280745,0.13864253277792954,0.24352203426678012,0.9996222691602041,0.27671956091231903,0.4334497685223873,0.9957097942818739,0.4615947657743786,0.6307733357439779
0.25,0.15,0.5,0.9999846952050078,0.13942997131931167,0.24473590075419474,0.9996243685174822,0.27826669625785305,0.4353456694293512,0.9957168330300189,0.4623565965583174,0.6314856806430741
0.25,0.15,0.55,0.9999848201952123,0.14057805244468724,0.24650270821444942,0.9996245987420227,0.2784374146408085,0.43555459120231665,0.995716852713962,0.46235873053810433,0.6314876749659358
0.25,0.15,0.6,0.9999848413648835,0.14077437858508604,0.24680448279667846,0.9996263421181064,0.2797370083310571,0.43714318109059863,0.9957290220285312,0.4636817980060093,0.6327230371637609
0.25,0.2,0.0,0.9999841168996189,0.13435323340617317,0.23688032387201635,0.9996058114652551,0.26516192638623326,0.4191400439186796,0.9956411829216156,0.45722224119093147,0.6266649507753684
0.25,0.2,0.05,0.9999847495882389,0.1399271886096695,0.2455015163428058,0.9996129236116597,0.27003593621961214,0.42520640190323217,0.9956871580302543,0.46211759082217974,0.6312567592384761
0.25,0.2,0.1,0.99998511661135,0.14337783392515707,0.25079647702394753,0.9996159453231546,0.2721613800874078,0.42783724760732245,0.9957045184985048,0.463993359054903,0.633008091973967
0.25,0.2,0.15,0.999985380330697,0.14596421742693252,0.2547443338938453,0.9996184781169949,0.27396886096694895,0.4300676167968364,0.9957116275242193,0.46476585973777657,0.6337280439492011
0.25,0.2,0.2,0.9999855674864334,0.1478570574979514,0.25762229129794606,0.9996209777227723,0.27577634184649,0.43229166666666663,0.9957227347137926,0.46597796025676047,0.6348561651502311
0.25,0.2,0.25,0.9999857281497974,0.14952156173176728,0.2601452450081311,0.9996227635266222,0.27708233747609945,0.43389473684210533,0.9957342695505066,0.46724341027041794,0.6360319535221497
0.25,0.2,0.3,0.9999858473208978,0.15078060980606392,0.26204878482975,0.999624354119072,0.27825602635891833,0.4353326099657791,0.9957417251914634,0.4680649924883912,0.6367942399674837
0.25,0.2,0.35,0.9999859723936707,0.1521250170718383,0.2640767851586231,0.9996254366720431,0.279060536738596,0.4363166824317223,0.9957561169827711,0.4696590753892379,0.6382708459004222
0.25,0.2,0.4,0.9999860642715794,0.15312798757170173,0.2655866579318462,0.9996268912426044,0.2801488664299372,0.43764595282504665,0.9957706597410093,0.47128090002731493,0.6397698698710298
0.25,0.2,0.45,0.9999861826924406,0.15444038514067196,0.26755838005401306,0.9996279507680159,0.28094697487025405,0.438619315654719,0.9957718798456601,0.47141747473367934,0.6398959528195859
0.25,0.2,0.5,0.9999862503265547,0.15520008194482382,0.26869768739251154,0.9996299764393162,0.2824855742966403,0.44049235315257756,0.9957786538496156,0.4721771715378312,0.6405968628223019
0.25,0.2,0.55,0.999986353153104,0.15636950286806883,0.2704485269014643,0.9996302026338628,0.2826584266593827,0.4407024968683093,0.9957786918445046,0.4721814394974051,0.6406007984783169
0.25,0.25,0.0,0.9999708510049116,0.1464144871619776,0.2554293298288786,0.9996142778896372,0.27651469885277247,0.4331976564393592,0.9956435312476778,0.45746978284621687,0.6268978827933092
0.25,0.25,0.05,0.9999718729783703,0.15173449877082765,0.263487699040603,0.999620936438622,0.2813737708276427,0.43913860172652663,0.9956891005018659,0.46232672084130016,0.6314522381360428
0.25,0.25,0.1,0.9999724885483583,0.15512966061185468,0.26859164426709525,0.9996236611746288,0.2834117215241737,0.4416169133136149,0.9957061898614812,0.4641747473367932,0.6331772096259144
0.25,0.25,0.15,0.9999729246764499,0.15762855094236547,0.27232909843016095,0.9996259864607099,0.285174388828189,0.44375411967265105,0.9957131170392172,0.4649280422015843,0.6338790977793618
0.25,0.25,0.2,0.9999732448630136,0.15951498907402348,0.27513987043580684,0.9996283329244996,0.2869754677683693,0.44593185296209653,0.9957241775423593,0.4661358747609943,0.6350030015363797
0.25,0.25,0.25,0.9999735201048604,0.16117309136847857,0.27760288309745523,0.999630035220647,0.2882964012564873,0.4475251591702608,0.9957355689014771,0.46738638691614315,0.6361646724283911
0.25,0.25,0.3,0.9999737294925851,0.16245774720021852,0.27950633239037415,0.9996314967129507,0.289440214422289,0.44890218636023654,0.995743020005083,0.4682079691341164,0.6369268105760634
0.25,0.25,0.35,0.9999739383119844,0.16375947487025402,0.28143079019123535,0.9996325123659588,0.2902404568423928,0.4498641400969459,0.9957574222495613,0.46980418601475005,0.6384051036682615
0.25,0.25,0.4,0.999974098296963,0.16477098128926523,0.28292321869910214,0.9996338739794237,0.29132025061458616,0.45116024673936206,0.9957719751366896,0.47142814463261407,0.6399058020655765
0.25,0.25,0.45,0.999974299996145,0.16606417304015297,0.2848274890241916,0.9996348579232179,0.29210555517618136,0.45210150922893744,0.9957731944826219,0.4715647193389784,0.6400318598168061
0.25,0.25,0.5,0.9999744111362735,0.16678545820813986,0.28588777303677804,0.9996367730921507,0.29364628858235453,0.45394490509894225,0.9957799452922546,0.4723222821633434,0.6407306623436776
0.25,0.3,0.0,0.9999465440744106,0.1596729035782573,0.27537373306148283,0.9996071898800474,0.2932451003824092,0.45346233741805936,0.9956537251467679,0.45854744263862335,0.6279110201994376
0.25,0.3,0.05,0.9999481831724852,0.16472403373395247,0.28285297076051247,0.9996132414662445,0.2978352909041246,0.4589316541439917,0.9956993782896547,0.4634363903305108,0.6324885396583158
0.25,0.3,0.1,0.9999492108637963,0.16805731016115816,0.287753144611,0.9996158470217473,0.29985616976236,0.461327331793551,0.9957160929671766,0.4652524071291997,0.6341811052595602
0.25,0.3,0.15,0.9999499499499499,0.1705391286533734,0.2913834845258583,0.9996181397749854,0.3016572487025403,0.46345617609885564,0.9957228712392729,0.46599289811526906,0.6348700564314725
0.25,0.3,0.2,0.999950495049505,0.17241703086588364,0.29412021666957894,0.9996203305936201,0.30339857620868615,0.46550880185712384,0.9957339591406065,0.46720926659382683,0.6360002556341179
0.25,0.3,0.25,0.9999509617624343,0.17405806132204316,0.29650457943534536,0.9996219731600944,0.30471737571701724,0.46705971821311465,0.995745240611633,0.46845337680961485,0.6371542970422324
0.25,0.3,0.3,0.9999513151008386,0.1753213773559137,0.2983355998612849,0.999623370554552,0.3058483850040972,0.4683872970742746,0.9957526387524169,0.46927282504780116,0.6379133542485252
0.25,0.3,0.35,0.9999516733115863,0.17662097104616226,0.30021509744676067,0.9996243504393013,0.3066464934444141,0.4693227338864947,0.9957669569926441,0.4708669079486479,0.639387538068786
0.25,0.3,0.4,0.9999519450251088,0.17761967358645178,0.3016566215937055,0.9996256654835848,0.30772415323682056,0.4705840121136174,0.9957814067074734,0.472486598606938,0.6408821388306364
0.25,0.3,0.45,0.9999522838158632,0.17888085564053538,0.30347351824732954,0.9996266076614576,0.308500921879268,0.47149184316436954,0.9957826206201975,0.4726231733133024,0.6410080156753557
0.25,0.35,0.0,0.9999374843710928,0.17066503346080306,0.2915667130888755,0.9995955037043345,0.30059025880906853,0.4621934493145471,0.9956892993735726,0.4633339593007375,0.632391104897549
0.25,0.35,0.05,0.9999392407524426,0.17559879472821632,0.298736612815393,0.9996014487686865,0.30507588432122373,0.4674784917580352,0.9957341949654425,0.46823144291177277,0.6369467244344779
0.25,0.35,0.1,0.9999403604613715,0.17889579349904397,0.30349446551240394,0.9996040154225573,0.30705408358372027,0.46979771546298854,0.9957505289235276,0.47003892379131385,0.638620377726105
0.25,0.35,0.15,0.9999411584720032,0.1813221285167987,0.3069789118865859,0.9996063291226664,0.3088594304834745,0.4719081707012891,0.9957573760725037,0.47080075457525267,0.6393245712282064
0.25,0.35,0.2,0.9999417602385501,0.18319576276973504,0.3096598492226671,0.9996085111059217,0.3105815521715378,0.473915917460917,0.9957679389862863,0.4719808453974324,0.6404139436705361
0.25,0.35,0.25,0.9999422672794033,0.1848047835290904,0.3119553901738789,0.9996101737804253,0.3119067536192297,0.4754573237674988,0.99577901812777,0.4732249556132204,0.6415605268296917
0.25,0.35,0.3,0.999942669097497,0.18610010925976508,0.3137988669013945,0.9996115657987094,0.3130249590275881,0.47675554277152393,0.9957862839058459,0.4740444038514067,0.6423146818873801
0.25,0.35,0.35,0.9999430523917996,0.1873527553947009,0.315577777458268,0.999612532204012,0.31380599562960937,0.4776610033505652,0.9958003466947835,0.4756384867522535,0.6437793528932637
0.25,0.35,0.4,0.9999433479118041,0.188330118137121,0.31696314732808245,0.9996138577641687,0.31488365542201585,0.47890857515635604,0.9958145395770904,0.47725817741054355,0.6452643195637592
0.25,0.4,0.0,0.9999157692076289,0.1773294523354275,0.3012363312084363,0.9995655681747657,0.309328906036602,0.47245141576695865,0.9959386204175459,0.49556345602294455,0.6618170936760808
0.25,0.4,0.05,0.9999180097451275,0.18217572043157607,0.3082002368299445,0.999571638381201,0.31371423449877084,0.477550025987526,0.9959756755723083,0.5001451106255121,0.6658985945985876
0.25,0.4,0.1,0.9999194365159746,0.18540229786943457,0.3128051327102265,0.9995743214481179,0.31569243376126743,0.4798388600843001,0.9959901086523886,0.5019525915050532,0.667501922602139
0.25,0.4,0.15,0.9999204861702732,0.18784997268505874,0.3162817101804927,0.9995766783360099,0.3174508331057088,0.4818676094980654,0.9959961441218999,0.5027122883092051,0.668174662828131
0.25,0.4,0.2,0.999921248326527,0.18966812346353457,0.3188548776222208,0.999578978320725,0.3191857586724939,0.4838639760353518,0.9960054834967838,0.5038923791313848,0.6692183317438566
0.25,0.4,0.25,0.9999219264100648,0.1913155558590549,0.3211796505972948,0.9995806820904661,0.32048321838295546,0.48535352556023087,0.9960153662959738,0.5051471592461076,0.6703262628651043
0.25,0.4,0.3,0.9999224307971898,0.19255966607484293,0.322931019056992,0.9995821366744712,0.3215992898115269,0.48663249243188694,0.9960217104544576,0.5059559375853592,0.6710394113068704
0.25,0.4,0.35,0.9999229244659766,0.19379310639169625,0.3246637637014951,0.9995831458592489,0.32237819243376126,0.487523800303353,0.9960341556771878,0.5075500204862059,0.6724427725873873
0.25,0.45,0.0,0.9998404758377867,0.1872503243649276,0.3154273512722672,0.9995664680218556,0.309971233952472,0.473200353137023,0.9959405702920046,0.4958024617590822,0.6620306257942817
0.25,0.45,0.05,0.9998443943048315,0.19196641969407266,0.322092309234683,0.9995724436541815,0.31430534689975415,0.4782346819664359,0.9959776071222264,0.5003862503414368,0.6661127208681324
0.25,0.45,0.1,0.9998469476998426,0.1951695233542748,0.32658905870589916,0.9995750966149364,0.31626860830374215,0.48050421721023795,0.9959921959972745,0.5022150710188473,0.6677344349600012
0.25,0.45,0.15,0.9998488153603594,0.19758092051352089,0.32995848256445887,0.9995774619548086,0.3180398115269052,0.482545931970983,0.9959980391659694,0.5029512940453428,0.6683861709881147
0.25,0.45,0.2,0.9998502016927209,0.19940974119093144,0.3325048437285946,0.9995797338314266,0.31975979923518166,0.4845233649090642,0.9960074538770279,0.5041420547664572,0.6694389345423634
0.25,0.45,0.25,0.9998513958178538,0.20101236001092598,0.33472987715389346,0.9995813981302449,0.32103165118819993,0.4859822745267796,0.9960172431920934,0.5053861649822453,0.6705370882368348
0.25,0.45,0.3,0.9998522910709953,0.2022308624692707,0.3364176439369601,0.9995828864259325,0.32217759833378856,0.48729435839172686,0.9960235813801154,0.5061949433214968,0.6712500106117759
0.25,0.5,0.0,0.999827234345812,0.1975958583720295,0.329978136877048,0.9995587895901494,0.3142434614859328,0.4781614793888916,0.9959592859700271,0.49863425293635616,0.6645544779727539
0.25,0.5,0.05,0.9998311915764596,0.20222872848948376,0.33641349686717903,0.9995648185963056,0.3185989142310844,0.48318772240121294,0.9959959452610239,0.5032180415187107,0.6686212019825113
0.25,0.5,0.1,0.9998337817762495,0.20538061663479923,0.34076340094216867,0.9995675402353912,0.3206048552308113,0.48549145192119714,0.9960104032522789,0.5050489961759083,0.6702387054568935
0.25,0.5,0.15,0.9998357036504595,0.20778347787489757,0.344064325883889,0.9995698640108527,0.32233764681780935,0.4874758561486342,0.9960162376137768,0.5057916211417646,0.6708936360522748
0.25,0.5,0.2,0.9998371086790532,0.20957602089593008,0.3465182866911419,0.9995721150681325,0.3240341607484294,0.4894136834064443,0.9960254905249035,0.5069738459437312,0.671934925501465
0.25,0.5,0.25,0.9998383201463202,0.21114663001912046,0.3486624533757129,0.9995738235891921,0.32533375443867796,0.49089477675258036,0.9960351814908219,0.5082179561595193,0.6730289623871891
0.25,0.55,0.0,0.9998350022171577,0.20690001024310298,0.342852192178281,0.9995588375028845,0.3142776051625239,0.47820101112759883,0.9959592859700271,0.49863425293635616,0.6645544779727539
0.25,0.55,0.05,0.9998386202027334,0.21153928229991806,0.34919762643262126,0.9995649147232858,0.3186693355640535,0.4832687167073353,0.995995995995996,0.5032244434580716,0.6686268644443847
0.25,0.55,0.1,0.9998409906283852,0.2146933044250205,0.3534839107497659,0.9995675920197444,0.32064326686697625,0.4855354976095804,0.9960106047216261,0.5050746039333516,0.6702613000150092
0.25,0.55,0.15,0.9998427131973457,0.21704495015023217,0.35666531657820955,0.9995698896270612,0.3223568526358918,0.487497821639031,0.9960162878358105,0.5057980230811254,0.6708992792009929
0.25,0.55,0.2,0.9998439861537711,0.21881615337339524,0.3590533700537325,0.9995721516821021,0.32406190248565964,0.48944532988682266,0.9960255738392202,0.5069845158426659,0.6719443159914753
0.25,0.6,0.0,0.9998365027947803,0.20879925225348264,0.3454557972280919,0.9995813935788312,0.336315214422289,0.5032940853364503,0.9961095170938092,0.5245236957115542,0.68719141583865
0.25,0.6,0.05,0.9998400911480456,0.21348547186561048,0.3518451109176756,0.999586867390692,0.34077309819721385,0.5082699013150043,0.996143199778234,0.5291224221524173,0.6911343114258994
0.25,0.6,0.1,0.9998424017966195,0.21661602021305654,0.35608595904106416,0.9995892124705136,0.34271928776290633,0.5104318461721824,0.9961565254990511,0.5309640467085496,0.6927066658128962
0.25,0.6,0.15,0.9998440667394355,0.21892925430210325,0.35920562449231114,0.9995912350893709,0.34441580169352637,0.5123113304870888,0.996161734895827,0.5316874658563234,0.6933232784348865
0.25,0.65,0.0,0.9998404324281198,0.2139421435400164,0.352465111209941,0.9995819636308358,0.33677402007648183,0.5038077284676986,0.9961095170938092,0.5245236957115542,0.68719141583865
0.25,0.65,0.05,0.9998438719750196,0.21865610488937448,0.3588378673689519,0.99958727300015,0.341108133023764,0.5086425252975243,0.9961432307673765,0.5291266901119912,0.6911379597252205
0.25,0.65,0.1,0.9998460087390041,0.22169062414640808,0.36291418490506716,0.9995896007312569,0.3430436526905217,0.5107915612136118,0.996156740916297,0.5309939224255668,0.6927321421611479
0.25,0.7,0.0,0.9998159699352989,0.22028006350723847,0.361019984191714,0.9995819636308358,0.33677402007648183,0.5038077284676986,0.9961095170938092,0.5245236957115542,0.68719141583865
0.25,0.7,0.05,0.9998196881554098,0.22482330647364107,0.3670992593831503,0.9995872807428947,0.3411145349631248,0.5086496436884569,0.9961432617560211,0.5291309580715652,0.6911416080042032
0.25,0.75,0.0,0.99975309996708,0.23330587612674134,0.3783246015322754,0.999580105788273,0.34036337407812073,0.5078131467177779,0.9961095328602634,0.5245258296913412,0.6871932509977424
0.3,0.0,0.0,0.9999812026541852,0.11352345670581808,0.2038991427865092,0.9988545421223044,0.2791288240917782,0.4363266395356595,0.9925833529986853,0.5026461349358099,0.6673466381078662
0.3,0.0,0.05,0.9999822373796583,0.12013666006555586,0.21450316818630386,0.9988714167481755,0.28330715651461347,0.4414165494631915,0.9926377699135774,0.5063891354821087,0.6706497132828199
0.3,0.0,0.1,0.9999827431490301,0.12365772671401257,0.22009814720561535,0.9988798864951648,0.28545180620049165,0.4440162450230115,0.9926474274351219,0.507059205135209,0.6712393005452131
0.3,0.0,0.15,0.9999830838196735,0.1261480811253756,0.22403419976010142,0.9988879003558719,0.2875110966948921,0.4465043215440903,0.9926552210528073,0.5076012360010926,0.6717158453279567
0.3,0.0,0.2,0.9999833119169601,0.1278723367932259,0.22674923514420156,0.998894066297039,0.28911584949467356,0.44843770687144174,0.9926751512830971,0.5089925908221797,0.6729375386169286
0.3,0.0,0.25,0.9999835585807767,0.12979078462168805,0.22976030825604896,0.9988983548766157,0.29024259082217974,0.4497923170538124,0.9926939426142402,0.5103113903305108,0.6740934511997114
0.3,0.0,0.3,0.9999836684032598,0.13066358235454795,0.23112681399443982,0.9989023453221616,0.29129891081671677,0.45106011766785686,0.9927057214497379,0.5111415084676318,0.6748200080857257
0.3,0.0,0.35,0.9999838441281483,0.13208481289265228,0.23334747080611867,0.9989049016601691,0.29197965036875173,0.45187604651393204,0.9927269421337334,0.51264383023764,0.6761328854470255
0.3,0.0,0.4,0.9999839581628888,0.1330237639989074,0.23481151531702904,0.9989082731063997,0.2928823238186288,0.4529566587734425,0.9927473523715333,0.5140970704725485,0.6774003975941897
0.3,0.0,0.45,0.9999841007377258,0.13421665869980878,0.23666802131310394,0.9989112999804034,0.2936975040972412,0.4539312353332113,0.9927492646271227,0.5142336451789129,0.6775193929221106
0.3,0.0,0.5,0.9999841949708397,0.1350169011199126,0.23791125425143694,0.9989169753286979,0.2952382375034144,0.4557698864619039,0.9927598533870311,0.5149912080032778,0.6781790565367003
0.3,0.0,0.55,0.9999843100337334,0.13600706774105437,0.23944712337722104,0.998917678637141,0.2954302956842393,0.45599877470153943,0.9927598533870311,0.5149912080032778,0.6781790565367003
0.3,0.0,0.6,0.9999843414809827,0.1362802171537831,0.239870340356564,0.998922375085312,0.29671921947555313,0.4575331151705404,0.9927782724478784,0.5163142754711827,0.6793295681557509
0.3,0.0,0.65,0.9999844602259483,0.13732159928981152,0.24148199017185187,0.9989230327398048,0.2969006077574433,0.45774879583081096,0.9927782724478784,0.5163142754711827,0.6793295681557509
0.3,0.0,0.7,0.9999844942008311,0.13762249043977057,0.2419471018570625,0.9989230482043624,0.29690487571701724,0.4577538699435753,0.9927782724478784,0.5163142754711827,0.6793295681557509
0.3,0.05,0.0,0.9999511297180185,0.13099221524173724,0.23163992113133142,0.9988518211392485,0.30074390535372847,0.4622954530171346,0.9927661918110003,0.5154457456978967,0.678574538916436
0.3,0.05,0.05,0.9999533313628798,0.13717222070472548,0.24125008679073204,0.998865387309147,0.3043439292543021,0.46653843385869526,0.9928166783667739,0.51909485113357,0.6817409825957791
0.3,0.05,0.1,0.9999544730252675,0.14061219612127834,0.24655427565420587,0.9988731845751488,0.30645230128380224,0.46901250212287876,0.9928257847816959,0.5197585188473095,0.6823152377470653
0.3,0.05,0.15,0.99995524859406,0.14304920103796775,0.25029263784782835,0.9988806743591515,0.30850518983884184,0.47141380446018344,0.9928338178649663,0.5203453632887189,0.6828226030024951
0.3,0.05,0.2,0.9999557672176106,0.14472650915050533,0.25285637854635545,0.9988864295632329,0.31010140671947556,0.47327573010946344,0.9928526757795051,0.5217281821906583,0.6840165963959075
0.3,0.05,0.25,0.999956327427831,0.14658307156514613,0.2556853607195967,0.9988904337582104,0.3112217461076209,0.47457985620172766,0.9928696730177894,0.5229808283255941,0.6850963252036156
0.3,0.05,0.3,0.999956603500651,0.14751562073204041,0.2571029014129558,0.9988941073671563,0.31225672630428847,0.47578264205912574,0.9928808060869108,0.5238045445233542,0.6858053691743955
0.3,0.05,0.35,0.999956995412844,0.1488600279978148,0.25914244531621494,0.998896555482144,0.3129502697350451,0.4765875717598197,0.9929012221191466,0.525321804151871,0.6871094066190487
0.3,0.05,0.4,0.9999572740867336,0.1498309888008741,0.26061248313453583,0.9988996359289246,0.3138273354274788,0.47760428168721336,0.9929203539823008,0.5267515706091231,0.6883358802467345
0.3,0.05,0.45,0.9999576007688394,0.15098547186561048,0.26235714656521386,0.9989025059447595,0.31464891764545205,0.4785554439426371,0.9929221761091271,0.5268881453154876,0.688452916048584
0.3,0.05,0.5,0.999957818958972,0.1517665084676318,0.26353547143942335,0.9989078700769884,0.3161960529909861,0.4803433710138068,0.9929322662126183,0.5276457081398525,0.6891017199743041
0.3,0.05,0.55,0.9999580999734633,0.15278441682600383,0.2650687606787768,0.9989084881887642,0.3163753072930893,0.4805502523394476,0.9929322662126183,0.5276457081398525,0.6891017199743041
0.3,0.05,0.6,0.9999581741627862,0.15305543225894563,0.2654765385853935,0.9989129559545857,0.3176770349631248,0.4820509167211756,0.992949819539415,0.5289687756077575,0.69023330414189
0.3,0.05,0.65,0.9999584527815862,0.15408187653646543,0.26701922099054204,0.9989135173200094,0.3178413514067195,0.4822401341723421,0.992949819539415,0.5289687756077575,0.69023330414189
0.3,0.1,0.0,0.9999550857861484,0.14253064394974052,0.2494985076634006,0.9988592914932719,0.30271570267686426,0.46462231320368474,0.9928495365965252,0.5232753175361923,0.6853441589748247
0.3,0.1,0.05,0.9999569157415519,0.1485847446052991,0.25872521314880564,0.9988730826753852,0.306424559546572,0.46898000042458476,0.9928967902823587,0.5267814463261404,0.6883557250971797
0.3,0.1,0.1,0.9999578616175521,0.15192015501229172,0.26376708496819207,0.9988807362268375,0.3085222616771374,0.4714337421292386,0.9929063770304792,0.5274984635345534,0.6889699037298415
0.3,0.1,0.15,0.9999585067979696,0.15428247063643813,0.26732038106224887,0.9988880194390676,0.3105452745151598,0.4737926790754915,0.992914061935753,0.5280746380770281,0.6894630234845383
0.3,0.1,0.2,0.9999589356110381,0.15589362537558044,0.2697354817746795,0.9988935862149038,0.31210948169898933,0.475611639814187,0.9929319853676889,0.5294233133023764,0.6906158398588103
0.3,0.1,0.25,0.9999594133881704,0.15772884799235182,0.272478268242511,0.9988974341523175,0.31319994537011747,0.4768771383732605,0.9929485515781908,0.5306759594373122,0.6916847575908868
0.3,0.1,0.3,0.9999596513879923,0.15865926317945916,0.27386547811993517,0.9989010467190818,0.31423065760721114,0.47807136445023785,0.9929592064555226,0.5314847377765638,0.6923739839206485
0.3,0.1,0.35,0.9999599930654647,0.16001434034416825,0.27588186057634817,0.9989034419738044,0.31491779909860695,0.4788664753229939,0.9929790524503743,0.5329977294455067,0.6936613802019328
0.3,0.1,0.4,0.9999602290804963,0.1609639613493581,0.2772921108742004,0.9989065284302608,0.31580766866976234,0.47989493482067574,0.9929977042303224,0.5344274959027588,0.6948756331410036
0.3,0.1,0.45,0.9999605091684547,0.16210564053537285,0.27898452922003397,0.9989093259364985,0.31661858098880086,0.480830929772823,0.9929994807089314,0.5345640706091231,0.6949915033813074
0.3,0.1,0.5,0.9999606990331962,0.1628888111171811,0.2801435749125595,0.9989146601278289,0.3181763862332696,0.48262579507016046,0.9930093182699844,0.5353216334334882,0.6956338477323463
0.3,0.1,0.55,0.9999609446194704,0.16391312141491396,0.28165713887595295,0.9989152851059271,0.3183599084949467,0.48283696573866103,0.9930093182699844,0.5353216334334882,0.6956338477323463
0.3,0.1,0.6,0.9999610035096841,0.1641606630701994,0.28202251722153177,0.9989196759027709,0.3196552342256214,0.484325767949263,0.9930264607511362,0.53664683488118,0.6967559787269119
0.3,0.15,0.0,0.9999449982811963,0.1551851440863152,0.2686738107597357,0.9988683436602795,0.305139903714832,0.467473408733149,0.9928509260196337,0.5233777485659655,0.6854323375249602
0.3,0.15,0.05,0.9999470149550289,0.1610920001365747,0.27748157051723854,0.9988823346786713,0.3089639954930347,0.471949448539898,0.9928987325484141,0.5269265569516526,0.6884800695947001
0.3,0.15,0.1,0.999948042501234,0.16427803195848129,0.28219518543092487,0.9988896504455106,0.31100194618956567,0.474324174786984,0.9929084279679393,0.5276521100792133,0.6891014386123326
0.3,0.15,0.15,0.9999487606481778,0.16658059614859327,0.28558571577524405,0.9988968034539586,0.3130206910680142,0.4766692555414377,0.9929158242675139,0.5282069448238186,0.6895762060242708
0.3,0.15,0.2,0.9999492514590206,0.16819175088773558,0.28795019619018386,0.998902208458416,0.3145635584539743,0.4784566772209933,0.9929335974231238,0.5295449501502322,0.6907197125213806
0.3,0.15,0.25,0.9999497954163216,0.1700141696257853,0.2906168723394166,0.9989060041463793,0.3156561561048894,0.4797199236568189,0.9929499590810196,0.5307826584266594,0.6917757261477145
0.3,0.15,0.3,0.999950068032306,0.17094245083310572,0.2919720001385049,0.9989096342563302,0.3167082081398525,0.4809343111108231,0.9929605535890813,0.531587168806337,0.6924612219936621
0.3,0.15,0.35,0.9999504625558844,0.17230392993717564,0.2939556388856022,0.9989119703411175,0.31738894769188747,0.48171905794484543,0.9929803920009858,0.53310016047528,0.6937484465883261
0.3,0.15,0.4,0.9999507231379505,0.1732151393062005,0.295280674885682,0.998914849150635,0.31823186970773015,0.4826896435646128,0.9929990366737892,0.5345299269325321,0.694962537750101
0.3,0.15,0.45,0.999951045185294,0.1743546845124283,0.29693485197595565,0.9989176549189911,0.31905771988527726,0.4836393690268049,0.9930008679557858,0.5346707695984704,0.6950820126920275
0.3,0.15,0.5,0.9999512700249741,0.175159194892106,0.2981007566829431,0.9989228651786248,0.3206027212510243,0.48541292747901077,0.9930107569437299,0.5354326003824091,0.6957278845167355
0.3,0.15,0.55,0.999951547453213,0.1761621653919694,0.29955203814479564,0.9989234306676059,0.3207713056541928,0.48560620010790095,0.9930107846047294,0.5354347343621961,0.6957296927835538
0.3,0.2,0.0,0.9999235074389016,0.16737443662933624,0.2867504985860447,0.9989129924244966,0.31768770486205955,0.4820632050009633,0.992987898981425,0.5354880838568697,0.6957691102626595
0.3,0.2,0.05,0.9999260026639041,0.1730188131658017,0.29499428771020864,0.9989257579374552,0.3214669830647364,0.48640323403485886,0.9930319891468905,0.5389003175361923,0.6986539182446574
0.3,0.2,0.1,0.9999273202994403,0.17615576345260858,0.2995416955450485,0.9989322647192581,0.32342811048893744,0.48864557792533336,0.9930410468276285,0.5396066648456705,0.6992494925640586
0.3,0.2,0.15,0.9999282365323893,0.17840497814804698,0.30278731510858076,0.998938707056943,0.3253935058727124,0.4908861460405761,0.9930480360309465,0.5401529636711281,0.6997097442985487
0.3,0.2,0.2,0.9999288669693772,0.17998625717017208,0.30506169557488194,0.9989437652811736,0.32695344509696805,0.4926597672283648,0.9930647149762235,0.5414610932805245,0.700810508857043
0.3,0.2,0.25,0.9999295840766125,0.1818193458071565,0.30769064093489534,0.9989471700320398,0.328011899071292,0.4938608370724153,0.9930805846359302,0.5427116054356733,0.7018610485180744
0.3,0.2,0.3,0.9999299368263718,0.18273482313575526,0.309000532255591,0.9989505393061898,0.32906608508604207,0.4950551629043313,0.9930907829016372,0.543518249795138,0.7025377994337153
0.3,0.2,0.35,0.9999304492975379,0.1840813643813166,0.3109235216516844,0.9989526697224574,0.3297361547391423,0.4958133251616029,0.9931096965855669,0.5450205715651462,0.7037963242355477
0.3,0.2,0.4,0.9999307846711118,0.18497336793225894,0.31219498139724183,0.9989553846054643,0.3305940146134936,0.49678285170974634,0.9931276275577481,0.5464524720021852,0.704993585260967
0.3,0.2,0.45,0.9999312115931395,0.18612144905763453,0.3138286388692986,0.9989579313006561,0.33140279295274516,0.4976957639231623,0.9931293329404284,0.5465890467085496,0.7051076645249381
0.3,0.2,0.5,0.9999314998116244,0.18690461963944277,0.3149412350615517,0.9989627552294423,0.33294566033870526,0.49943421080009154,0.9931388037047363,0.5473487435127015,0.7057418637669357
0.3,0.25,0.0,0.9999174109513078,0.18085478694345808,0.30630777154319483,0.9989473342213847,0.32806311458617865,0.4939189048084909,0.9929910608337948,0.5357313575525813,0.6959752047328355
0.3,0.25,0.05,0.9999197772098514,0.1861897364108167,0.3139251436949619,0.998959129781096,0.33178477533460804,0.4981265428588363,0.9930346459540412,0.5391073135755258,0.6988285085960083
0.3,0.25,0.1,0.9999210858585859,0.1892776051625239,0.3183028536977492,0.9989651604001379,0.33372029500136574,0.5003055247187094,0.9930433690194369,0.5397880531275607,0.699402346650003
0.3,0.25,0.15,0.9999220107847944,0.19152255189838843,0.32147129829286986,0.9989712652802032,0.3357027622234362,0.5025308146044534,0.9930499992155756,0.5403066102157881,0.699839131420232
0.3,0.25,0.2,0.9999226519337017,0.19311023285987436,0.3237049013786245,0.998975999190913,0.3372562995083311,0.5042700271692743,0.9930666958814921,0.5416168738049714,0.7009414708376025
0.3,0.25,0.25,0.9999233657751552,0.19490917782026768,0.3262285449976873,0.9989792189134352,0.33832115542201585,0.5054598205034194,0.9930823674543346,0.5428524481016116,0.7019792622436237
0.3,0.25,0.3,0.9999237256739382,0.19582892310844033,0.32751587310084906,0.9989822906000088,0.3393433317399618,0.5066001475017881,0.9930925604693317,0.5436590924610762,0.7026558899417081
0.3,0.25,0.35,0.9999242309440824,0.19713491873804972,0.32934042075316317,0.9989843069148636,0.3400176693526359,0.5073514778580015,0.9931114912144301,0.5451635482108713,0.703915971387949
0.3,0.25,0.4,0.9999245787182692,0.19804399412728763,0.3306081008870364,0.9989868287740629,0.34086485932805244,0.508294325236833,0.9931294394987438,0.5465975826276973,0.7051147938115949
0.3,0.25,0.45,0.9999250077670527,0.1991771373941546,0.3321855464266457,0.9989891804874397,0.34165869980879543,0.5091767190247967,0.993131143982386,0.5467341573340617,0.7052288517225814
0.3,0.3,0.0,0.9999208458189631,0.18870356459983612,0.3174907502652399,0.9989507354390695,0.33522261677137394,0.5019900584954167,0.9930047569231983,0.5367876775471183,0.6968693337101048
0.3,0.3,0.05,0.9999230227852556,0.1940406480469817,0.32501108045122457,0.9989618528096038,0.3388162387325867,0.506009927574915,0.9930485814712529,0.540195643266867,0.6997456877487837
0.3,0.3,0.1,0.9999242161787633,0.19709650710188473,0.32928681440917257,0.9989677564655981,0.34075602635891833,0.5081708446441585,0.9930566984052349,0.5408315692433762,0.7002810098671214
0.3,0.3,0.15,0.9999250479157967,0.19928383638350178,0.3323339282314444,0.998973791250482,0.34276196735864517,0.5103988916322685,0.9930632760753488,0.5413479923518164,0.7007154103251112
0.3,0.3,0.2,0.9999256323902812,0.20085017754711829,0.33450913840439994,0.9989782775617368,0.34426855708822723,0.5120679257260753,0.9930800442064897,0.5426689258399344,0.7018252219258458
0.3,0.3,0.25,0.9999262963937878,0.20265979240644633,0.33701513352957774,0.9989814060300763,0.3453270110625512,0.5132382698272745,0.9930955748557357,0.5438980981972139,0.702856236771894
0.3,0.3,0.3,0.9999266162765099,0.20354326003824091,0.3382358416800089,0.9989843653822479,0.34633424952198855,0.5143502760399831,0.9931057021912351,0.5447026085768916,0.7035301640500969
0.3,0.3,0.35,0.9999270848523989,0.20485138964763724,0.3400400276296913,0.9989863059144443,0.3469979172357279,0.5150820663975203,0.9931245343928483,0.5462049303468998,0.7047867653537757
0.3,0.3,0.4,0.9999274062243977,0.20575833105708824,0.34128859274204254,0.9989887785057211,0.34784724119093147,0.5160175188397172,0.993142361782986,0.5476346968041519,0.7059804183184183
0.3,0.35,0.0,0.9999023183120604,0.19659715583173995,0.32858844677785226,0.9989380530973452,0.343259184649003,0.5109452649400524,0.9930509855535709,0.5409937517071838,0.7004155293025517
0.3,0.35,0.05,0.9999048313929512,0.2017891286533734,0.33580916834316743,0.9989487144806896,0.34674397364108167,0.5147972487033992,0.9930943474080447,0.5444145213056542,0.7032869790309842
0.3,0.35,0.1,0.9999062392565815,0.2048193799508331,0.33999472189898283,0.9989545504566963,0.3486816272876263,0.516930465346566,0.9931024024946441,0.5450547152417372,0.7038229592490483
0.3,0.35,0.15,0.9999072270154931,0.20700030729308933,0.34299413562840003,0.9989604547250677,0.3506640945096968,0.5191066856419888,0.9931091274927945,0.54559034416826,0.7042710557124165
0.3,0.35,0.2,0.9999079010652777,0.20851543294181918,0.34507150437289985,0.9989648785094251,0.35216428229991803,0.5207492513482044,0.9931252034536746,0.546875,0.7053445115406
0.3,0.35,0.25,0.999908687844323,0.21031224392242556,0.3475283468301447,0.998967989571263,0.3532270042338159,0.5219106296034708,0.9931405150413735,0.5481041723572795,0.7063699417514178
0.3,0.35,0.3,0.999909085399115,0.2112319892105982,0.34878312620462926,0.9989708776427682,0.3542193048347446,0.5229934038996864,0.9931504998127392,0.5489086827369571,0.7070402209990311
0.3,0.35,0.35,0.9999096267585127,0.21249743922425568,0.3505064282508646,0.9989727878897099,0.35487870458891013,0.5237120479689109,0.9931690675045534,0.5504110045069653,0.7082900252502715
0.3,0.4,0.0,0.9998330272165638,0.20445233542747884,0.33948465005527684,0.998941143688659,0.34426215514886643,0.5120559654532671,0.9933135691226272,0.5627048620595466,0.7184264192428252
0.3,0.4,0.05,0.9998371003868866,0.20956535099699536,0.34650370129915953,0.9989518590710161,0.34778535577711006,0.5159444973834751,0.9933519852282985,0.5659783870527179,0.7210989593599827
0.3,0.4,0.1,0.9998393783943863,0.21253798484020758,0.35055726557096617,0.9989577111092148,0.3497400812619503,0.518093160731503,0.9933594217646354,0.5666164470090139,0.7216185806844371
0.3,0.4,0.15,0.9998409985292364,0.21470397432395522,0.3534983732581917,0.9989634541828564,0.3516798688882819,0.520219262317722,0.9933656516425151,0.5671520759355367,0.7220544586398244
0.3,0.4,0.2,0.9998421031855682,0.21620629609396338,0.3555321612801347,0.9989678151483691,0.3531672527997815,0.5218453796139221,0.993380545890531,0.5684367317672767,0.7230986607524598
0.3,0.4,0.25,0.9998434059212136,0.21800524105435673,0.35796090633393074,0.9989708776427682,0.3542193048347446,0.5229934038996864,0.9933948572917054,0.5696765740234908,0.7241048203130721
0.3,0.4,0.3,0.9998440332988907,0.2188823067467905,0.35914242796668033,0.998973743435859,0.3552094714558864,0.5240722695451905,0.9934039880788698,0.5704704145042339,0.7247482072901276
0.3,0.45,0.0,0.9998229601070108,0.21692758126195028,0.35650557620817847,0.9989454404173835,0.34566631384867524,0.5136081653748409,0.993316388967335,0.5629438677956843,0.7186219239617371
0.3,0.45,0.05,0.9998268997749697,0.22186561048893744,0.3631473609573275,0.9989559228481937,0.3491404329418192,0.5174346802363734,0.9933547976489087,0.5662195267686424,0.7212953876349362
0.3,0.45,0.1,0.9998291636612125,0.22480623463534555,0.3670771396514116,0.9989617045047452,0.3510866225075116,0.5195696832943576,0.9933624761142626,0.566878926522808,0.7218322153942722
0.3,0.45,0.15,0.9998307698093339,0.22694021442228898,0.3699171437913498,0.9989673725973297,0.3530157402349085,0.5216798984555467,0.9933684277382789,0.5673910816716744,0.7222488580908828
0.3,0.45,0.2,0.9998318888224746,0.22845107211144497,0.3719219010561423,0.9989716883554229,0.3544988561868342,0.5232981571901086,0.9933834328614136,0.5686864074023491,0.7233014056677262
0.3,0.45,0.25,0.9998331896911229,0.23023294523354274,0.3742799406780396,0.9989746603187547,0.3555274344441409,0.5244183813831679,0.9933976090045454,0.5699155797596285,0.7242985965150178
0.3,0.5,0.0,0.9998307093279161,0.22685912319038515,0.36980940420987446,0.9989460923174395,0.3499257375034144,0.5182952751363474,0.9933458971986078,0.5657756589729582,0.7209327936631812
0.3,0.5,0.05,0.9998343197444842,0.23180355435673314,0.3763527477648372,0.9989565490120389,0.35343613425293635,0.5221373131316952,0.9933839471311812,0.5690513179459165,0.7235966276189004
0.3,0.5,0.1,0.9998363799983638,0.23472283870527177,0.3801914558630118,0.9989623320537429,0.3554079315760721,0.5242866676740203,0.9933916033175937,0.5697149856596558,0.724134984817395
0.3,0.5,0.15,0.9998378203048979,0.23680773695711554,0.3829218973215826,0.9989678173812393,0.357298637667304,0.5263417655065749,0.9933975486168682,0.5702314087680962,0.7245535853492209
0.3,0.5,0.2,0.9998388483025354,0.2383185946462715,0.3848948137527916,0.9989720309222606,0.3587646817809342,0.527931342547743,0.9934123162978404,0.571518198579623,0.7255954332283034
0.3,0.55,0.0,0.9998319359115609,0.22851509150505325,0.37200673950426427,0.9989464132374346,0.35003243649276156,0.5184123487497807,0.9933458971986078,0.5657756589729582,0.7209327936631812
0.3,0.55,0.05,0.9998355188011148,0.23349366634799235,0.378577372271613,0.9989569830886564,0.35358337885823543,0.5222980331708362,0.9933840210698067,0.5690577198852772,0.7236018229452859
0.3,0.55,0.1,0.9998375348623108,0.23639161089866156,0.3823776624479419,0.9989626556016598,0.3555188985249932,0.5244074412162801,0.9933918737907427,0.5697384594373122,0.7241540180750995
0.3,0.55,0.15,0.9998389463512402,0.23846370527178368,0.3850840495406395,0.9989680821239614,0.3573903987981426,0.5264413593877946,0.9933976222517974,0.5702378107074569,0.7245587728883598
0.3,0.6,0.0,0.9998330736701536,0.230072896749522,0.37406841995697737,0.9990028367575002,0.37199749043977054,0.542124667432744,0.9935924772529359,0.5916651017481562,0.7416763079227718
0.3,0.6,0.05,0.9998366724738676,0.23514323272329965,0.3807427576293676,0.9990124185529093,0.3756103182190658,0.5459525183158704,0.9936277130332514,0.59495783255941,0.7442678704427934
0.3,0.6,0.1,0.9998386388288765,0.2380091675771647,0.3844911481162922,0.9990173655230834,0.3775031582900847,0.5479500002323121,0.9936348361005896,0.5956279022125103,0.7447939459274836
0.3,0.65,0.0,0.9998146219169859,0.241696684649003,0.38928663493100074,0.9990039726607668,0.3724221524173723,0.5425756487621678,0.9935924772529359,0.5916651017481562,0.7416763079227718
0.3,0.65,0.05,0.9998182526288459,0.24652588090685604,0.3955265144576849,0.9990132530325456,0.3759282812073204,0.546288443200583,0.9936277584535553,0.5949621005189839,0.74427122263748
0.3,0.7,0.0,0.9997692366862388,0.24962441955749795,0.3995006924391789,0.9990039726607668,0.3724221524173723,0.5425756487621678,0.9935925002150168,0.5916672357279432,0.7416779909477085
0.35,0.0,0.0,0.9999063645362369,0.15951712305381044,0.2751405130243703,0.9981751824817519,0.33150949194209234,0.4977188260925286,0.9927053258163532,0.5114039879814258,0.6750486255962885
0.35,0.0,0.05,0.9999096506059862,0.1653194140945097,0.28372872355036305,0.9981850135804442,0.3333084369024857,0.49974483388606,0.9927662738300136,0.5157445028680688,0.6788333981695132
0.35,0.0,0.1,0.9999113722113899,0.1685310536738596,0.28844573494767983,0.9981975120588982,0.33562380497131933,0.5023444187502395,0.9927721524702329,0.5161670308658837,0.6792006727984174
0.35,0.0,0.15,0.999912438707095,0.17058394222889922,0.29144730125858626,0.9982086087702478,0.3377065692433761,0.5046751623231666,0.9927793541191714,0.5166855879541109,0.6796511399426238
0.35,0.0,0.2,0.99991320843614,0.1720969338978421,0.2936527443237368,0.9982149703647368,0.33891226782299916,0.5060211021349065,0.9927941272751081,0.5177525778475827,0.680577061173197
0.35,0.0,0.25,0.9999139023160277,0.17348402075935537,0.29566966290908897,0.9982215542613814,0.3401691819175089,0.507421637503223,0.9928122742356154,0.5190692433761267,0.6817178595000903
0.35,0.0,0.3,0.9999146341463415,0.17497140467085495,0.29782712928253857,0.9982262637870517,0.3410739893471729,0.5084282083337309,0.992823668446147,0.5198993615132478,0.6824360852551409
0.35,0.0,0.35,0.9999150732796273,0.17587621210051899,0.2991368922313042,0.9982285097650281,0.3415071872439224,0.5089096474142386,0.9928441977455769,0.521401683283256,0.683733919871499
0.35,0.0,0.4,0.999915538502377,0.1768450389237913,0.30053709432333736,0.9982332045563415,0.34241626263316033,0.5099189482498637,0.992863944889069,0.5228549235181644,0.6849869230887511
0.35,0.0,0.45,0.9999159239952917,0.17765595124282982,0.3017072985108704,0.9982373386295929,0.34322077301283804,0.5108110168199604,0.992865795113414,0.5229914982245288,0.6851045570112111
0.35,0.0,0.5,0.9999163439934987,0.1785479547937722,0.3029926631950229,0.9982452996892204,0.34478071223709367,0.512537690793533,0.9928760406805991,0.5237490610488937,0.6857566757287631
0.35,0.0,0.55,0.9999168507827905,0.17963628448511335,0.30455829838963516,0.9982464048211518,0.34499837817536194,0.5127783037644257,0.9928760406805991,0.5237490610488937,0.6857566757287631
0.35,0.0,0.6,0.9999169819376416,0.17992010379677684,0.3049661166844809,0.9982528667749397,0.34627663206774106,0.514189745864757,0.9928938639463468,0.5250721285167987,0.6868940373132036
0.35,0.0,0.65,0.9999174635365695,0.18097002185195302,0.30647303399413467,0.998254037538193,0.3465092358645179,0.5144462978540051,0.9928938639463468,0.5250721285167987,0.6868940373132036
0.35,0.05,0.0,0.999899709156554,0.1702062278066102,0.2908952981166207,0.9981912556125211,0.3344607859874351,0.5010397635636796,0.9930815965786486,0.5430978557771101,0.7021842205824129
0.35,0.05,0.05,0.9999029020159969,0.1758036567877629,0.2990313957012626,0.9982012224087152,0.33631734840207594,0.503121343734088,0.993130223529275,0.5469688951106255,0.7054238710875951
0.35,0.05,0.1,0.999904597221394,0.17892780319584814,0.3035388795267738,0.9982135331156863,0.33863911841027045,0.5057163935810677,0.9931356227496225,0.5474020930073751,0.7057854059304057
0.35,0.05,0.15,0.9999056692764834,0.18096148593280525,0.3064602396750365,0.9982243674308973,0.34070907880360557,0.5080224198195532,0.9931424991007507,0.5479547937721934,0.706246381455449
0.35,0.05,0.2,0.9999064228983168,0.18241899412728763,0.3085477504922406,0.9982305406196846,0.34189983952472003,0.5093457572535125,0.9931560256311279,0.5490452574433214,0.7071549113057053
0.35,0.05,0.25,0.999907133321725,0.18381461690794865,0.31054180869684345,0.9982367476686576,0.3431055381043431,0.5106833059646738,0.9931714719271624,0.5502957695984704,0.7081952176026496
0.35,0.05,0.3,0.9999078500259172,0.18524438336520077,0.31257978153587446,0.9982413445045112,0.34400394359464626,0.5116783977019338,0.9931816084174255,0.5511194857962305,0.7088795564339043
0.35,0.05,0.35,0.999908289484243,0.18613211895656925,0.3138426774659569,0.9982436719624492,0.3444606152690522,0.5121837067216238,0.9932002009641678,0.5526367454247474,0.7101381913509408
0.35,0.05,0.4,0.9999087788914355,0.18713082149685878,0.3152611777310011,0.9982481679784846,0.3453462168806337,0.5131626511754745,0.9932176288095849,0.5540665118819994,0.7113220030656652
0.35,0.05,0.45,0.9999091724474619,0.1879417338158973,0.3164111969562789,0.9982522754266233,0.34615926317945916,0.5140602593863145,0.9932192888858293,0.5542030865883638,0.711434969900765
0.35,0.05,0.5,0.9999095891959089,0.18880812960939633,0.3176381681335073,0.9982600917740325,0.3477170684239279,0.5157770620494275,0.9932284823856519,0.5549606494127287,0.712061223372214
0.35,0.05,0.55,0.999910116399263,0.18991566511882,0.3192040343464631,0.998261157065274,0.3479304664026222,0.5160119316068899,0.9932284823856519,0.5549606494127287,0.712061223372214
0.35,0.05,0.6,0.9999102364148424,0.19016960871346628,0.31956265654948357,0.998267553223937,0.3492172562141491,0.5174266210093307,0.993244478990444,0.5562837168806337,0.7131535031324379
0.35,0.1,0.0,0.9998615885026183,0.1849861718109806,0.31220984466222224,0.9981965505854861,0.3354445506692161,0.5021434823442222,0.9930816235747676,0.543099989756897,0.7021860109645431
0.35,0.1,0.05,0.999865431628053,0.1902699057634526,0.3197019624154239,0.9982073083745211,0.33746116156787764,0.5044009128764378,0.9931304098506746,0.5469838329691341,0.7054363411687321
0.35,0.1,0.1,0.9998675160360798,0.19326387940453427,0.32391784472044133,0.9982192347725762,0.33972531412182466,0.5069273511757869,0.9931362870913419,0.5474554425020486,0.7058299159608376
0.35,0.1,0.15,0.9998688510256942,0.19523140876809614,0.32667686709860794,0.9982297023531245,0.3417376570609123,0.509165655855893,0.9931431621122,0.548008143266867,0.7062908597847581
0.35,0.1,0.2,0.9998698495677921,0.19672946257853047,0.32877147121390704,0.9982357508929958,0.34291134594373124,0.5104680399566062,0.993156289805844,0.5490665972411909,0.7071726780251704
0.35,0.1,0.25,0.999870732837091,0.19807386984430483,0.33064678442359724,0.9982418670876281,0.34410637462441956,0.511791767900302,0.993171734910805,0.5503171093963398,0.7082129557413246
0.35,0.1,0.3,0.9998716495176161,0.19948869844304834,0.33261578859352925,0.9982465022659637,0.3450175839934444,0.5127995305834403,0.9931816870805853,0.5511258877355913,0.7088848722899966
0.35,0.1,0.35,0.9998722452890451,0.2004191136301557,0.3339081093188371,0.9982487405114417,0.3454593178093417,0.513287580238341,0.9932002270426166,0.5526388794045343,0.7101399598547753
0.35,0.1,0.4,0.9998728665416521,0.20139861035236276,0.33526644014088886,0.9982532965951584,0.3463619912592188,0.5142839036755387,0.9932176547545273,0.5540686458617864,0.7113237683247902
0.35,0.1,0.45,0.9998733682977533,0.2021967187926796,0.3363715917219736,0.9982573479781555,0.34716863561868344,0.5151731060929924,0.9932193148180727,0.5542052205681508,0.7114367348504149
0.35,0.1,0.5,0.9998739018956748,0.20305244468724393,0.33755489807936545,0.9982651403159399,0.34873070882272605,0.5168920308076735,0.9932285082476234,0.5549627833925157,0.7120629866067211
0.35,0.1,0.55,0.9998745793181295,0.20414931029773287,0.33906919540800234,0.9982661782661783,0.3489398388418465,0.5171218580410115,0.9932285082476234,0.5549627833925157,0.7120629866067211
0.35,0.15,0.0,0.9998676679789592,0.1934858133023764,0.32422951282789403,0.9982203060572259,0.3399301761813712,0.5071555240008533,0.9930844839691083,0.5433261916143131,0.7023757634609126
0.35,0.15,0.05,0.9998711146435246,0.19866071428571427,0.33146405466126894,0.9982311908320877,0.34202574433214966,0.5094855428120947,0.9931336023608325,0.5472399105435674,0.7056500766349945
0.35,0.15,0.1,0.9998729930252003,0.20159920445233542,0.3355443436318463,0.9982424872518442,0.34422801147227533,0.5119263725801333,0.9931397395964325,0.5477328598743513,0.706061318775935
0.35,0.15,0.15,0.9998742072435662,0.20354539401802785,0.33823578952594224,0.99825263028364,0.3462296845124283,0.514137953981538,0.9931463162899653,0.5482620868615132,0.706502534713963
0.35,0.15,0.2,0.9998751001800639,0.2050007682327233,0.3402427902281804,0.9982584593497431,0.3473905695165255,0.5154175677002036,0.9931592999567874,0.5493098709369025,0.7073751841185394
0.35,0.15,0.25,0.9998759112765627,0.20634090753892378,0.34208659627498395,0.9982644405876457,0.3485898661567878,0.5167372090522014,0.9931745475683604,0.5505454452335428,0.7084027233374202
0.35,0.15,0.3,0.9998767587552634,0.20776000409724119,0.34403457378201974,0.9982689682075288,0.34950320950559954,0.5177406302159728,0.993184439148151,0.5513499556132204,0.7090708996799991
0.35,0.15,0.35,0.9998773081406048,0.20869041928434853,0.345309261423623,0.9982711810755202,0.3499513452608577,0.5182324667157543,0.9932029641670085,0.5528629472821633,0.710325625773692
0.35,0.15,0.4,0.9998778725396406,0.20965497814804698,0.34662865650788727,0.9982753699756487,0.3508028031958481,0.5191660574057962,0.9932203778692944,0.5542927137394155,0.7115090936234381
0.35,0.15,0.45,0.9998783331643516,0.21044881862878995,0.34771295294038834,0.9982793614249795,0.35161798347446055,0.5200587694089761,0.9932220884225013,0.5544335564053537,0.7116255565309446
0.35,0.15,0.5,0.9998788233749709,0.2113002765637804,0.3488743686546156,0.9982869379014989,0.35317578871892924,0.521761747055847,0.993231326018737,0.5551953871892925,0.7122551502292793
0.35,0.2,0.0,0.9998646538261322,0.2049410167986889,0.34015988439019723,0.998275663171444,0.35086255462988253,0.5192315283692479,0.993095525526695,0.5442011233269598,0.7031091897137848
0.35,0.2,0.05,0.9998678687224938,0.20992812756077575,0.3470012963077275,0.9982854382999276,0.35286636164982244,0.5214237963698742,0.993145097372094,0.5481639237913138,0.7064207190050257
0.35,0.2,0.1,0.9998696702657724,0.21283034007101884,0.3509567083952811,0.9982957989042707,0.3550152792952745,0.5237676208766558,0.993150975976266,0.5486376673040153,0.7068154732039639
0.35,0.2,0.15,0.9998708356930659,0.21475092187926795,0.3535638685650543,0.998305236461286,0.35699561253755807,0.5259210007183468,0.993157451932354,0.5491604923518164,0.7072508457900131
0.35,0.2,0.2,0.9998716885783094,0.21617855435673314,0.35549652234332996,0.9983107907164864,0.3581714354001639,0.5271966001501412,0.9931699988443314,0.5501762667304015,0.708095875023002
0.35,0.2,0.25,0.9998724727533133,0.21750802376399891,0.3572922125609284,0.9983162987028386,0.35934512428298276,0.5284676847371031,0.9931853560103776,0.5514246449057635,0.7091328968979793
0.35,0.2,0.3,0.999873307929949,0.2189420581808249,0.35922474567547646,0.9983205899223568,0.36026486957115544,0.5294622205844304,0.9931952424266848,0.5522312892652281,0.7098020876047951
0.35,0.2,0.35,0.9998738317303493,0.21985113357006283,0.3604474805167543,0.9983226530431444,0.36070873736683967,0.5299417014279153,0.9932135789663052,0.5537336110352363,0.7110465634055615
0.35,0.2,0.4,0.9998743657888379,0.22078581671674405,0.3617027599142082,0.9983266458086602,0.3615708652007648,0.5308721078694776,0.9932309642344461,0.5551655114722753,0.7122304718727072
0.35,0.2,0.45,0.9998748122183275,0.22157325525812618,0.3627587989910071,0.9983303251750513,0.36236897364108167,0.5317323755560113,0.9932326177898562,0.5553020861786397,0.7123432794963044
0.35,0.25,0.0,0.9998523404045873,0.21674832695984703,0.3562653347199983,0.9983329654627618,0.3667777758809069,0.5364639418199978,0.9930993414599972,0.5445041484567058,0.7033630123769882
0.35,0.25,0.05,0.9998554927216501,0.22147722616771373,0.3626288196027665,0.9983410308730108,0.3685639169625785,0.5383731785968668,0.9931483821602884,0.5484285372848948,0.7066412420485056
0.35,0.25,0.1,0.9998573507175259,0.2243623668396613,0.36648709131502494,0.9983506221085601,0.37071070062824363,0.5406613311588778,0.9931539379336708,0.548876673040153,0.707014537053199
0.35,0.25,0.15,0.9998585346071506,0.22624026905217154,0.3689886381236285,0.9983592874619834,0.3726718280524447,0.5427453491046288,0.993160065274504,0.5493717563507239,0.7074266887050527
0.35,0.25,0.2,0.9998594202491073,0.22766576754984977,0.3708824301375435,0.9983645046215567,0.37386258877355916,0.5440078249934016,0.9931726551940575,0.5503917986888828,0.7082750353906843
0.35,0.25,0.25,0.9998602480131926,0.22901444277519803,0.37267011725159344,0.9983696609235558,0.37504694755531276,0.5452613453916496,0.9931878172198764,0.5516252390057361,0.7092993742428421
0.35,0.25,0.3,0.9998611123971074,0.23043994127287626,0.3745553746126058,0.9983734861236264,0.37593041518710735,0.5461949992171259,0.9931976965013984,0.5524318833652008,0.7099683924004636
0.35,0.25,0.35,0.9998616223396894,0.23128926522807977,0.3756765515842962,0.9983753828039648,0.3763700150232177,0.5466591245457293,0.9932160457926474,0.553936339114996,0.7112143131130473
0.35,0.25,0.4,0.9998621842871712,0.23223248429390878,0.37691986651635034,0.9983790622281964,0.37722574091778205,0.5475617424488822,0.9932334442646475,0.555370373531822,0.7123996758970317
0.35,0.3,0.0,0.9997937796441762,0.22761028407538925,0.3708042900102557,0.9983338451215212,0.37464362537558044,0.5448296408477149,0.9931117007844036,0.5454879131384868,0.7041863578700305
0.35,0.3,0.05,0.9997977625180405,0.23209377560775743,0.37673257809699146,0.9983412402767241,0.3763166655285441,0.5465977317178254,0.9931609623255042,0.54944431166348,0.7074870681660496
0.35,0.3,0.1,0.9998002288287962,0.2349597104616225,0.38049950408996186,0.9983507081259991,0.3784805210325048,0.548878160492681,0.9931659709293585,0.5498497678229992,0.7078243789875626
0.35,0.3,0.15,0.9998017803726529,0.23679920103796775,0.38290809460382746,0.9983592971296099,0.3804651222343622,0.5509633956025278,0.993172024169417,0.5503405831739961,0.7082324671312348
0.35,0.3,0.2,0.9998029644888272,0.23822256555585905,0.38476690741956665,0.9983641611719976,0.38159826550122916,0.5521513120618291,0.9931847011339612,0.5513712954110899,0.7090886137785108
0.35,0.3,0.25,0.9998040926819712,0.2395947145588637,0.38655479544022614,0.9983692052519383,0.38278049030319583,0.5533886082295322,0.9931997315178829,0.5525983337885824,0.7101063574526314
0.35,0.3,0.3,0.9998051907802109,0.24094552376399891,0.38831101611413854,0.9983729182516368,0.3836554220158427,0.5543029359396316,0.993209550290691,0.55340284416826,0.7107727727453372
0.35,0.3,0.35,0.9998059040460184,0.24183112537558044,0.3894603353529661,0.9983747503882849,0.3840886199125922,0.5547552119934411,0.9932278099050442,0.5549051659382682,0.7120153775803859
0.35,0.35,0.0,0.9997969130787977,0.23112281480469818,0.375452389866467,0.9983347541915317,0.374848487435127,0.5450463728632644,0.9931563890409691,0.5496939872985523,0.7076928571624812
0.35,0.35,0.05,0.9998008238649224,0.2356617898115269,0.38141963827770037,0.998342319508014,0.3765620732040426,0.5468567205021686,0.993205117407915,0.5536631897022671,0.7109863338786627
0.35,0.35,0.1,0.9998031901094084,0.23849571496858782,0.3851231325089466,0.99835179361981,0.3787301966675772,0.5491408264836156,0.993210081976306,0.5540707798415734,0.7113235848087394
0.35,0.35,0.15,0.9998046840320318,0.24032026768642448,0.3874985806353936,0.9983602612389262,0.38068919011199126,0.551198448929777,0.9932163099018945,0.5545829349904398,0.711747105502797
0.35,0.35,0.2,0.9998058303840145,0.24173936424474188,0.38934132539168365,0.9983651286972921,0.38182446735864517,0.5523882147548651,0.9932283698874192,0.5555773695711554,0.7125686470123753
0.35,0.35,0.25,0.9998068938881916,0.2430709676317946,0.39106663118954227,0.9983701124233035,0.3829938882818902,0.5536117216117216,0.9932431918019932,0.5568044079486479,0.7135809086757117
0.35,0.35,0.3,0.9998079893870497,0.24445805449330785,0.3928598986599449,0.9983737942211418,0.3838624180551762,0.5545190834517604,0.9932528746555165,0.5576089183283256,0.714243736700183
0.35,0.4,0.0,0.9997989729344469,0.2334915323682054,0.3785719475612667,0.9983388892668436,0.37578317058180827,0.5460343940117458,0.9934110209578506,0.5714050976509151,0.7255039294234633
0.35,0.4,0.05,0.9998028974081009,0.23814147432395522,0.3846611228402775,0.99834659443598,0.3775373019666758,0.5478850078505091,0.9934545132899916,0.5752270554493308,0.728588804497662
0.35,0.4,0.1,0.9998051787042612,0.2409305859054903,0.3882916159385898,0.9983559922120041,0.3796990234908495,0.5501591605844495,0.9934590935541134,0.5756325116088501,0.7289151905746288
0.35,0.4,0.15,0.9998066291058354,0.2427380667850314,0.3906356513541869,0.9983643072869273,0.38163240917782026,0.5521870759274211,0.993464869996541,0.5761446667577165,0.7293272282777531
0.35,0.4,0.2,0.999807717519556,0.244112349767823,0.3924133353229633,0.998369078167356,0.38275061458617865,0.5533573668630383,0.9934760568347121,0.5771391013384322,0.730126505731363
0.35,0.4,0.25,0.9998087654943412,0.24545035509423654,0.3941403238242097,0.9983740469029201,0.3839221694892106,0.5545814645273655,0.9934899269816134,0.5783768096148594,0.7311199110890514
0.35,0.45,0.0,0.9998060734276522,0.24204238937448785,0.38973426818519963,0.9983419067506465,0.3764681780934171,0.5467576400435755,0.993413757681168,0.5716441033870527,0.7256972805010695
0.35,0.45,0.05,0.9998097066888099,0.24666458959300738,0.3957043505945545,0.9983494445571104,0.37819029978148044,0.548572719787533,0.9934572381145351,0.5754681951652554,0.7287829385192682
0.35,0.45,0.1,0.9998118178396688,0.24943236137667305,0.3992580902998381,0.9983587365071896,0.38033494946735863,0.5508268057837,0.9934620793238259,0.5758971251024311,0.7291281100811344
0.35,0.45,0.15,0.9998131333293695,0.2511886267413275,0.4015049314475074,0.9983669328993351,0.38224699535646,0.5528305235137534,0.993467562179539,0.5763836724938541,0.729519421133802
0.35,0.45,0.2,0.9998141468071267,0.25255864176454523,0.40325325691973,0.9983717065959776,0.38336946872439226,0.5540042340540683,0.9934788595347812,0.5773887769735045,0.7303270247910462
0.35,0.5,0.0,0.9998142001739762,0.2526311970773013,0.40334574073916346,0.998350932701284,0.38111598606937996,0.5516442547224157,0.9934423446662312,0.5744758945643267,0.7279827039071701
0.35,0.5,0.05,0.999817507652236,0.25721071770008197,0.4091615025434474,0.9983585029546946,0.3828765193936083,0.5534873103180209,0.993485425610306,0.5782999863425293,0.7310573106135712
0.35,0.5,0.1,0.9998194160571958,0.2599294079486479,0.41259410434679517,0.9983675592520654,0.38500409724119095,0.5557083652257211,0.9934902463595567,0.5787310502594919,0.7314029582663033
0.35,0.5,0.15,0.9998206131767775,0.26166433351543295,0.4147768787378562,0.9983755953855896,0.3869118751707184,0.5576941709870458,0.9934957504593603,0.5792239995902759,0.7317979978808704
0.35,0.55,0.0,0.9998100178418027,0.2582990473914231,0.4105367051513384,0.9983531973092918,0.38164094509696805,0.5521943116328544,0.9934423446662312,0.5744758945643267,0.7279827039071701
0.35,0.55,0.05,0.9998132662174231,0.26279320882272605,0.41619323462514657,0.9983609927383644,0.38345909587544386,0.5540961617033742,0.9934855211399788,0.5783085222616772,0.7310641569494932
0.35,0.55,0.1,0.999815140774319,0.2654585495766184,0.4195289590524546,0.9983698415154395,0.3855439941272876,0.5562708983761615,0.9934905086707744,0.5787545240371483,0.7314217752570814
0.35,0.6,0.0,0.9997901177762171,0.2642997985523081,0.4180783713397931,0.9984359230431865,0.4032218826823272,0.5744500704560414,0.9936812362030905,0.6003653373395247,0.7484997997959381
0.35,0.6,0.05,0.9997935426493243,0.26868512701447694,0.4235461918586072,0.9984432359654567,0.40511899071291996,0.5763738982855303,0.9937211767265887,0.6042086349358099,0.7514909745280239
0.35,0.65,0.0,0.9997504250573243,0.2735463329691341,0.4295590339562955,0.9984396908901142,0.4041971114449604,0.575439683798309,0.9936812585209412,0.6003674713193117,0.7485014646138128
0.4,0.0,0.0,0.999663913472996,0.20946291996722208,0.34635327992208853,0.9969822378136692,0.36448801556951654,0.5338171385173621,0.9932031139311275,0.5534988732586725,0.7108503241489975
0.4,0.0,0.05,0.9996707769663594,0.21383117659109532,0.35230397086020065,0.9970008643543737,0.36675857006282436,0.5362508989985819,0.9932060016841461,0.5537357450150232,0.7110463809894392
0.4,0.0,0.1,0.9996749793168657,0.21659681439497405,0.3560493913775564,0.9970227126140238,0.3694580544933078,0.5391339279041379,0.9932110947922403,0.5541540050532642,0.7113924258695129
0.4,0.0,0.15,0.999677715491142,0.2184363049713193,0.3585311434986217,0.9970372323050561,0.37127407129199674,0.5410670386109933,0.9932173986144387,0.5546725621414914,0.7118211930051335
0.4,0.0,0.2,0.9996796831775429,0.21977857825730673,0.36033735049358756,0.9970444307242002,0.3721810127014477,0.5420305439356552,0.9932303326862422,0.5557395520349632,0.7127025329532969
0.4,0.0,0.25,0.9996817804863937,0.22122755053264134,0.3622826789676923,0.997052333901581,0.3731818492215242,0.5430923243908007,0.9932464824636832,0.5570775573613767,0.7138060303458684
0.4,0.0,0.3,0.9996834714548803,0.22240977533460804,0.36386646743380624,0.9970576015753498,0.37385191887462443,0.5438023327099322,0.9932562071389222,0.5578863357006283,0.7144721397406169
0.4,0.0,0.35,0.9996842800149249,0.22297954793772193,0.3646286800050948,0.9970609803932715,0.374282982791587,0.5442587239746973,0.993274196787529,0.5593886574706365,0.715707621802634
0.4,0.0,0.4,0.9996859924067255,0.2241959164162797,0.36625350138835383,0.9970681804004741,0.37520486205954656,0.5452338091849123,0.9932915076155562,0.5608418977055449,0.7169004825435967
0.4,0.0,0.45,0.9996873549279495,0.2251732791586998,0.3675567220926607,0.9970747494865252,0.3760499180551762,0.5461264904818354,0.9932931298979044,0.5609784724119093,0.7170124730314676
0.4,0.0,0.5,0.9996879403114923,0.22559580715651462,0.3681194796964257,0.9970869464775718,0.3776290630975143,0.5477916992346208,0.9933021142678173,0.5617360352362742,0.7176333154766042
0.4,0.0,0.55,0.9996897621509824,0.2269210086042065,0.3698819780930748,0.9970886525022384,0.37785099699535646,0.5480254229025873,0.9933021142678173,0.5617360352362742,0.7176333154766042
0.4,0.0,0.6,0.9996902077485613,0.22724750751160885,0.3703156324385227,0.9970993676958207,0.37925088773559135,0.5494979477309092,0.9933177476856819,0.5630591027041791,0.7187161638544503
0.4,0.05,0.0,0.9996751041143633,0.21668003960666485,0.3561618368968341,0.9969897581908272,0.3654013589183283,0.5347971047309695,0.9932031139311275,0.5534988732586725,0.7108503241489975
0.4,0.05,0.05,0.9996815225153931,0.2210482962305381,0.36204227001219796,0.9970096593209555,0.3678404978148047,0.5374077549735151,0.9932061577090016,0.5537485488937449,0.7110569769576668
0.4,0.05,0.1,0.9996852946786191,0.22369869912592188,0.3655897103238542,0.9970308856804843,0.3704780968314668,0.5402203711021978,0.9932113804036455,0.5541774788309205,0.7114118412491868
0.4,0.05,0.15,0.9996878133691559,0.22550404602567606,0.3679972976455389,0.997044920635828,0.37224289811526906,0.5420962426250192,0.99321809831656,0.5547301795957389,0.7118688161854714
0.4,0.05,0.2,0.9996896483621898,0.2268377833925157,0.36977140183567303,0.9970519473113988,0.37313276768642445,0.5430402901962489,0.9932313136590184,0.555820643266867,0.7127694654817369
0.4,0.05,0.25,0.9996915714899901,0.2282526119912592,0.37164916035733025,0.9970596264531246,0.37411013042884456,0.5440757499581028,0.9932466366348085,0.5570903612400984,0.713816580990922
0.4,0.05,0.3,0.9996931602633243,0.2294348367932259,0.3732148931886503,0.9970649014442728,0.3747844680415187,0.544789314341018,0.9932563096246709,0.557894871619776,0.7144791662396474
0.4,0.05,0.35,0.9996939400122424,0.2300195472548484,0.3739881685547248,0.9970684962576548,0.3752454076754985,0.5452766648888007,0.9932744771142771,0.5594121312482928,0.7157269073673634
0.4,0.05,0.4,0.9996955185872063,0.2312124419557498,0.3755634856123774,0.9970754775682907,0.3761438131658017,0.5462256096710665,0.9932915076155562,0.5608418977055449,0.7169004825435967
0.4,0.05,0.45,0.9996967692138052,0.23216633092051353,0.37682098102646877,0.9970819975617465,0.3769867351816444,0.5471148247711309,0.9932931298979044,0.5609784724119093,0.7170124730314676
0.4,0.05,0.5,0.999697364318336,0.23262300259491941,0.37742231455033326,0.9970941669757979,0.3785701481835564,0.5487822608835531,0.9933021142678173,0.5617360352362742,0.7176333154766042
0.4,0.05,0.55,0.9996990561305914,0.23393113220431577,0.3791423625582131,0.9970958482426231,0.3787899481016116,0.5490134219158126,0.9933021142678173,0.5617360352362742,0.7176333154766042
0.4,0.1,0.0,0.9996745134454667,0.2228408392515706,0.3644425520925127,0.9970162346843962,0.36865354411363016,0.5382759055834511,0.9932031659844305,0.5535031412182464,0.7108538572323192
0.4,0.1,0.05,0.9996807121996112,0.22716855025949195,0.370210139194394,0.9970364340907527,0.37117377424201037,0.5409604080490157,0.9932063657309951,0.5537656207320404,0.7110711046443123
0.4,0.1,0.1,0.9996843170570922,0.2297634696804152,0.3736489499593102,0.9970569985939626,0.37377509560229444,0.5437209656065152,0.9932120813479468,0.554235096285168,0.7114594947007403
0.4,0.1,0.15,0.9996867312246045,0.23153467290357826,0.37598784352523906,0.9970703235677453,0.37548014545206226,0.545524727242287,0.9932187719673584,0.5547856630701994,0.7119146722164413
0.4,0.1,0.2,0.9996885305972883,0.2328726782299918,0.37775023885019593,0.9970771805250899,0.37636361308385685,0.5464575858414976,0.9932315975717642,0.5558441170445233,0.7127888393883336
0.4,0.1,0.25,0.9996904137529138,0.23428964080852227,0.3796124695729144,0.9970848275706521,0.3773537797049986,0.5475016874214342,0.9932469192635908,0.5571138350177547,0.7138359233906304
0.4,0.1,0.3,0.9996919145697225,0.235431319994537,0.3811098041857308,0.9970900126080692,0.3780281173176728,0.5482118983957219,0.9932564121073048,0.5579034075389238,0.7144861926618667
0.4,0.1,0.35,0.999692733138731,0.23605871005189838,0.38193146094765573,0.9970934318305757,0.37847411909314393,0.5486812450791283,0.9932745280802662,0.5594163992078667,0.7157304137714496
0.4,0.1,0.4,0.9996942473538907,0.2372281309751434,0.3834607603538406,0.9971003763341354,0.37938319448238184,0.5496369648187451,0.9932915583237588,0.5608461656651188,0.7169039825422803
0.4,0.1,0.45,0.9996954496596202,0.23816494810161157,0.3846837903792861,0.9971066725615182,0.38021117863971593,0.5505063379139342,0.9932931805815851,0.5609827403714832,0.7170159724192104
0.4,0.1,0.5,0.9996960105859843,0.23860454793772193,0.38525705740678845,0.9971187016880952,0.3818031275607757,0.552174939548578,0.9933021648158001,0.5617403031958481,0.7176368114784377
0.4,0.15,0.0,0.9996738214534878,0.23544839183283256,0.38113085666615426,0.9971050200184786,0.3799935127014477,0.5502778923752266,0.9932058976635944,0.5537272090958755,0.711039316913836
0.4,0.15,0.05,0.9996793244434943,0.23949014954930348,0.3864093748870231,0.9971234629722361,0.382436919557498,0.5528381800850791,0.9932094585547433,0.5540195643266868,0.7112812174229899
0.4,0.15,0.1,0.9996827690735095,0.24209147090958755,0.3897885206754969,0.9971424149633544,0.38498062346353457,0.5554939725647776,0.9932154283071443,0.5545103796776837,0.7116871236636079
0.4,0.15,0.15,0.999685000787498,0.2438071906582901,0.392009524887887,0.9971548697403613,0.38667073545479375,0.5572531761189072,0.9932218535080249,0.5550396066648456,0.7121245100817408
0.4,0.15,0.2,0.9996867086129024,0.24513666006555587,0.3937263181706789,0.9971614305950564,0.38756700696531005,0.5581843495578893,0.9932345127515141,0.556085256760448,0.7129878284852025
0.4,0.15,0.25,0.9996884869986588,0.24653655080579076,0.39553009125721317,0.9971684731114483,0.38853369980879543,0.5591873401976367,0.9932496415654747,0.5573400368751708,0.7140222839778719
0.4,0.15,0.3,0.9996899465157739,0.247697435809888,0.39702283326805954,0.997173519651419,0.389229377219339,0.5599082761722185,0.9932590755629147,0.558125341436766,0.7146688526829935
0.4,0.15,0.35,0.9996907003917795,0.248301352089593,0.3977982905982906,0.9971768226422101,0.38968604889374486,0.5603811365048678,0.9932771772476953,0.5596383331057089,0.7159127204033665
0.4,0.15,0.4,0.999692155085427,0.2494750409724119,0.39930321919562806,0.9971829604524699,0.39053750682873534,0.561261949231293,0.9932941940943573,0.5610680995629609,0.7170859561655193
0.4,0.15,0.45,0.9996932515337423,0.2503670445233543,0.40044507549900343,0.9971890563493617,0.3913868307839388,0.5621394812821441,0.9932958657209117,0.5612089422288992,0.71720141265664
0.4,0.2,0.0,0.9996849235939715,0.24374743922425568,0.39193227946045917,0.9971972489920876,0.39481186834198306,0.5656648423884795,0.9932165432268617,0.5546021408085222,0.7117629821135628
0.4,0.2,0.05,0.9996899411749507,0.24769316785031412,0.39701735033306823,0.9972130066834244,0.39705041313848677,0.567961305821679,0.9932206885488836,0.5549435775744332,0.7120451676674415
0.4,0.2,0.1,0.9996931495640167,0.2502838193116635,0.40033860757873396,0.9972303005123944,0.3995364995902759,0.5705031126495762,0.9932263801012036,0.5554130531275607,0.7124329710095338
0.4,0.2,0.15,0.9996951993903987,0.25196752936356187,0.4024897821440624,0.9972420669647356,0.40124581739961757,0.5722455128546539,0.9932327071840056,0.5559358781753619,0.7128645681551076
0.4,0.2,0.2,0.9996967808230716,0.25328206091231903,0.40416526201445857,0.9972482550232575,0.4021506248292816,0.573166113881374,0.9932449660726043,0.556951652553947,0.7137022731157067
0.4,0.2,0.25,0.9996984470020606,0.254681951652554,0.4059456793482883,0.9972547487567179,0.4031045137940453,0.5741353685112747,0.9932602017762691,0.5582192365473915,0.714746116297275
0.4,0.2,0.3,0.9996997923563798,0.2558236308385687,0.40739475808164477,0.9972594653849397,0.40380019120458893,0.5748414222179017,0.9932696318204224,0.5590066750887736,0.715393711646808
0.4,0.2,0.35,0.9997004892009718,0.2564190111991259,0.4081494011589595,0.9972624663072777,0.40424405900027316,0.5752915451895044,0.9932875500124795,0.5605089968587817,0.7166274238038203
0.4,0.2,0.4,0.9997018238441533,0.2575670923245015,0.4096025737178073,0.9972683623832488,0.40511899071291996,0.5761779747181207,0.9933045397106807,0.5619408972958209,0.7178011020657942
0.4,0.25,0.0,0.9996307950492973,0.2542231459983611,0.40535707905808777,0.9972307627511267,0.4042141832832559,0.575256016229546,0.9932253201274784,0.5553255599562961,0.7123607162752373
0.4,0.25,0.05,0.9996361050002481,0.25793413684785577,0.41006103249751497,0.9972451069223235,0.406324689292543,0.5773924593012413,0.9932289640124206,0.5556264511062551,0.7126091680647659
0.4,0.25,0.1,0.9996396573468953,0.26047784075389235,0.4132693655474561,0.9972618855509805,0.4088214456432669,0.5799116406416724,0.9932343580263383,0.5560724528817264,0.7129772642390927
0.4,0.25,0.15,0.9996419445665088,0.2621423449877083,0.4153617788177057,0.9972731420039814,0.410513691614313,0.5816140189628484,0.9932403098413473,0.5565654022125103,0.7133838625590473
0.4,0.25,0.2,0.9996437045014697,0.263437670718383,0.4169862911901855,0.9972791930686667,0.41142916894291176,0.5825332775371524,0.993252592525013,0.5575854445506692,0.7142244065646901
0.4,0.25,0.25,0.9996455957213738,0.2648439633979787,0.4187462041973143,0.9972855115468972,0.41238945984703634,0.5834962551877086,0.9932676151427455,0.558838090685605,0.7152551214802412
0.4,0.25,0.3,0.9996471163794141,0.26598564258399343,0.42017208976984466,0.9972899030856978,0.4130595295001366,0.5841674249317561,0.9932770244678434,0.5596255292269872,0.7159022041199627
0.4,0.25,0.35,0.999647853507059,0.2665426113083857,0.4208667758391794,0.9972928043150434,0.4135033972958208,0.5846116713556242,0.9932949286995939,0.5611299849767823,0.7171366896075863
0.4,0.3,0.0,0.9996332080127377,0.25589618615132476,0.4074812213392867,0.9972314040886793,0.40430807839388144,0.5753512016471403,0.9932321395208736,0.5558889306200492,0.7128258243179085
0.4,0.3,0.05,0.9996385977593061,0.2597138759901666,0.4123071502618758,0.9972460156233638,0.4064591300191205,0.577528335182928,0.9932361884874212,0.5562239654465992,0.7131022633694192
0.4,0.3,0.1,0.9996420494297197,0.2622191682600382,0.4154582185180802,0.9972626692617533,0.40893881453154873,0.5800298441505768,0.9932410305619654,0.5566251536465446,0.7134331297471903
0.4,0.3,0.15,0.9996443007275667,0.26387940453428027,0.4175395233560918,0.9972742018230719,0.4106737400983338,0.5817748144968325,0.9932469449559435,0.5571159689975417,0.7138376817617561
0.4,0.3,0.2,0.9996460120034112,0.26515552444687246,0.4191355796703019,0.9972799809702091,0.4115486718109806,0.5826531860801313,0.9932593315535437,0.5581466812346354,0.7146864134110271
0.4,0.3,0.25,0.9996478675982169,0.2665532812073204,0.4208800780374721,0.9972863097940484,0.4125110966948921,0.583618139001268,0.9932742477577668,0.5593929254302104,0.7157111283120301
0.4,0.3,0.3,0.9996493381257123,0.2676714866156788,0.42227290707558685,0.9972906429314625,0.41317263042884456,0.5842806488117691,0.993283613151253,0.5601782299918056,0.7163560003110985
0.4,0.35,0.0,0.9996376871263648,0.25906087817536194,0.41148377256164737,0.9972325111541376,0.40447026085768917,0.5755155828697743,0.9932751038820475,0.5600950047801148,0.7162857337790817
0.4,0.35,0.05,0.9996430454711395,0.26295112332695986,0.41637648617186457,0.9972474999869178,0.40667892993717564,0.5777504255677142,0.9932792496359751,0.5604428434853865,0.7165711931439143
0.4,0.35,0.1,0.9996463562639146,0.2654137360010926,0.41945813597020026,0.9972640218878249,0.40914154261130836,0.5802339675060262,0.9932840502808076,0.5608461656651188,0.7169020269993809
0.4,0.35,0.15,0.9996485258053951,0.2670526324774652,0.4215023703466685,0.9972754725190484,0.4108657982791587,0.5819677210206312,0.9932901364628409,0.5613583208139853,0.7173218877566325
0.4,0.35,0.2,0.9996501828589601,0.26831808249112266,0.4230771819081139,0.9972811619672809,0.41172792611308384,0.58283301086134,0.9933019223520543,0.5623527553947009,0.7181363331643748
0.4,0.35,0.25,0.9996519813335443,0.2697051693526359,0.42479976068755265,0.9972874992909337,0.4126924849767823,0.5837998566091845,0.9933166343217343,0.5635989995902759,0.7191555524090121
0.4,0.4,0.0,0.9996511480400863,0.26906070745697896,0.42399989238922814,0.9972388886264258,0.4054070779841573,0.5764643588105797,0.9935208095708357,0.5818061151324775,0.7338622522795331
0.4,0.4,0.05,0.999656064597322,0.27290827301283804,0.4287632493432953,0.9972541670364319,0.4076690965583174,0.5787500511231181,0.9935230282210913,0.5820067092324501,0.7340224109462953
0.4,0.4,0.1,0.9996590680159309,0.2753132682327233,0.43172608112223215,0.9972704109432651,0.41010183351543295,0.581200070768519,0.9935274845285766,0.5824100314121825,0.7343443094921621
0.4,0.4,0.15,0.9996610717834556,0.27694149481016117,0.4337256382962724,0.9972816958910198,0.4118090173449877,0.5829143451777723,0.9935331109809812,0.582920052581262,0.7347511320736954
0.4,0.4,0.2,0.9996625766871166,0.2781770691068014,0.435239596132272,0.997287317435432,0.41266474323955205,0.5837720675248147,0.993544053303317,0.5839144871619776,0.7355435993725916
0.4,0.45,0.0,0.9996644704734017,0.2797476782299918,0.4371598548714119,0.9972439088289232,0.4061475689702267,0.5772134085870518,0.9935234528956868,0.5820451208686152,0.7340530750050125
0.4,0.45,0.05,0.9996689514035708,0.28353549235181646,0.4417715816125509,0.9972588747837325,0.4083711759082218,0.5794579863739591,0.9935256933115824,0.5822478489483748,0.7342148884870403
0.4,0.45,0.1,0.9996717005909389,0.2859106118546845,0.4446494709872692,0.9972750208517891,0.4107975109259765,0.5818991380469956,0.9935303813727381,0.5826725109259765,0.7345537111043258
0.4,0.45,0.15,0.9996735202677134,0.28750469475553125,0.4465750382429617,0.9972861417810339,0.4124854889374488,0.583592480994161,0.9935357442801517,0.5831590583173997,0.734941686982878
0.4,0.5,0.0,0.999664485824526,0.27976048210871346,0.4371754897874114,0.9972656371376193,0.4109404875717017,0.5820409668342135,0.9935510064997445,0.5848769120458891,0.7363086243141048
0.4,0.5,0.05,0.9996690609604754,0.28362938746244193,0.44188555479642194,0.99728046726517,0.4131875682873532,0.5842938383333912,0.9935532500099654,0.5850817741054357,0.7364715584082433
0.4,0.5,0.1,0.9996717740611992,0.2859746312482928,0.44472689500914275,0.9972963562255495,0.4156224392242557,0.586726916704323,0.9935578956516701,0.5855064360830374,0.736809173424996
0.4,0.55,0.0,0.9996205016676033,0.2922933453974324,0.45232493052700407,0.9972691303111019,0.41146758057907673,0.5825700616206891,0.9935510064997445,0.5848769120458891,0.7363086243141048
0.4,0.55,0.05,0.9996249981971067,0.2957994741873805,0.45651221689056337,0.9972842439859891,0.4137637428298279,0.5848703450376982,0.9935533434556834,0.5850903100245834,0.7364783464170354
0.4,0.6,0.0,0.9995878105634203,0.30015279295274516,0.46167531018184205,0.9974206052658223,0.4414734703632887,0.6120460754917376,0.9937812715928069,0.6107663548210871,0.7565598611700363
0.45,0.0,0.0,0.9994068905364152,0.2445156719475553,0.39290331208487494,0.995208181912574,0.4090775232177001,0.5798211811961986,0.9932031139311275,0.5534988732586725,0.7108503241489975
0.45,0.0,0.05,0.9994166194814776,0.24859584130019122,0.39815438248714047,0.9952450621799561,0.4122656890193936,0.5830227455856302,0.9932060536932275,0.5537400129745971,0.7110499129982052
0.45,0.0,0.1,0.9994218080402694,0.25082798415733404,0.40101259603968503,0.9952766220939456,0.41503346080305925,0.5857904668390513,0.9932112765477333,0.5541689429117728,0.7114047811788169
0.45,0.0,0.15,0.9994251999120894,0.25230896612947284,0.40290334122778626,0.9952912007183087,0.4163245185741601,0.5870778063988059,0.9932174245319068,0.5546746961212783,0.711822956889422
0.45,0.0,0.2,0.999428345649122,0.253698186970773,0.40467287651835293,0.9953000244419097,0.41710982313575523,0.5878597035753813,0.9932306424978357,0.5557651597924065,0.7127236702931916
0.45,0.0,0.25,0.9994317517089232,0.2552197145588637,0.4066064452958995,0.9953065250996664,0.41769026563780387,0.5884370715986436,0.9932464824636832,0.5570775573613767,0.7138060303458684
0.45,0.0,0.3,0.999433574064356,0.25604129677683696,0.4076485707345,0.9953149110696012,0.41844142652280797,0.5891835532799692,0.9932562071389222,0.5578863357006283,0.7144721397406169
0.45,0.0,0.35,0.9994357923383919,0.25704853523627424,0.4089243309213062,0.9953195912882533,0.4188618205408358,0.5896009840600889,0.993274196787529,0.5593886574706365,0.715707621802634
0.45,0.0,0.4,0.999437835335356,0.25798321838295546,0.4101063658367384,0.995331144754746,0.41990320267686426,0.5906339627285567,0.9932915076155562,0.5608418977055449,0.7169004825435967
0.45,0.0,0.45,0.9994389207475556,0.25848256965310024,0.41073714443636267,0.9953404077017053,0.420741856733133,0.5914647499452522,0.9932931298979044,0.5609784724119093,0.7170124730314676
0.45,0.0,0.5,0.9994407986710745,0.25935109942638623,0.4118330763626505,0.9953571895654973,0.42226978626058453,0.5929758319473787,0.9933021142678173,0.5617360352362742,0.7176333154766042
0.45,0.0,0.55,0.9994433757622887,0.2605525300464354,0.4133465815126961,0.9953595237855829,0.4224831842392789,0.5931866189270573,0.9933021142678173,0.5617360352362742,0.7176333154766042
0.45,0.05,0.0,0.9994261603375527,0.2527314941272876,0.40344195616479417,0.9952090027147255,0.4091479445506692,0.5798920547257437,0.9932031139311275,0.5534988732586725,0.7108503241489975
0.45,0.05,0.05,0.9994351408825093,0.2567519120458891,0.40854884276866243,0.9952477796370189,0.4125025607757443,0.583260036841859,0.9932062097156942,0.5537528168533188,0.7110605089083625
0.45,0.05,0.1,0.9994398820457484,0.25892643744878446,0.4112974164888451,0.9952784101081924,0.4151913753072931,0.5859480524565084,0.993211536181556,0.5541902827096422,0.7114224312096877
0.45,0.05,0.15,0.9994430292655357,0.2603903475826277,0.41314244020199864,0.995292569604178,0.41644615542201585,0.5871989721385146,0.993218176052329,0.5547365815350997,0.7118741074325963
0.45,0.05,0.2,0.9994459833795014,0.2617795684239279,0.41488937140228777,0.9953012686065691,0.41722079008467633,0.587970119270304,0.9932315459530364,0.5558398490849494,0.7127853169032392
0.45,0.05,0.25,0.9994490849138385,0.2632541484567058,0.41673943777352507,0.9953077181173935,0.41779696462715105,0.5885431540595869,0.9932466366348085,0.5570903612400984,0.713816580990922
0.45,0.05,0.3,0.9994508378760347,0.26409493649276156,0.41779239171349336,0.9953159809797364,0.4185374556132204,0.5892789272617743,0.9932563096246709,0.557894871619776,0.7144791662396474
0.45,0.05,0.35,0.9994529012325813,0.2650915050532641,0.4190386237139484,0.995321014878463,0.41898985932805244,0.5897280712688455,0.9932744771142771,0.5594121312482928,0.7157269073673634
0.45,0.05,0.4,0.9994548049324119,0.2660176522807976,0.42019503348872644,0.9953322072641576,0.4199992317672767,0.5907291407166847,0.9932915076155562,0.5608418977055449,0.7169004825435967
0.45,0.05,0.45,0.9994558781166981,0.2665426113083857,0.4208497590889181,0.9953415130240798,0.42084215378311934,0.591564040609472,0.9932931298979044,0.5609784724119093,0.7170124730314676
0.45,0.05,0.5,0.9994575708747467,0.26737486342529365,0.42188662727073767,0.995358380311084,0.42237861922971864,0.5930833411989614,0.9933021142678173,0.5617360352362742,0.7176333154766042
0.45,0.1,0.0,0.9994254524561907,0.25984404875717015,0.41245302256102623,0.9953422417795361,0.4209083071565146,0.5916295225354394,0.9932032180369362,0.5535074091778203,0.710857390296275
0.45,0.1,0.05,0.9994339134372776,0.2637300259491942,0.4173341617927141,0.9953779745212723,0.424177564190112,0.5948580286815581,0.9932065217391305,0.5537784246107621,0.7110817002060591
0.45,0.1,0.1,0.9994384591318578,0.2658661397159246,0.42000455108593965,0.9954062003852222,0.42679595738869164,0.5974331285631285,0.9932123409202154,0.5542564360830374,0.7114771432328191
0.45,0.1,0.15,0.9994415458012222,0.2673364517891286,0.42183738134603016,0.9954192184382662,0.42801445984703634,0.5986282685322534,0.9932188755940647,0.5547941989893471,0.7119217267006588
0.45,0.1,0.2,0.9994444003492341,0.26871073477192026,0.42354666514182693,0.9954276146316332,0.4288040323682054,0.5994016155782792,0.9932318814606934,0.5558675908221797,0.7128082127117519
0.45,0.1,0.25,0.9994473742381659,0.2701575730674679,0.4253421942090728,0.9954337899543378,0.429386608850041,0.5999716732886566,0.9932469706481006,0.5571181029773286,0.7138394401280738
0.45,0.1,0.3,0.9994490791751928,0.27099409314394973,0.42637845242651945,0.9954416826759249,0.43013350177547116,0.6007018380408138,0.9932564633474537,0.5579076754984976,0.7144897058441727
0.45,0.1,0.35,0.9994511095428527,0.27199706364381315,0.42761910832726646,0.9954463153636287,0.4305731016115815,0.6011312362114759,0.9932745790454828,0.5594206671674405,0.715733920156389
0.45,0.1,0.4,0.9994529583232391,0.2729168089319858,0.42875509790149996,0.9954568499185383,0.43157607211144494,0.6021099452045414,0.993291609031195,0.5608504336246927,0.7169074825218699
0.45,0.1,0.45,0.9994539994539995,0.2734375,0.4293974829636754,0.9954654653179332,0.4323997883092051,0.6029127123573808,0.9932932312644999,0.5609870083310571,0.7170194717878641
0.45,0.15,0.0,0.9994423643750497,0.2677291040699262,0.42232612625349664,0.9955079290388618,0.43792466197760177,0.6082706310050108,0.993208211368115,0.5539171332969134,0.7111964742935504
0.45,0.15,0.05,0.999450156705339,0.2715254541108987,0.4270359798428305,0.9955390048030369,0.4409890569516526,0.611226217677115,0.9932118477159302,0.5542158904670855,0.7114436106085116
0.45,0.15,0.1,0.9994544845268433,0.27368077369571153,0.42969743368954655,0.9955643480885022,0.4435199569789675,0.6136578034784483,0.9932178910124638,0.5547131077574433,0.7118547059806167
0.45,0.15,0.15,0.9994573096513603,0.2751062721933898,0.43145273973175813,0.9955768486718605,0.4447790050532641,0.6148642768536833,0.9932241822255985,0.5552316648456705,0.7122831655873709
0.45,0.15,0.2,0.9994599557163687,0.27645494741873805,0.43310983957594695,0.9955846521363895,0.4455685775744332,0.6156198080288237,0.993237038927985,0.5562943867795684,0.7131603532918324
0.45,0.15,0.25,0.9994628194305886,0.277929527451516,0.4349176348014252,0.9955903502004819,0.4461468860966949,0.6161726608527531,0.993251925577293,0.5575299610762087,0.7141787148429705
0.45,0.15,0.3,0.9994644059496848,0.2787532436492762,0.43592567378158664,0.9955977713123015,0.44690231494127286,0.616894172818268,0.9932613531962066,0.5583152656378039,0.7148251262953986
0.45,0.15,0.35,0.9994662803553048,0.2797327403714832,0.43712266345206363,0.9956020365515407,0.44733764681780935,0.6173096177631192,0.9932794426670201,0.5598282573067468,0.7160686917156962
0.45,0.15,0.4,0.9994679921262835,0.2806332798415733,0.43822154835592353,0.9956113952066578,0.44829580374214695,0.6182231253559032,0.9932964480616349,0.5612580237639989,0.7172416426118057
0.45,0.2,0.0,0.9994013000342115,0.2742910919147774,0.43044439235122745,0.995570152715658,0.4469812721933898,0.6169640897851101,0.9932171653483128,0.554653356323409,0.7118053178291601
0.45,0.2,0.05,0.9994091784511268,0.2779508672493854,0.43493868282868764,0.9955988950015348,0.4499133604206501,0.6197571038239319,0.9932213357978392,0.5549969270691067,0.712089247993385
0.45,0.2,0.1,0.9994136996314683,0.2800955169352636,0.4375604227089375,0.9956233652189022,0.4524399924883912,0.6221548601217506,0.993227155481616,0.5554770725211691,0.712485835190041
0.45,0.2,0.15,0.9994166357306827,0.2815060775744332,0.439279987878808,0.9956353963734452,0.453692638623327,0.6233405263404795,0.9932333263442807,0.5559870936902486,0.7129068314993507
0.45,0.2,0.2,0.9994193850005278,0.28283981494127286,0.4409024227162498,0.9956430274414474,0.45449074706364384,0.6240948956657553,0.9932457886065016,0.5570199399071292,0.7137585503009952
0.45,0.2,0.25,0.9994223859212195,0.28431012701447694,0.4426870903699028,0.9956483370764483,0.45504771578803604,0.624620850963489,0.9932607903289493,0.5582683180824911,0.7147865003989113
0.45,0.2,0.3,0.9994240493073632,0.2851317092324501,0.44368255022414077,0.9956555382564352,0.455805278612401,0.6253355856976816,0.99327021872737,0.5590557566238733,0.7154340550630086
0.45,0.2,0.35,0.999426032768311,0.286117607894018,0.44487542346730546,0.9956596049867972,0.45623420854957664,0.6257399372196653,0.9932881337986894,0.5605580783938815,0.7166676897683015
0.45,0.25,0.0,0.9993791735437076,0.28168533187653644,0.4394945812315836,0.9955706579854098,0.4470324877082764,0.6170129730509865,0.9932253201274784,0.5553255599562961,0.7123607162752373
0.45,0.25,0.05,0.9993868608772376,0.28521920240371484,0.4437848014264227,0.9955995391792102,0.4499795137940453,0.6198199893004744,0.9932290156705372,0.5556307190658291,0.7126126915139938
0.45,0.25,0.1,0.9993913030568463,0.2873019666757716,0.44630230623116673,0.995624228253776,0.45252961963944277,0.6222397626757081,0.9932345127515141,0.556085256760448,0.7129878284852025
0.45,0.25,0.15,0.9993942662126125,0.28870825935536737,0.447997536346342,0.9956362138067948,0.4537779978148047,0.6234212470535809,0.9932403355840159,0.5565675361922972,0.7133856221664534
0.45,0.25,0.2,0.999397027788195,0.2900313268232723,0.449589067831512,0.9956439438199621,0.4545867761540563,0.6241856063103332,0.9932528233608162,0.5576046503687517,0.7142402221733242
0.45,0.25,0.25,0.9994000453624238,0.2914909689975417,0.4513411037775593,0.9956493121525168,0.45515014681780935,0.6247175346024689,0.9932676151427455,0.558838090685605,0.7152551214802412
0.45,0.25,0.3,0.9994017262386821,0.2923104172357279,0.4523229684860872,0.9956562266964951,0.45587783392515707,0.6254040001873624,0.9932770244678434,0.5596255292269872,0.7159022041199627
0.45,0.3,0.0,0.9993853027384013,0.284495783255941,0.4429084711639565,0.9955788734665996,0.4478668738049713,0.6178088764729605,0.9932321395208736,0.5558889306200492,0.7128258243179085
0.45,0.3,0.05,0.9993929433364427,0.2880787353182191,0.44723912762595125,0.9956079998492017,0.45085017754711826,0.6206471096279149,0.993236240035362,0.5562282334061732,0.7131057841200708
0.45,0.3,0.1,0.9993972626905605,0.29014442775198035,0.4497249666751565,0.9956324715431153,0.45338747951379404,0.6230518723579584,0.9932411849821035,0.5566379575252663,0.7134436865109106
0.45,0.3,0.15,0.9994001419176439,0.29153791655285444,0.45139739008470087,0.9956446562923501,0.4546614654465993,0.6242561507651648,0.9932469706481006,0.5571181029773286,0.7138394401280738
0.45,0.3,0.2,0.9994028329024506,0.2928524481016116,0.4529717472352097,0.9956519507905331,0.455427564190112,0.6249793178779922,0.9932595619284867,0.5581658870527179,0.7147022176559955
0.45,0.3,0.25,0.9994057841837142,0.29430782231630703,0.45471105579413296,0.9956572994180222,0.45599093485386505,0.6255106327235257,0.9932742477577668,0.5593929254302104,0.7157111283120301
0.45,0.35,0.0,0.9994058702913409,0.29435050191204587,0.4547620028848135,0.9955808649555953,0.44806960188473094,0.6180021162339278,0.9932751038820475,0.5600950047801148,0.7162857337790817
0.45,0.35,0.05,0.9994129732902847,0.29791424815624146,0.4590042660222425,0.9956104200714955,0.45109985318219065,0.6208841156713842,0.9932793004723778,0.5604471114449604,0.7165746949243876
0.45,0.35,0.1,0.9994168847422915,0.2999137872166075,0.46137432045591825,0.99563482398786,0.45363288718929257,0.6232840162083868,0.9932842279507637,0.5608611035236274,0.7169142768296624
0.45,0.35,0.15,0.9994194854658983,0.30125819448238184,0.46296375245547344,0.9956467923118242,0.4548855333242284,0.624467740730596,0.9932901617988559,0.5613604547937722,0.7173236366016172
0.45,0.35,0.2,0.9994220671670719,0.30260473572794316,0.46455241911045664,0.9956539986010725,0.4556430961485933,0.6251826345639756,0.9933021495689931,0.5623719612127834,0.718152052616304
0.45,0.4,0.0,0.9994257823715188,0.3045637291723573,0.4668578092314335,0.9956416689898708,0.4572734567058181,0.6267131500903736,0.9935208095708357,0.5818061151324775,0.7338622522795331
0.45,0.4,0.05,0.9994323098757313,0.3080677239825184,0.4709641743862277,0.9956681768011933,0.4600839080852226,0.6293529106977355,0.9935230754099077,0.582010977192024,0.7340258181372885
0.45,0.4,0.1,0.9994359221297379,0.31004165528544114,0.4732677718094134,0.995691674551484,0.46260413821360286,0.6317114607344032,0.9935276258982331,0.5824228352909041,0.7343545258127789
0.45,0.4,0.15,0.9994383715514643,0.31139459847036327,0.47484266496586464,0.9957030426855525,0.4638333105708823,0.6328588357582305,0.9935331345020731,0.5829221865610489,0.7347528337108028
0.45,0.45,0.0,0.9994259994259994,0.3046789640808522,0.4669932048441039,0.9956483616406326,0.45797980401529637,0.6273775540481087,0.9935234528956868,0.5820451208686152,0.7340530750050125
0.45,0.45,0.05,0.9994326633687343,0.3082597821633434,0.47118861342296986,0.9956743096419546,0.46073903987981424,0.6299667956326628,0.9935257640363111,0.5822542508877356,0.734219997712702
0.45,0.45,0.1,0.9994362556374436,0.31022517754711826,0.473481591495349,0.9956976029502151,0.46324433214968586,0.6323092921037071,0.9935305226158812,0.5826853148046982,0.7345639240446735
0.45,0.5,0.0,0.9994127287626332,0.3123164777383229,0.4759108232203016,0.9956795315509103,0.4622819072657744,0.6314085141297362,0.9935510064997445,0.5848769120458891,0.7363086243141048
0.45,0.5,0.05,0.9994191190873415,0.3157543191750888,0.4798924527169797,0.9957054289773896,0.46508168874624417,0.6340203261434001,0.9935533200945078,0.5850881760447965,0.7364766494216749
0.45,0.55,0.0,0.9993737197134768,0.32690436356186836,0.4926563047721959,0.9956837373324579,0.4627343109806064,0.6318312210714333,0.9935510064997445,0.5848769120458891,0.7363086243141048
0.5,0.0,0.0,0.9981172431455884,0.30771348333788584,0.47040420697563284,0.9923031639619375,0.48201055039606666,0.6488450722027364,0.9887560195928422,0.6646728182190659,0.7949531725157953
0.5,0.0,0.05,0.9981357860540347,0.3107800122917236,0.4739810647113004,0.9923824430965891,0.4870659485113357,0.6534269105629377,0.9887600515349416,0.6649139579349904,0.7951269180614852
0.5,0.0,0.1,0.9981463434580236,0.31255334949467356,0.47604189519700335,0.9924113137263395,0.4889331808249112,0.655111383059939,0.988767216254872,0.6653428878721661,0.7954358460841779
0.5,0.0,0.15,0.9981540674986936,0.31386361308385685,0.47756100649556216,0.9924266657444951,0.48993188336520077,0.6560106065325039,0.9887757947573899,0.6658571770008195,0.7958060435412458
0.5,0.0,0.2,0.998163440308434,0.31546836588363836,0.47941742566615486,0.9924319654427646,0.4902775880906856,0.6563215960966022,0.988793798940125,0.6669391047527998,0.7965840982919217
0.5,0.0,0.25,0.9981708875230321,0.31675515569516527,0.4809027496541469,0.9924407818095525,0.49085376263316033,0.6568395923344251,0.9888155609586662,0.66825150232177,0.7975265440635275
0.5,0.0,0.3,0.9981767481767482,0.3177751980333242,0.48207811043199006,0.9924509440628744,0.4915195643266867,0.6574376685838245,0.9888289299805405,0.6690602806610216,0.7981066010587048
0.5,0.0,0.35,0.9981806141764938,0.3184516696257853,0.482856583547562,0.9924575413823535,0.4919527622234362,0.6578265156022388,0.9888536785692932,0.6705626024310297,0.7991825845232782
0.5,0.0,0.4,0.9981837121717995,0.3189958344714559,0.4834822208278619,0.9924713809343738,0.4928639715924611,0.658643700450579,0.988877514491889,0.6720158426659383,0.8002215835601262
0.5,0.0,0.45,0.9981888038780905,0.3198942399617591,0.4845140072884766,0.9924854276486509,0.4937922527997815,0.6594751729592238,0.9888797493391268,0.6721524173723027,0.8003191356911091
0.5,0.0,0.5,0.9981926189748429,0.3205707115542202,0.4852899845259747,0.9925117004680187,0.49553784826550124,0.661035935055859,0.9888921294684718,0.6729099801966676,0.8008599572561116
0.5,0.05,0.0,0.9981336242683738,0.31041936970773015,0.47356127257485614,0.9925555470718486,0.4993320643266867,0.664413065021282,0.9887560195928422,0.6646728182190659,0.7949531725157953
0.5,0.05,0.05,0.9981520107074674,0.31351364039879814,0.4771555468946647,0.9926255546591367,0.5041079110898662,0.6686432906118384,0.9887602655395199,0.6649267618137121,0.7951361420879374
0.5,0.05,0.1,0.9981622987480661,0.31527203974323953,0.4791905536482009,0.9926520768873277,0.5059409997268506,0.6702598483852593,0.9887676080903666,0.6653663616498224,0.7954527480209097
0.5,0.05,0.15,0.9981699891679506,0.3165993751707184,0.4807230887125126,0.9926656803991876,0.5068863527724665,0.6710919996496649,0.9887768972652005,0.6659233303742147,0.7958536457848503
0.5,0.05,0.2,0.9981789819705825,0.3181657163343349,0.4825276103402241,0.9926708873446479,0.5072491293362469,0.6714110588873322,0.9887950397013697,0.6670137940453428,0.7966377730598763
0.5,0.05,0.25,0.9981863281145814,0.31945677410543566,0.4840117688900385,0.9926791725587856,0.5078274378585086,0.6719193601897407,0.988815772854725,0.6682643062004917,0.7975357313855526
0.5,0.05,0.3,0.9981918620497104,0.3204362708276427,0.48513583150657713,0.9926887490053783,0.5084975075116088,0.6725078282760576,0.9888290709079612,0.6690688165801694,0.7981127200479584
0.5,0.05,0.35,0.998195688225539,0.32111701037967766,0.48591606147010286,0.9926953220925925,0.5089584471455887,0.6729123316851586,0.9888540643959419,0.6705860762086862,0.7991993814789571
0.5,0.05,0.4,0.9981988305642561,0.32167824706364384,0.48655871895884745,0.9927079178300758,0.5098440487571702,0.6736888111888112,0.988877514491889,0.6720158426659383,0.8002215835601262
0.5,0.05,0.45,0.998203660042663,0.32254464285714285,0.48754973573731464,0.9927210438562292,0.5107701959847036,0.6744998689612999,0.9888797493391268,0.6721524173723027,0.8003191356911091
0.5,0.1,0.0,0.9981669699816696,0.3242112810707457,0.48944693668806327,0.9927196246562044,0.5106698989347173,0.6744120834137701,0.9887563051352132,0.6646898900573613,0.7949654747335793
0.5,0.1,0.05,0.9981825643430849,0.3269982586724939,0.49261799553463076,0.9927862087108071,0.5154180039606665,0.6785551740994421,0.9887608361785574,0.6649609054903032,0.7951607388013616
0.5,0.1,0.1,0.9981923261328738,0.32876732791587,0.4946239666104824,0.9928105592606551,0.517176403305108,0.6800829502915607,0.9887688546578178,0.6654410509423655,0.7955065237550399
0.5,0.1,0.15,0.9981995586014636,0.33009039538377494,0.4961207242170085,0.992823553465549,0.5181196223709369,0.6809010065090765,0.9887779284474127,0.665985215788036,0.7958981735089946
0.5,0.1,0.2,0.9982079198381347,0.33163326276973504,0.49786238192643517,0.9928285680427916,0.5184845329145042,0.6812172223476125,0.9887956422577002,0.6670500717017208,0.7966638419339012
0.5,0.1,0.25,0.9982147770390893,0.3329093826823272,0.49929987789870556,0.9928364130634436,0.5190564394974051,0.6817125071994418,0.9888163731832921,0.6683005838568697,0.797561761368918
0.5,0.1,0.3,0.9982199934924493,0.33388674542474733,0.5003989772111254,0.9928455828098312,0.5197265091505053,0.68229233055661,0.9888294232109573,0.6690901563780388,0.7981280172485112
0.5,0.1,0.35,0.9982235975015759,0.33456535099699536,0.5011611608091845,0.9928517314694885,0.5201767788855504,0.6826816706389103,0.9888543449803645,0.6706031480469817,0.7992115971515769
0.5,0.1,0.4,0.998226522076304,0.3351180517618137,0.5017813607359336,0.9928639681216581,0.5210751843758535,0.6834578184937785,0.9888777938969171,0.6720329145042339,0.8002337784441028
0.5,0.15,0.0,0.9981728162206767,0.32525052922698716,0.4906309652954602,0.9929214671431089,0.5289303639715924,0.6901937524713324,0.9887741583788136,0.6657590139306201,0.7957354010176885
0.5,0.15,0.05,0.9981885469419556,0.3280801864244742,0.49384544222232213,0.9929787893477864,0.5332794147773833,0.6938998214568346,0.9887789594401518,0.6660471012018574,0.7959426979401095
0.5,0.15,0.1,0.9981983843575852,0.32987486342529365,0.4958771005454963,0.993001509012488,0.535022876263316,0.6953796400176954,0.9887872715588605,0.6665464524720022,0.7963018435969963
0.5,0.15,0.15,0.9982054069352339,0.33116805517618136,0.4973376597364098,0.9930137944940635,0.5359703632887189,0.6961824443720679,0.9887959966723288,0.6670714114995903,0.796679176038076
0.5,0.15,0.2,0.9982137712474791,0.3327215924610762,0.49908851269920274,0.9930186249022134,0.536343809751434,0.6964985936179353,0.988813476886344,0.6681255975143403,0.7974361945853428
0.5,0.15,0.25,0.9982205157315339,0.3339849084949467,0.5005092781362179,0.9930259543430899,0.536911448374761,0.6969788469422806,0.9888338955266227,0.6693611718109806,0.7983222578256034
0.5,0.15,0.3,0.9982255746212652,0.33493879745971045,0.5015802710588295,0.9930348886252282,0.5376049918055176,0.69756514250984,0.9888468344784588,0.6701464763725759,0.7988847422874484
0.5,0.15,0.35,0.9982290774064553,0.3356024651734499,0.5023245117407407,0.9930407316093357,0.5380595295001366,0.6979491054844612,0.9888716787050681,0.6716594680415187,0.7999669587429074
0.5,0.2,0.0,0.9981803952259831,0.3266077403714832,0.4921744611199187,0.992922544519478,0.5290114552034964,0.6902630472493784,0.9887765060775442,0.6658998565965584,0.7958367550969401
0.5,0.2,0.05,0.9981967075369869,0.3295675703359738,0.4955296193799382,0.9929800724637681,0.5333775778475827,0.6939832296756997,0.9887822289223402,0.6662434273422562,0.796083926069379
0.5,0.2,0.1,0.9982062837929061,0.3313302376399891,0.4975206320265449,0.9930026175833488,0.5351082354547938,0.6954520052528597,0.9887902169165818,0.6667235727943185,0.7964291813985026
0.5,0.2,0.15,0.9982131420520046,0.33260422357279434,0.4989563792120983,0.9930150096256093,0.5360642583993445,0.6962619477562402,0.9887988311823842,0.6672421298825457,0.7968018348039372
0.5,0.2,0.2,0.9982212985158362,0.33413215310024585,0.5006746991033857,0.9930199486470472,0.5364462407812073,0.6965852820474452,0.9888158081699543,0.6682664401802786,0.7975372625922413
0.5,0.2,0.25,0.9982277950340149,0.33535919147773835,0.5020517891057905,0.993027165248686,0.5370053434853865,0.6970582532339825,0.9888364294224066,0.6695148183556405,0.798432350583415
0.5,0.2,0.3,0.9982328014847001,0.3363109464627151,0.5031181911777617,0.9930361513208454,0.5377031548757171,0.6976480832619226,0.988849397609326,0.6703022568970227,0.798996259502276
0.5,0.25,0.0,0.9981923705123984,0.3299538206774105,0.49596556253578544,0.9929232814827867,0.5290669386779568,0.6903104552415424,0.9887864906021167,0.6664995049166894,0.7962680868910115
0.5,0.25,0.05,0.9982086534832093,0.3329584642174269,0.49935431218645737,0.9929809647896276,0.5334458652007649,0.6940412465017103,0.9887915648772831,0.6668046640262223,0.7964874716423236
0.5,0.25,0.1,0.9982177297696416,0.33465711212783394,0.5012633627984805,0.993003725803067,0.5351935946462715,0.6955243624604982,0.9887991145545102,0.6672592017208413,0.7968140993052025
0.5,0.25,0.15,0.9982244430775474,0.33592469612127834,0.5026847941498152,0.9930160863206988,0.5361474836110353,0.6963324085596535,0.9888072553759618,0.6677500170718383,0.7971665968208921
0.5,0.25,0.2,0.9982323120726773,0.3374227499317127,0.5043611953295578,0.9930212443275395,0.5365465378311937,0.6966701532962505,0.9888242773800472,0.6687785953291451,0.797904639454137
0.5,0.25,0.25,0.9982388164846777,0.33867112810707456,0.5057553314892478,0.9930286507855097,0.5371205783938815,0.6971556931838012,0.9888446215139443,0.6700120356459983,0.7987884847536582
0.5,0.3,0.0,0.9982552388909709,0.34674824160065554,0.5147098186356573,0.9929258596461729,0.5292611308385687,0.6904763561904311,0.988795854909168,0.6670628755804425,0.7966730424433031
0.5,0.3,0.05,0.9982690104103177,0.34951174542474733,0.5177500015805878,0.9929838632826149,0.533667799098607,0.6942297655929024,0.9888014872333161,0.6674021783665665,0.7969168046884955
0.5,0.3,0.1,0.9982771067526496,0.35115704384048074,0.5195541221286074,0.9930065224962796,0.5354091266047528,0.6957070286937522,0.988808316349906,0.6678140364654466,0.7972125595311639
0.5,0.3,0.15,0.9982830127081243,0.35236701037967766,0.5208780878655677,0.9930193971477107,0.5364035611854685,0.6965491632697738,0.9888163731832921,0.6683005838568697,0.797561761368918
0.5,0.3,0.2,0.998290330736723,0.35387786806883365,0.5225279728763144,0.9930241647355144,0.5367727396886097,0.6968615244815497,0.9888335435056747,0.6693398320131112,0.7983069655691976
0.5,0.35,0.0,0.9983024506873879,0.3564087680961486,0.5252835315800399,0.9929374240583232,0.5301339285714286,0.6912214802448524,0.9888590595587634,0.6712689497405081,0.7996857816182247
0.5,0.35,0.05,0.9983151999810164,0.359110386506419,0.5282136433690012,0.9929955444210126,0.5345640706091231,0.6949905392883102,0.9888648353133022,0.6716210564053537,0.7999374745037039
0.5,0.35,0.1,0.9983227917249851,0.36073861308385685,0.5299739629461843,0.9930181283684468,0.536305398115269,0.6964660824839404,0.988871618545209,0.6720350484840207,0.8002332693409632
0.5,0.35,0.15,0.9983283989711413,0.36195071360284076,0.5312816657661256,0.9930309328768798,0.5372976987161978,0.697305433583002,0.9888799289620744,0.6725429356733132,0.8005959525524221
0.5,0.4,0.0,0.9983032924490539,0.3565858884184649,0.5254759894401022,0.9929388634247511,0.5302427615405627,0.6913143335684307,0.9892013244750686,0.6929800600928708,0.8150093676785599
0.5,0.4,0.05,0.9983162587744261,0.35933658836383503,0.5284584484057243,0.9929974319954347,0.5347091812346354,0.6951136287977986,0.9892045143097284,0.6931870561322043,0.8151535911546753
0.5,0.4,0.1,0.9983237816430481,0.3609520110625512,0.5302043611890846,0.9930200865082657,0.536456910680142,0.6965943114290979,0.9892108226557507,0.6935967802512975,0.815438960934697
0.5,0.45,0.0,0.9983196327782852,0.3638627594919421,0.5333372953563005,0.9929556408692428,0.531514613493581,0.692398467156024,0.9892050074148961,0.6932190658290085,0.8151758906199615
0.5,0.45,0.05,0.9983316572398518,0.36648968860966946,0.536155533181921,0.9930131038900444,0.5359170137940453,0.6961372676747377,0.9892082607795624,0.6934303298279159,0.8153230460419019
0.5,0.5,0.0,0.9983248719356019,0.37263341641627973,0.5426995275982099,0.993119595005795,0.5467341573340617,0.7052259399080909,0.9892454529738779,0.6960508570062824,0.8171443101778841
0.55,0.0,0.0,0.9981172431455884,0.30771348333788584,0.47040420697563284,0.9927042076131448,0.5113250307293089,0.6749795768894897,0.9887561266729309,0.6646792201584266,0.7949577858769002
0.55,0.0,0.05,0.9981399674494303,0.311479957661841,0.4747951506240628,0.9927416462984869,0.5139818355640535,0.6772990263278147,0.9887602298726561,0.6649246278339251,0.795134604760003
0.55,0.0,0.1,0.9981498738241156,0.3131508638350178,0.47673502538071066,0.9927615164232602,0.5154030661021579,0.6785364613402896,0.9887676437104196,0.6653684956296094,0.7954542845370924
0.55,0.0,0.15,0.9981589278462163,0.3146937312209779,0.47852187400624324,0.992765590337688,0.5156954213329691,0.6787907217131911,0.9887760081629031,0.6658699808795411,0.795815257172442
0.55,0.0,0.2,0.998167856661727,0.3162301966675772,0.48029714715396027,0.9927704907937681,0.5160475279978148,0.6790968178569573,0.9887942598263775,0.66696684649003,0.7966040351932469
0.55,0.0,0.25,0.9981734178575266,0.31719475553127563,0.4814095090037569,0.9927787915445021,0.516645042338159,0.6796159293053913,0.9888156669076993,0.6682579042611309,0.7975311377420887
0.55,0.0,0.3,0.9981779084800944,0.31797792611308384,0.4823114906123611,0.9927893473970404,0.5174068731220978,0.6802772049436752,0.9888290356764394,0.6690666826003824,0.798111190306486
0.55,0.0,0.35,0.9981821827173695,0.318726953018301,0.4831731469110601,0.9927982234799998,0.5180492010379678,0.6808342366269312,0.9888537837973919,0.6705690043703906,0.7991871655577938
0.55,0.0,0.4,0.998186013631574,0.31940129063097517,0.48394804657313667,0.9928104842002123,0.5189390706091231,0.6816051618111185,0.9888776192704195,0.6720222446052991,0.8002261566706689
0.55,0.0,0.45,0.9981902258890848,0.3201460495766184,0.4848029497352574,0.992821854822931,0.5197670547664572,0.6823216646870307,0.9888798540755555,0.6721588193116634,0.8003237080580184
0.55,0.05,0.0,0.9981641631534431,0.32487494878448514,0.49020248677001643,0.9927107910095616,0.5117902383228626,0.6753863007217704,0.9887561266729309,0.6646792201584266,0.7949577858769002
0.55,0.05,0.05,0.9981828919274974,0.32822956500956024,0.49401396180176943,0.992749237249404,0.5145238664299372,0.6777712342880113,0.9887604438704436,0.6649374317126469,0.7951438286687635
0.55,0.05,0.1,0.9981920320268612,0.3298919352635892,0.49589560497724067,0.9927682344389736,0.5158853455340071,0.6789558457388323,0.9887679998985252,0.6653898354274789,0.7954696494833262
0.55,0.05,0.15,0.9982004563128635,0.3314390706091232,0.49764259383565923,0.9927724491177955,0.5161883706637531,0.6792192166051957,0.988777075068757,0.6659340002731494,0.7958613232136208
0.55,0.05,0.2,0.998208584717948,0.33294566033870526,0.4993399038900063,0.9927774291585151,0.5165468792679596,0.6795306747217611,0.9887954650419775,0.6670394018027861,0.7966561747352592
0.55,0.05,0.25,0.9982137502950502,0.3339102192024037,0.5004245547771606,0.9927856548830998,0.5171401256487299,0.6800457412253316,0.9888158787997436,0.6682707081398525,0.7975403249939196
0.55,0.05,0.3,0.9982179452909204,0.33469765774378585,0.5013088712383936,0.9927962201632202,0.5179040904124557,0.6807084367019465,0.9888291766011934,0.6690752185195302,0.7981173092490111
0.55,0.05,0.35,0.9982217593151232,0.3354168089319858,0.5021155882677093,0.9928050499479071,0.5185442843485386,0.6812632558739379,0.9888541696167559,0.670592478148047,0.7992039623853153
0.55,0.05,0.4,0.9982253321164182,0.33609328052444687,0.5028736366190707,0.9928169651779851,0.5194106801420377,0.6820133684707518,0.9888776192704195,0.6720222446052991,0.8002261566706689
0.55,0.1,0.0,0.998179428827847,0.3322841266047528,0.4985919055784234,0.9929588689560637,0.5317600211690795,0.6926074473082237,0.9887574471596843,0.6647581774105435,0.7950146810929726
0.55,0.1,0.05,0.9981966994520253,0.3354722924064463,0.5021745831716171,0.9929912102557593,0.53423116976236,0.6947080697080696,0.9887620485941456,0.6650334608030593,0.7952130034830758
0.55,0.1,0.1,0.998205734069572,0.3371645383774925,0.5040692944535723,0.993008708450877,0.5355777110079213,0.6958498705900457,0.9887702789675759,0.6655264101338432,0.7955679758577895
0.55,0.1,0.15,0.9982136454841084,0.33866045820813984,0.5057402034127322,0.9930125236771445,0.5358722002185196,0.6960993168295012,0.9887791371783743,0.6660577711007921,0.7959503742333635
0.55,0.1,0.2,0.9982215542613814,0.3401691819175089,0.507421637503223,0.9930173282487996,0.5362435127014477,0.6964137000234181,0.9887970952152021,0.6671375648729855,0.7967267092775517
0.55,0.1,0.25,0.9982265960635428,0.3411380087407812,0.5084993765427386,0.9930250734202798,0.5368431610215788,0.69692109083253,0.988817503038722,0.668368871210052,0.7976107559275892
0.55,0.1,0.3,0.9982305516442163,0.34190197350450696,0.5093481267186979,0.9930348337150313,0.5376007238459437,0.6975615361505416,0.9888305504312316,0.669158443731221,0.7981769656736534
0.55,0.1,0.35,0.9982342920381493,0.34262752663206775,0.5101533084438796,0.9930429784084287,0.5382345158426659,0.6980968618702567,0.9888554671768023,0.6706714354001639,0.799260457356771
0.55,0.15,0.0,0.9981847699643346,0.33326362332695986,0.499694430312513,0.9929607763462963,0.5319051317945916,0.6927309867570836,0.9887745141538734,0.6657803537284895,0.7957507587930727
0.55,0.15,0.05,0.9982024747618595,0.33655208617863974,0.5033841204079778,0.9929934335744195,0.5344018881453155,0.6948529411764707,0.9887793860024265,0.6660727089593007,0.7959611208794851
0.55,0.15,0.1,0.9982113165717741,0.33821872439224254,0.5052471851370134,0.9930106442311115,0.5357270895930074,0.6959764132178022,0.9887878394590813,0.6665805961485933,0.7963263927394634
0.55,0.15,0.15,0.9982192459384386,0.3397274481016116,0.5069297283355437,0.9930147334964678,0.536042918601475,0.6962438796566925,0.9887963865025241,0.6670948852772467,0.7966960431012953
0.55,0.15,0.2,0.9982268839358182,0.34119349221524176,0.5085610501639688,0.9930197832063964,0.5364334369024857,0.6965744466243252,0.988814112787345,0.6681640091505053,0.7974637602721147
0.55,0.15,0.25,0.9982318075409673,0.3421452472002185,0.5096181963815748,0.993027330339597,0.5370181473641081,0.6970690806148254,0.9888342123265,0.6693803776290631,0.7983360205236013
0.55,0.15,0.3,0.9982357180130706,0.3429049440043704,0.5104609422154452,0.9930373586883282,0.5377970499863425,0.6977274080103434,0.9888471505445752,0.6701656821906583,0.7988984921043762
0.55,0.2,0.0,0.9982044408477062,0.3369212646817809,0.5037972098484944,0.9929609726366276,0.5319200696531002,0.6927437027279031,0.9887836143235335,0.666326652553947,0.7961437845170041
0.55,0.2,0.05,0.9982221220600848,0.340278014886643,0.5075427827528969,0.9929937391704302,0.5344253619229719,0.6948728584885636,0.9887893654059187,0.6666723572794319,0.7963923635983574
0.55,0.2,0.1,0.9982305626686105,0.3419041074842939,0.5093504961763504,0.9930108930393716,0.5357462954110899,0.6959926812026114,0.9887975203997723,0.6671631726304288,0.7967451082330516
0.55,0.2,0.15,0.9982381696816298,0.3433829554766457,0.5109907209226997,0.9930152029030193,0.536079196257853,0.6962745951279542,0.9888059465643547,0.6676710598197214,0.7971099046401011
0.55,0.2,0.2,0.9982457007313699,0.3448596694892106,0.5126249809673654,0.9930202519345397,0.5364697145588637,0.6966051465219482,0.9888231488932014,0.6687103079759629,0.7978556688431636
0.55,0.2,0.25,0.9982502941846926,0.34576661089866156,0.5136269041607427,0.9930276880097542,0.5370458891013384,0.6970925393226682,0.9888434268507407,0.6699394803332422,0.7987365298331358
0.55,0.25,0.0,0.998247930213333,0.34529926932532096,0.513110787662002,0.9929619819568638,0.5319968929254302,0.6928090952418667,0.9887865971026238,0.6665059068560503,0.7962726901896798
0.55,0.25,0.05,0.9982647481135246,0.3486517515706091,0.5168052407741592,0.992994822432426,0.5345085871346626,0.6949434695151557,0.9887917422163998,0.666815333925157,0.7964951409909191
0.55,0.25,0.1,0.9982725165905317,0.35022236069379953,0.5185297523415939,0.9930124131494759,0.5358636642993717,0.696092087846594,0.9887995041677734,0.6672826754984976,0.7968309625861953
0.55,0.25,0.15,0.9982796324228712,0.35167346694892104,0.5201194907912241,0.9930165555454556,0.5361837612674133,0.696363119859763,0.9888074322189219,0.6677606869707731,0.7971742575165464
0.55,0.25,0.2,0.998286700208733,0.35312670718382955,0.5217081513942967,0.993021823093145,0.5365913514067194,0.6967080709201385,0.9888247005038665,0.6688042030865884,0.7979230024046632
0.55,0.3,0.0,0.9982645148280097,0.34860480401529637,0.516753631073735,0.9929721431185071,0.5327715275880907,0.6934681043725592,0.9887959612318749,0.6670692775198034,0.7966776426452448
0.55,0.3,0.05,0.9982810901761883,0.3519722241190931,0.5204463664489949,0.9930049998218591,0.5352917577164709,0.6956075633269876,0.9888016642585924,0.6674128482655012,0.7969244685662595
0.55,0.3,0.1,0.9982885689664523,0.35351295752526635,0.522129820928499,0.9930225119746646,0.536644700901393,0.696753208072026,0.9888086699631906,0.667835376263316,0.7972278796540071
0.55,0.3,0.15,0.9982954715961948,0.35494699194209234,0.5236932541800282,0.993027165248686,0.5370053434853865,0.6970582532339825,0.988816549738253,0.6683112537558045,0.7975694170319078
0.55,0.35,0.0,0.9983171695612914,0.36332926454520625,0.5327636219127159,0.99309504151543,0.5441627116907949,0.7030770079130939,0.9888591646259616,0.6712753516798688,0.7996903587948399
0.55,0.35,0.05,0.9983317348214026,0.36650676044796504,0.5361738128723798,0.9931247091670544,0.5465271612947282,0.7050550043496933,0.988865045227899,0.6716338602840753,0.7999466249833203
0.55,0.35,0.1,0.9983384953831013,0.36800054629882545,0.5377715200758408,0.9931416767884634,0.5478886403987981,0.706191224079458,0.9888719679723683,0.6720563882818902,0.8002485125456907
0.55,0.4,0.0,0.9983229516051749,0.364584044659929,0.5341121889761811,0.9930961170038783,0.5442480708822726,0.703148520856883,0.9892014231579973,0.6929864620322316,0.815013828724595
0.55,0.4,0.05,0.9983375618345903,0.36779355025949195,0.5375503316979755,0.9931262817953082,0.5466530661021579,0.7051601616963526,0.9892047115572014,0.6931998600109259,0.815162511041516
0.55,0.45,0.0,0.9983239232780171,0.3724221524173723,0.5424752999979795,0.99310481612843,0.5449394803332422,0.7037274851738353,0.9892051060305241,0.6932254677683694,0.8151803504122942
0.6,0.0,0.0,0.9969822378136692,0.36448801556951654,0.5338171385173621,0.9927908108395455,0.5181004165528544,0.6808767213951487,0.9808125150032205,0.8806294386779568,0.9280250429807805
0.6,0.0,0.05,0.9969911246908192,0.3655678093417099,0.5349755556006639,0.9928440672324846,0.5219842597650916,0.6842345977562915,0.9808179859003999,0.8808855162523901,0.9281696648907047
0.6,0.0,0.1,0.997005918667547,0.3673795581808249,0.5369151169064468,0.9928469706129371,0.5221976577437859,0.6844186010737305,0.9808272337353289,0.8813187141491395,0.9284142281330015
0.6,0.0,0.15,0.9970189186228211,0.36898644496039334,0.5386310715147927,0.9928554350160682,0.5228207798415734,0.684955596342587,0.980837928227087,0.8818201993990713,0.9286972038714072
0.6,0.0,0.2,0.9970317891364631,0.3705911977601748,0.5403407349557473,0.9928600645550602,0.5231622166074843,0.6852496544514618,0.9808612780484336,0.8829170650095602,0.9293156174088046
0.6,0.0,0.25,0.9970390648713969,0.3715045411089866,0.541312002985005,0.9928678056062366,0.5237341231903851,0.6857419072725927,0.9808886889825292,0.8842081227806611,0.9300426024771388
0.6,0.0,0.3,0.9970444138277985,0.3721788787216607,0.5420282783579967,0.9928767676767677,0.5243977909041245,0.6863126790930976,0.9809058204962642,0.8850169011199126,0.9304975168469621
0.6,0.0,0.35,0.9970478735553424,0.37261634457798415,0.5424925745957971,0.9928825191764231,0.5248245868615132,0.6866794730758277,0.9809375612451388,0.8865192228899208,0.9313415034676178
0.6,0.0,0.4,0.9970536274006953,0.3733461656651188,0.5432664987780983,0.992894824869322,0.525740064190112,0.6874655557059284,0.9809681647586896,0.8879724631248292,0.932156650149195
0.6,0.05,0.0,0.9969822378136692,0.36448801556951654,0.5338171385173621,0.9930389683979396,0.538531139033051,0.6983453178680489,0.9808125150032205,0.8806294386779568,0.9280250429807805
0.6,0.05,0.05,0.9969915974210367,0.3656254267959574,0.5350373169284576,0.993084981627707,0.5421396988527725,0.7013837123910175,0.9808183049397676,0.8809004541108987,0.9281780999642487
0.6,0.05,0.1,0.9970063694267516,0.36743504165528545,0.5369744335015313,0.9930879267296789,0.5423723026495493,0.7015790773970135,0.9808277345948603,0.881342187926796,0.9284274771407858
0.6,0.05,0.15,0.997019348292323,0.3690397944550669,0.5386879730866274,0.9930953997954771,0.5429634150505327,0.7020752910401842,0.9808392926226649,0.8818842187926796,0.9287333176768295
0.6,0.05,0.2,0.9970319936162029,0.37061680551761816,0.5403679843932551,0.9930997897561717,0.5433112537558045,0.7023671095772694,0.9808628205827203,0.8829896203223163,0.9293564989662612
0.6,0.05,0.25,0.9970393700787401,0.3715429527451516,0.54135282238318,0.9931069417655425,0.5438788923791313,0.7028430470890445,0.9808889604333066,0.8842209266593827,0.9300498073025272
0.6,0.05,0.3,0.9970444983078752,0.37218954862059545,0.5420396061758783,0.9931153117179807,0.5445446940726577,0.7034008448704784,0.9809060011400108,0.8850254370390603,0.9305023159911646
0.6,0.05,0.35,0.9970479409816595,0.37262488049713194,0.5425016310932985,0.9931209606545393,0.5449949638077028,0.7037778016605902,0.9809380563570508,0.8865426966675771,0.9313546801894808
0.6,0.1,0.0,0.9969897757179123,0.36540349289811525,0.5347993928377339,0.9930393792495593,0.5385631487298552,0.6983723324183122,0.9808142021959219,0.8807083959300738,0.9280696388977588
0.6,0.1,0.05,0.997000011605371,0.3666540050532641,0.5361389954161219,0.9930855762540943,0.5421866464080852,0.7014231485954862,0.9808203556537544,0.8809964832013111,0.9282323222671026
0.6,0.1,0.1,0.9970145806265338,0.3684486820540836,0.5380572561130476,0.9930884128354699,0.5424107142857143,0.7016113338531926,0.9808306026499501,0.8814766286533734,0.9285033515107649
0.6,0.1,0.15,0.9970273518132003,0.3700363630155695,0.5397500805413624,0.9930958848507556,0.5430018266866976,0.7021075228466734,0.9808419299032486,0.8820079896203223,0.9288031307970702
0.6,0.1,0.2,0.9970395904671377,0.37157069448238184,0.5413823016388752,0.9931004087491029,0.5433603352909041,0.702408275862069,0.9808649071451427,0.8830877833925157,0.9294118043397945
0.6,0.1,0.25,0.9970466930960025,0.37246696599289814,0.5423340676686357,0.9931075863305008,0.5439301078940181,0.7028859716490616,0.9808910412997784,0.8843190897295821,0.9301050410737532
0.6,0.1,0.3,0.9970518464451085,0.3731199638077028,0.5430267154472554,0.9931159815077129,0.5445980435673313,0.7034455194465118,0.9809077622374315,0.8851086622507511,0.9305491053900948
0.6,0.15,0.0,0.9969975550690214,0.3663531139033051,0.5358168916715174,0.9931577344584203,0.5498028202676865,0.7077833865595275,0.9808360177468018,0.8817305722480197,0.9286466404530115
0.6,0.15,0.05,0.9970088634838351,0.3677423347446053,0.5373028691156938,0.9932000934747713,0.553251331603387,0.7106453721761797,0.9808424754568689,0.8820335973777657,0.9288175737548721
0.6,0.15,0.1,0.9970227297594573,0.3694601884730948,0.5391362024859208,0.9932027755652227,0.5534711315214422,0.7108273586353571,0.9808530621344579,0.8825308146681234,0.9290979306750299
0.6,0.15,0.15,0.9970352784659143,0.3710286636164982,0.5408061064523354,0.9932102118413906,0.5540814497405081,0.7113324109968084,0.980864,0.8830451037967768,0.9293877592272958
0.6,0.15,0.2,0.9970474183471254,0.37255872712373667,0.5424314402936731,0.9932147280539457,0.5544527622234362,0.7116394870474553,0.980886698107847,0.8841142276700356,0.9299897641259551
0.6,0.15,0.25,0.9970544499455899,0.37345073067467904,0.5433773153430922,0.9932215946628173,0.5550182668669762,0.712106879278929,0.9809124569093927,0.8853305961485933,0.9306738571079263
0.6,0.2,0.0,0.9970796405189993,0.37668157607211145,0.5467930320410259,0.9931581828133552,0.5498390979240645,0.7078135602066914,0.9808476566670226,0.8822768710734772,0.9289547624317089
0.6,0.2,0.05,0.9970898979494194,0.3780131794591642,0.5481961733963622,0.9932006404805136,0.5532961451789129,0.7106824803813272,0.9808552416275772,0.8826332456978967,0.9291556683777196
0.6,0.2,0.1,0.9971027812179527,0.3796990234908495,0.5499687043605258,0.9932032961142,0.5535138111171811,0.7108626898558986,0.9808654967433659,0.883115525129746,0.9294274330837403
0.6,0.2,0.15,0.9971144400785854,0.38123762291723573,0.5515826458528875,0.9932108091568016,0.5541305312756077,0.7113730099047604,0.9808762392069076,0.8836212783392515,0.9297122771408011
0.6,0.2,0.2,0.9971257977717983,0.3827484806063917,0.5531639947940119,0.9932154542396722,0.5545125136574707,0.7116888879150736,0.9808982755683432,0.884660526495493,0.9302971141331179
0.6,0.25,0.0,0.9971049875968038,0.3799892447418738,0.5502734123311356,0.9931585783718573,0.5498711076208687,0.7078401828428269,0.9808514726078572,0.8824561253755805,0.9290558263415138
0.6,0.25,0.05,0.9971152934086965,0.3813507238459437,0.5517011433572748,0.9932011353146438,0.5533366907948648,0.7107160526312183,0.9808582830071915,0.882776222343622,0.9292362501782993
0.6,0.25,0.1,0.9971275064867238,0.38297681644359466,0.5534026836635105,0.9932040247488361,0.5535735625512155,0.7109121503113215,0.9808679907954015,0.8832328940180278,0.9294935496439924
0.6,0.25,0.15,0.9971390784180266,0.3845303537284895,0.5550245718976342,0.9932115621438461,0.5541924166894291,0.7114241961861818,0.9808781416765556,0.8837109054903032,0.9297627400243602
0.6,0.3,0.0,0.9971963271886171,0.3946816955749795,0.5655310749924704,0.9931609771133544,0.5500652997814804,0.7080016699901668,0.980863455671628,0.8830194960393335,0.929373331641345
0.6,0.3,0.05,0.997204451373582,0.39583191068014206,0.5667121893990082,0.9932036604510472,0.5535436868341983,0.7108874205580327,0.9808710281259626,0.8833758706637531,0.9295740806028938
0.6,0.3,0.1,0.9972159312977508,0.3974686731767277,0.5683895725413306,0.9932066777401009,0.5537912284894837,0.7110922955936066,0.9808797267788035,0.8837855947828462,0.9298047887924745
0.6,0.35,0.0,0.997204796998382,0.39588099221524176,0.5667625461894381,0.9931717375331315,0.5509380975143403,0.7087269767499317,0.9809478194395945,0.8872255701993991,0.9317357727767793
0.6,0.35,0.05,0.997213096303601,0.3970632170172084,0.5679744198292112,0.9932144686642251,0.5544314224255668,0.7116218429622813,0.9809556378387302,0.8875968826823273,0.931944011884143
0.6,0.4,0.0,0.9972278584415927,0.4037895213056542,0.5748253596474839,0.9931734182521643,0.5510746722207047,0.7088403985062193,0.9813921766959823,0.9089366805517618,0.9437758345437001
0.65,0.0,0.0,0.995185913450756,0.4071761472275335,0.5779049182462893,0.9932004060602578,0.5532769393608303,0.7106665771263875,0.9808126518136833,0.8806358406173177,0.928028659004176
0.65,0.0,0.05,0.9952028772341963,0.40862298552308113,0.5793635545335583,0.9932019425209878,0.55340284416826,0.7107708246541101,0.9808182593633649,0.8808983201311117,0.9281768949618708
0.65,0.0,0.1,0.9952260019964932,0.41061185468451245,0.5813637647727083,0.9932043629903866,0.5536013042884458,0.7109351128041053,0.9808276435314374,0.8813379199672221,0.928425068254648
0.65,0.0,0.15,0.9952441801749812,0.41218886574706365,0.5829457691878205,0.9932078735095587,0.5538893915596832,0.7111735211113243,0.9808386104491641,0.8818522090958755,0.9287152610784742
0.65,0.0,0.2,0.9952583261840057,0.41342444004370393,0.5841827926997505,0.9932122111365627,0.5542457661841027,0.7114683190272112,0.9808614141644026,0.8829234669489211,0.9293192247306346
0.65,0.0,0.25,0.9952721461280772,0.4146386745424747,0.5853963490872718,0.9932190310281859,0.5548070028680688,0.7119323082821036,0.9808888247088818,0.8842145247200218,0.9300462049019619
0.65,0.0,0.3,0.995276912134191,0.4150590685605026,0.5858160236494984,0.993227026263875,0.5554664026222343,0.7124770247947456,0.9809059559793946,0.8850233030592735,0.9305011162091519
0.65,0.0,0.35,0.995282488474552,0.41555201789128654,0.58630781227889,0.9932322169350903,0.55589533255941,0.7128311077057793,0.9809376962782109,0.8865256248292817,0.931345097151261
0.65,0.05,0.0,0.9951966360840354,0.40808949057634525,0.5788260576755729,0.9932004581550449,0.5532812073204043,0.710670111216945,0.9808126518136833,0.8806358406173177,0.928028659004176
0.65,0.05,0.05,0.9952145916071299,0.4096280900027315,0.580375094862174,0.9932019945922346,0.5534071121278339,0.7107743581732021,0.9808185783936362,0.8809132579896203,0.9281853299216175
0.65,0.05,0.1,0.9952373581011352,0.41159561936629335,0.5823510585620946,0.9932045190905158,0.5536141081671675,0.710945710601786,0.9808281898989994,0.8813635277246654,0.9284395214090221
0.65,0.05,0.15,0.9952558158660321,0.4132046401256487,0.5839628929281232,0.9932080554375734,0.5539043294181918,0.7111858806187299,0.9808398383264941,0.881909826550123,0.9287477625172622
0.65,0.05,0.2,0.9952694322293634,0.41439966880633705,0.5851576413016293,0.9932124706989052,0.5542671059819722,0.7114859673175669,0.9808629566767492,0.8829960222616772,0.9293601060126228
0.65,0.05,0.25,0.9952825849185825,0.41556055381043433,0.586316325086637,0.993219238262597,0.5548240747063644,0.7119464167869242,0.9808890961558037,0.8842273285987435,0.9300534096788349
0.65,0.05,0.3,0.9952872577252211,0.4159745458891013,0.5867290732323992,0.9932272588522588,0.5554856084403168,0.7124928834194623,0.9809061366205778,0.8850318389784212,0.9305059153210516
0.65,0.1,0.0,0.9952030018917739,0.40863365542201585,0.5793743003237422,0.9932014738438676,0.5533644325320951,0.7107390221106382,0.9808215858716878,0.8810541006555586,0.9282648530155697
0.65,0.1,0.05,0.9952225920155693,0.41031736547391423,0.5810679516295487,0.9932030618770271,0.5534946052990986,0.71084679104631,0.9808278711883728,0.8813485898661568,0.9284310904496859
0.65,0.1,0.1,0.9952445477168161,0.4122208754438678,0.5829778437032689,0.9932056115906525,0.553703735318219,0.7110198903066781,0.9808381556398438,0.881830869298006,0.9287032230080658
0.65,0.1,0.15,0.9952626095168683,0.41380002048620596,0.5845583857494487,0.9932091468010299,0.5539939565692433,0.7112600326854239,0.9808496556828344,0.8823707661841027,0.9290077030489785
0.65,0.1,0.2,0.9952759451948224,0.41497370936902483,0.5857308306889701,0.9932136644300434,0.5543652690521715,0.7115671432269233,0.9808722065318346,0.8834313541382136,0.9296053281596651
0.65,0.1,0.25,0.9952888934258881,0.41611965651461347,0.5868736908000867,0.9932205072970258,0.5549286397159247,0.7120328246354529,0.9808983207652976,0.88466266047528,0.93029831437288
0.65,0.15,0.0,0.9952346041055719,0.4113566136301557,0.5821113218258905,0.99320238510116,0.5534391218246381,0.7108008589490071,0.980838792366847,0.8818607450150232,0.928720076230886
0.65,0.15,0.05,0.9952548402685668,0.413119280934171,0.583877476542778,0.9932040767881892,0.5535778305107893,0.7109156830557664,0.9808453391036956,0.8821680381043431,0.928893392894058
0.65,0.15,0.1,0.9952760419065751,0.4149822452881726,0.585739350446916,0.99320657374025,0.553782692570336,0.7110852320212635,0.9808560588095803,0.8826716573340617,0.9291773184111565
0.65,0.15,0.15,0.9952934817526808,0.4165272466539197,0.5872797377538479,0.9932103417015075,0.5540921196394428,0.7113412370639763,0.9808671292872988,0.8831923484020759,0.9294707103010267
0.65,0.15,0.2,0.9953062625543492,0.4176667918601475,0.5884137313172582,0.9932150133597343,0.5544762360010926,0.7116588949829844,0.9808894128341334,0.8842422664572521,0.9300618151292191
0.65,0.2,0.0,0.9953365702823825,0.42039401802786125,0.5911202929796214,0.9932027495356808,0.5534689975416552,0.7108255920234932,0.9808477929768123,0.882283273012838,0.9289583721855109
0.65,0.2,0.05,0.995355040008052,0.42207346012018576,0.5927818521304686,0.9932045451065068,0.5536162421469544,0.7109474768844579,0.9808555140293297,0.8826460495766184,0.9291628851528031
0.65,0.2,0.1,0.9953751954142783,0.4239214866156788,0.5946056774780599,0.9932070417145044,0.553821104206501,0.7111170174871353,0.9808658595549825,0.8831325969680415,0.9294370505455215
0.65,0.2,0.15,0.9953917280770076,0.4254494161431303,0.5961100313948274,0.9932108610923055,0.5541347992351816,0.7113765401236893,0.9808767828082917,0.8836468860966948,0.9297266955931137
0.65,0.25,0.0,0.9955049634717604,0.4376344407265774,0.6079900624506198,0.9932036084053176,0.5535394188746244,0.7108838876586788,0.9808516088633356,0.8824625273149412,0.9290594354141157
0.65,0.25,0.05,0.9955197956330103,0.43908981494127286,0.6093958936464804,0.9932055075581551,0.5536951993990713,0.7110128259407082,0.9808586007075181,0.8827911602021306,0.9292446684726696
0.65,0.25,0.1,0.9955380160072471,0.44089089388145314,0.6111317347468495,0.9932082373558424,0.5539192672767004,0.7111982398890889,0.9808683535124452,0.8832499658563234,0.9295031659179028
0.65,0.3,0.0,0.995518321161171,0.4389447043157607,0.6092558502548031,0.9932077695463173,0.5538808556405354,0.7111664584292322,0.9808635917566242,0.8830258979786944,0.9293769385742875
0.65,0.3,0.05,0.9955333886434236,0.4404320882272603,0.6106899592261852,0.9932098482066348,0.5540515740234908,0.711307697365537,0.9808713454033651,0.8833908085222617,0.9295824935861089
0.65,0.35,0.0,0.9955685308633757,0.44681695574979513,0.616807232642336,0.9932162321233384,0.5545765330510789,0.7117418132122443,0.9809479542939654,0.8872319721387599,0.9317393637941526
0.7,0.0,0.0,0.995208181912574,0.4090775232177001,0.5798211811961986,0.9932004321077511,0.5532790733406173,0.710668344174088,0.9808132902367145,0.8806657163343349,0.9280455334574664
0.7,0.0,0.05,0.9952305164270729,0.41100237298552306,0.5817558485493786,0.993201968556711,0.553404978148047,0.7107725914160774,0.9808189885598204,0.8809324638077028,0.9281961746747867
0.7,0.0,0.1,0.9952574490933661,0.41334761677137394,0.5841059422914258,0.9932043890075728,0.5536034382682328,0.7109368791158198,0.9808283720146002,0.8813720636438132,0.9284443390405068
0.7,0.0,0.15,0.9952766220939456,0.41503346080305925,0.5857904668390513,0.9932078994998718,0.5538915255394701,0.7111752867697526,0.9808392471459426,0.8818820848128927,0.928732113922543
0.7,0.0,0.2,0.9952865116611599,0.4159083925157061,0.5866631348119965,0.9932122370936902,0.5542479001638897,0.7114700838780016,0.9808620493466593,0.8829533426659383,0.9293360585777818
0.7,0.0,0.25,0.995295161101228,0.4166766252390057,0.5874284923487001,0.99321905693318,0.5548091368478558,0.7119340718621086,0.9808894580730381,0.8842444004370391,0.9300630158970647
0.7,0.0,0.3,0.9952999526430765,0.41710342119639443,0.5878533329122737,0.9932270521078177,0.5554685366020213,0.712478786883451,0.9809065882085825,0.8850531787762906,0.930517912912374
0.7,0.05,0.0,0.995208181912574,0.4090775232177001,0.5798211811961986,0.9932006144346167,0.5532940111991259,0.7106807133723744,0.9808132902367145,0.8806657163343349,0.9280455334574664
0.7,0.05,0.05,0.9952322163736951,0.4111496175908222,0.5819036271573953,0.9932021508011888,0.5534199160065556,0.710784958614263,0.9808193531372582,0.8809495356459983,0.9282058142711476
0.7,0.05,0.1,0.9952583018247575,0.41342230606391694,0.5841806580788343,0.9932046751834738,0.5536269120458891,0.7109563082252126,0.9808289638664083,0.8813998053810435,0.9284599960436636
0.7,0.05,0.15,0.995277274634411,0.41509107825730673,0.5858479683636375,0.993208211368115,0.5539171332969134,0.7111964742935504,0.9808404749416766,0.8819397022671401,0.928764614338766
0.7,0.05,0.2,0.9952869689542484,0.415948938131658,0.5867035494124446,0.9932126264267824,0.5542799098606938,0.7114965560597324,0.9808635917566242,0.8830258979786944,0.9293769385742875
0.7,0.05,0.25,0.9952953049896273,0.4166894291177274,0.5874412412849074,0.9932194195823163,0.554839012564873,0.7119587614751125,0.9808897295019683,0.8842572043157607,0.9300702204475388
0.7,0.1,0.0,0.9952404770867388,0.4118666347992352,0.5826228048329523,0.9932014738438676,0.5533644325320951,0.7107390221106382,0.9808224970424884,0.8810967802512975,0.9282889485931405
0.7,0.1,0.05,0.9952652098081461,0.4140283563234089,0.584786631863859,0.9932030618770271,0.5534946052990986,0.71084679104631,0.9808289183406435,0.8813976714012565,0.9284587916750495
0.7,0.1,0.1,0.9952903838107582,0.416251963261404,0.5870055222016582,0.9932056115906525,0.553703735318219,0.7110198903066781,0.9808392016690045,0.8818799508331057,0.928730910165551
0.7,0.1,0.15,0.9953086244053185,0.4178780558590549,0.5886237660666835,0.9932091468010299,0.5539939565692433,0.7112600326854239,0.980850564188444,0.8824134457798416,0.9290317652358437
0.7,0.1,0.2,0.9953180005884203,0.4187188438951106,0.5894590429382978,0.9932136644300434,0.5543652690521715,0.7115671432269233,0.9808731128990987,0.8834740337339525,0.9296293635004109
0.7,0.15,0.0,0.9953421947699357,0.42090403919694075,0.5916252980787978,0.9932026454155194,0.5534604616225075,0.7108185255276201,0.9808394290515363,0.8818906207320404,0.9287369289234579
0.7,0.15,0.05,0.9953650465252913,0.42298893744878446,0.5936859319472794,0.9932043369730011,0.5535991703086588,0.71093334648755,0.9808460662427636,0.8822021817809341,0.9289126468394137
0.7,0.15,0.1,0.9953890345947296,0.4251997405080579,0.5958644283721327,0.993206859732178,0.5538061663479924,0.7111046566589168,0.9808567851350197,0.8827058010106529,0.9291965621504081
0.7,0.15,0.15,0.9954061089294691,0.42678742146954385,0.5974247491139267,0.9932106014068399,0.5541134594373122,0.7113588888356197,0.9808677640902649,0.8832222241190931,0.9294875393850652
0.7,0.2,0.0,0.9954164769239907,0.4291476031139033,0.5997351767575854,0.9932027495356808,0.5534689975416552,0.7108255920234932,0.9808484290635112,0.8823131487298552,0.9289752173815355
0.7,0.2,0.05,0.9954372548633147,0.43111086451789127,0.6016534734258945,0.9932045451065068,0.5536162421469544,0.7109474768844579,0.9808562857922007,0.8826823272329964,0.9291833321539729
0.7,0.2,0.1,0.9954598718369868,0.4332683180824911,0.6037554622810812,0.9932070417145044,0.553821104206501,0.7111170174871353,0.9808665851369415,0.8831667406446326,0.929456284950704
0.7,0.25,0.0,0.995519123567668,0.43902366156787764,0.6093320538337599,0.9932036084053176,0.5535394188746244,0.7108838876586788,0.9808522446965959,0.8824924030319585,0.9290762774312982
0.7,0.25,0.05,0.9955386179351413,0.44095064531548755,0.6111892476266958,0.993205559574802,0.5536994673586452,0.7110163581333724,0.9808593722215505,0.8828274378585086,0.9292651123507804
0.7,0.3,0.0,0.9955692260883208,0.44688737708276427,0.6168744614886112,0.9932077695463173,0.5538808556405354,0.7111664584292322,0.9808642267943491,0.8830557736957115,0.9293937706066786
0.75,0.0,0.0,0.9923031639619375,0.48201055039606666,0.6488450722027364,0.9887524133726248,0.6644572862605845,0.7947978354094344,0.9808132902367145,0.8806657163343349,0.9280455334574664
0.75,0.0,0.05,0.9923527177969542,0.48515817058180827,0.6517014973291158,0.9887545202574205,0.6645831910680142,0.7948885817511699,0.9808192164223432,0.8809431337066376,0.9282021994428318
0.75,0.0,0.1,0.9923837345783667,0.4871491737230265,0.6535020797489988,0.988757839677018,0.6647816511882,0.795031594850907,0.980828554126741,0.8813805995629609,0.9284491566286727
0.75,0.0,0.15,0.9924062812883316,0.4886066819175089,0.6548171451042076,0.9887628686093177,0.665082542338159,0.795248356431955,0.9808397019034509,0.8819034246107621,0.928744151343674
0.75,0.0,0.2,0.9924145336150463,0.4891423108440317,0.6552997815819868,0.988768605366463,0.6654261130838569,0.795495768992339,0.9808620493466593,0.8829533426659383,0.9293360585777818
0.75,0.0,0.25,0.9924261091729675,0.48989560570882273,0.6559779634791528,0.9887781773250749,0.6660001536465446,0.795908921086959,0.9808894580730381,0.8842444004370391,0.9300630158970647
0.75,0.05,0.0,0.9923107307439105,0.482488561868342,0.6492796406962085,0.9887528776692863,0.6644850279978148,0.7948178315399607,0.980813518234644,0.8806763862332696,0.928051559919179
0.75,0.05,0.05,0.9923622857342145,0.485770622780661,0.6522558868532198,0.988754984380159,0.6646109328052444,0.794908574870596,0.9808198544086062,0.8809730094236548,0.9282190684330285
0.75,0.05,0.1,0.9923921681018198,0.48769333856869707,0.6539933638290047,0.9887584462408079,0.664817928844578,0.7950577333610653,0.9808294191121644,0.8814211451789129,0.9284720395809027
0.75,0.05,0.15,0.9924144022445056,0.4891337749248839,0.6552920928796464,0.9887635102768516,0.6651209539743239,0.7952760225099543,0.9808411115145561,0.8819695779841573,0.928781465630088
0.75,0.05,0.2,0.9924226041675677,0.4896672698716198,0.655772467856112,0.9887693532073294,0.6654709266593827,0.7955280327042902,0.9808638185606501,0.8830365678776291,0.9293829500751842
0.75,0.1,0.0,0.9924791696179057,0.49337826072111446,0.659104482717825,0.98875494867977,0.6646087988254575,0.7949070369618844,0.9808382920849068,0.8818372712373669,0.9287068344575955
0.75,0.1,0.05,0.992526776916613,0.4965450867249385,0.6619348690339879,0.9887571259887508,0.6647389715924611,0.7950008422105731,0.9808447028117214,0.8821381623873259,0.9288765451240257
0.75,0.1,0.1,0.9925552618831108,0.49845926659382683,0.6636399021510295,0.9887606221957086,0.6649481016115816,0.7951515151515153,0.9808549238157349,0.8826183078393881,0.9291472486838455
0.75,0.1,0.15,0.9925755790794057,0.4998335495766184,0.664861351204821,0.9887657199042137,0.6652532607211145,0.7953713070533861,0.9808664944422061,0.8831624726850588,0.929453880687854
0.75,0.15,0.0,0.992595780227569,0.5020656924337613,0.6668376710338916,0.9887553770694772,0.6646344065829008,0.7949254916073574,0.9808483836301481,0.8823110147500682,0.9289740141708204
0.75,0.15,0.05,0.9926403368251545,0.5051279534280251,0.6695433266861839,0.9887576969466133,0.6647731152690521,0.7950254444484144,0.9808552416275772,0.8826332456978967,0.9291556683777196
0.75,0.15,0.1,0.9926669062283245,0.5069717119639443,0.6711670861973008,0.9887611571375536,0.6649801113083856,0.7951745740113426,0.9808658595549825,0.8831325969680415,0.9294370505455215
0.75,0.2,0.0,0.9927214966759428,0.5108022056815078,0.6745278831779453,0.9887556626444828,0.6646514784211964,0.7949377943903289,0.9808484290635112,0.8823131487298552,0.9289752173815355
0.75,0.2,0.05,0.9927639309790339,0.5138196531002458,0.6771633834545233,0.988758160807178,0.6648008570062824,0.7950454330269586,0.9808565581642404,0.8826951311117182,0.9291905485561917
0.75,0.25,0.0,0.9928224399628283,0.5198097343621961,0.6823585767190136,0.9887592311085581,0.6648648763998908,0.7950915579850224,0.9808522446965959,0.8824924030319585,0.9290762774312982
0.8,0.0,0.0,0.9923031639619375,0.48201055039606666,0.6488450722027364,0.9887524133726248,0.6644572862605845,0.7947978354094344,0.9808160714413017,0.8807958891013384,0.9281190516612344
0.8,0.0,0.05,0.9923706671311618,0.48630838568697077,0.6527422921368912,0.9887545559605299,0.6645853250478011,0.7948901197069858,0.9808222237003392,0.8810839763725759,0.9282817200336346
0.8,0.0,0.1,0.9923978790429658,0.4880625170718383,0.6543264622999126,0.988757839677018,0.6647816511882,0.795031594850907,0.9808314219366604,0.8815150402895384,0.9285250279286915
0.8,0.0,0.15,0.9924155187490801,0.48920633023764,0.655357444047078,0.9887628686093177,0.665082542338159,0.795248356431955,0.9808424754568689,0.8820335973777657,0.9288175737548721
0.8,0.0,0.2,0.9924247992701519,0.489810246517345,0.6559011500395063,0.988768605366463,0.6654261130838569,0.795495768992339,0.9808648164344987,0.8830835154329418,0.9294093998771479
0.8,0.05,0.0,0.9925555470718486,0.4993320643266867,0.664413065021282,0.9887532347944814,0.6645063677956843,0.7948332127273169,0.9808172566277056,0.8808513725757989,0.9281503842240473
0.8,0.05,0.05,0.9926141337283685,0.503322606528271,0.6679495457531889,0.9887553770694772,0.6646344065829008,0.7949254916073574,0.9808238180863724,0.8811586656651188,0.928323885256166
0.8,0.05,0.1,0.9926395651681577,0.5050746039333516,0.6694962838291765,0.9887588030124631,0.6648392686424475,0.7950731084255562,0.9808331968176411,0.8815982655012292,0.9285719904922989
0.8,0.05,0.15,0.9926553672316384,0.5061693355640535,0.6704609374779171,0.9887639023709371,0.6651444277519803,0.7952929289321063,0.9808448391635604,0.8821445643266868,0.9288801554050788
0.8,0.1,0.0,0.9925629920926172,0.49983568355640534,0.6648604152769695,0.9887550200803212,0.6646130667850314,0.7949101127753821,0.9808411115145561,0.8819695779841573,0.928781465630088
0.8,0.1,0.05,0.9926229198105079,0.503926522807976,0.66848311481698,0.9887572330477675,0.664745373531822,0.7950054552066917,0.9808477475404314,0.882281139033051,0.9289571689369471
0.8,0.1,0.1,0.9926474592887098,0.5056209027588091,0.6699778453586238,0.9887606935242302,0.6649523695711554,0.7951545897171555,0.9808577383535236,0.8827506145861787,0.9292218185085557
0.8,0.15,0.0,0.9928234929742771,0.5198865576345261,0.6824250131654136,0.9887553770694772,0.6646344065829008,0.7949254916073574,0.9808511546708666,0.8824411875170718,0.9290474050775106
0.8,0.15,0.05,0.9928745417614165,0.5236380940999726,0.6856611945511701,0.9887577683122687,0.664777383228626,0.7950285196575088,0.9808582830071915,0.882776222343622,0.9292362501782993
0.8,0.2,0.0,0.9929204178035266,0.5288514067194755,0.6901262741941997,0.9887556983403385,0.6646536124009833,0.7949393322205376,0.9808512000910831,0.8824433214968588,0.9290486081233338
0.85,0.0,0.0,0.9927908108395455,0.5181004165528544,0.6808767213951487,0.9887526633832827,0.6644722241190931,0.7948086026390923,0.9808160714413017,0.8807958891013384,0.9281190516612344
0.85,0.0,0.05,0.9928103908814714,0.5195216470909587,0.6821074692185598,0.9887547701744249,0.6645981289265228,0.7948993473594473,0.9808225425987557,0.8810989142310844,0.9282901533435779
0.85,0.0,0.1,0.9928348479183262,0.5213077881726305,0.6836509668933478,0.9887581251269552,0.6647987230264955,0.7950438954675377,0.9808319680888952,0.8815406480469817,0.9285394783867437
0.85,0.0,0.15,0.9928467094051773,0.5221784519257033,0.6844020428826348,0.9887630825066384,0.6650953462168806,0.7952575785991408,0.9808424754568689,0.8820335973777657,0.9288175737548721
0.85,0.05,0.0,0.9927908108395455,0.5181004165528544,0.6808767213951487,0.9887534133485744,0.664517037694619,0.7948409031737685,0.9808214036271374,0.8810455647364108,0.9282600337700354
0.85,0.05,0.05,0.9928115927846821,0.5196091402622235,0.6821831609382181,0.9887555198587932,0.6646429425020486,0.7949316430302434,0.9808283720146002,0.8813720636438132,0.9284443390405068
0.85,0.05,0.1,0.9928355176267398,0.5213568697077301,0.683693329769982,0.9887590170645865,0.6648520725211691,0.7950823332759138,0.9808377462929952,0.8818116634799236,0.9286923885133807
0.85,0.1,0.0,0.9928285523682455,0.5208468485386506,0.6832529911371639,0.9887554127671463,0.6646365405626878,0.7949270294689664,0.9808422026839426,0.8820207934990439,0.928810352324655
0.85,0.1,0.05,0.9928496106424399,0.5223918499043977,0.6845859993735738,0.988757625580052,0.6647688473094783,0.7950223692236233,0.9808491105380894,0.8823451584266594,0.9289932652178554
0.85,0.15,0.0,0.9930389683979396,0.538531139033051,0.6983453178680489,0.9887556626444828,0.6646514784211964,0.7949377943903289,0.9808511546708666,0.8824411875170718,0.9290474050775106
0.9,0.0,0.0,0.9927908108395455,0.5181004165528544,0.6808767213951487,0.9808080447883607,0.8804203086588364,0.9279069061335751,0.9808208049370868,0.8811266559683146,0.9283047713259552
0.9,0.0,0.05,0.9928265389576306,0.5206996039333516,0.6831258092738408,0.9808107362896479,0.880546213466266,0.9279780324565506,0.9808276363187352,0.8814467529363562,0.9284854479142665
0.9,0.0,0.1,0.9928448223381157,0.522039743239552,0.6842824435701669,0.9808150228850897,0.8807468075662387,0.9280913328671044,0.9808371466003379,0.8818927547118274,0.9287370890752678
0.9,0.05,0.0,0.9927972022257994,0.5185634901666212,0.6812779832177791,0.9808110555702133,0.8805611513247746,0.9279864705465642,0.9808283647122237,0.8814808966129473,0.9285047164880961
0.9,0.05,0.05,0.9928339450697298,0.5212416347992351,0.6835938647885826,0.9808137918250069,0.8806891901119912,0.9280587915837905,0.9808356910924179,0.8818244673586452,0.9286985679482915
0.9,0.1,0.0,0.9930389410061071,0.5385290050532642,0.6983435168581613,0.9808118765285968,0.8805995629609397,0.9280081678823663,0.9808558665364151,0.8827719543840481,0.9292328012615179
0.95,0.0,0.0,0.9927908108395455,0.5181004165528544,0.6808767213951487,0.9808094134426814,0.8804843280524447,0.9279430732399023,0.9808208049370868,0.8811266559683146,0.9283047713259552
0.95,0.0,0.05,0.9928432538635469,0.5219245083310571,0.6841830676034235,0.9808121501657813,0.8806123668396613,0.9280154001324573,0.9808279094727794,0.8814595568150778,0.9284926737106641
0.95,0.05,0.0,0.9930389410061071,0.5385290050532642,0.6983435168581613,0.9808120133481646,0.8806059649003005,0.92801178401961,0.9808315507830955,0.8816302751980333,0.9285890083511178
1.0,0.0,0.0,0.9932004060602578,0.5532769393608303,0.7106665771263875,0.9808094134426814,0.8804843280524447,0.9279430732399023,0.9808208049370868,0.8811266559683146,0.9283047713259552
